[
  {
    "id": "1",
    "favorite": true,
    "accountNumber": "883301000041382",
    "accountActive": true,
    "accountStatus": "Active",
    "accountCurrency": "IDR",
    "accountBalance": "1000000000",
    "accountInterest": "12756",
    "accountInterestDate": "02 Aug 2021",
    "accountMaturityDate": "08 Aug 2021",
    "accountDisbursementDate": "09 Feb 2021",
    "to": "/accounts/loan/detail"
  },
  {
    "id": "2",
    "favorite": true,
    "accountNumber": "883301000041383",
    "accountActive": true,
    "accountStatus": "Active",
    "accountCurrency": "IDR",
    "accountBalance": "1000000000",
    "accountInterest": "22756",
    "accountInterestDate": "22 Aug 2021",
    "accountMaturityDate": "28 Aug 2021",
    "accountDisbursementDate": "29 Feb 2021",
    "to": "/accounts/loan/detail"
  },
  {
    "id": "3",
    "favorite": true,
    "accountNumber": "883301000041391",
    "accountActive": true,
    "accountStatus": "Active",
    "accountCurrency": "IDR",
    "accountBalance": "500000000",
    "accountInterest": "87756",
    "accountInterestDate": "12 Aug 2021",
    "accountMaturityDate": "18 Aug 2021",
    "accountDisbursementDate": "19 Feb 2021",
    "to": "/accounts/loan/detail"
  },
  {
    "id": "4",
    "favorite": true,
    "accountNumber": "883301000041453",
    "accountActive": true,
    "accountStatus": "Active",
    "accountCurrency": "IDR",
    "accountBalance": "1000000000",
    "accountInterest": "34756",
    "accountInterestDate": "21 Aug 2021",
    "accountMaturityDate": "12 Aug 2021",
    "accountDisbursementDate": "12 Feb 2021",
    "to": "/accounts/loan/detail"
  },
  {
    "id": "5",
    "favorite": false,
    "accountNumber": "883301000041213",
    "accountActive": true,
    "accountStatus": "Active",
    "accountCurrency": "IDR",
    "accountBalance": "1000000000",
    "accountInterest": "43756",
    "accountInterestDate": "18 Aug 2021",
    "accountMaturityDate": "28 Aug 2021",
    "accountDisbursementDate": "19 Feb 2021",
    "to": "/accounts/loan/detail"
  },
  {
    "id": "6",
    "favorite": false,
    "accountNumber": "883301000041313",
    "accountActive": true,
    "accountStatus": "Active",
    "accountCurrency": "IDR",
    "accountBalance": "1200000000",
    "accountInterest": "39856",
    "accountInterestDate": "12 Aug 2021",
    "accountMaturityDate": "18 Aug 2021",
    "accountDisbursementDate": "19 Feb 2021",
    "to": "/accounts/loan/detail"
  },
  {
    "id": "7",
    "favorite": false,
    "accountNumber": "883301000041382",
    "accountActive": true,
    "accountStatus": "Active",
    "accountCurrency": "IDR",
    "accountBalance": "1000000000",
    "accountInterest": "12756",
    "accountInterestDate": "22 Aug 2021",
    "accountMaturityDate": "25 Aug 2021",
    "accountDisbursementDate": "29 Feb 2021",
    "to": "/accounts/loan/detail"
  },
  {
    "id": "8",
    "favorite": false,
    "accountNumber": "883301000041382",
    "accountActive": false,
    "accountStatus": "PaidOff",
    "accountCurrency": "IDR",
    "accountBalance": "1000000000",
    "accountInterest": "12756",
    "accountInterestDate": "12 Aug 2021",
    "accountMaturityDate": "28 Aug 2021",
    "accountDisbursementDate": "19 Feb 2021",
    "to": "/accounts/loan/detail"
  },
  {
    "id": "9",
    "favorite": false,
    "accountNumber": "883301000041382",
    "accountActive": true,
    "accountStatus": "Active",
    "accountCurrency": "IDR",
    "accountBalance": "1000000000",
    "accountInterest": "12756",
    "accountInterestDate": "12 Aug 2021",
    "accountMaturityDate": "28 Aug 2021",
    "accountDisbursementDate": "15 Feb 2021",
    "to": "/accounts/loan/detail"
  },
  {
    "id": "10",
    "favorite": false,
    "accountNumber": "883301000041382",
    "accountActive": true,
    "accountStatus": "Active",
    "accountCurrency": "IDR",
    "accountBalance": "1000000000",
    "accountInterest": "24756",
    "accountInterestDate": "21 Aug 2021",
    "accountMaturityDate": "18 Aug 2021",
    "accountDisbursementDate": "19 Feb 2021",
    "to": "/accounts/loan/detail"
  },
  {
    "id": "11",
    "favorite": false,
    "accountNumber": "883301000041312",
    "accountActive": true,
    "accountStatus": "Active",
    "accountCurrency": "IDR",
    "accountBalance": "1000000000",
    "accountInterest": "12756",
    "accountInterestDate": "02 Aug 2021",
    "accountMaturityDate": "08 Aug 2021",
    "accountDisbursementDate": "09 Feb 2021",
    "to": "/accounts/loan/detail"
  },
  {
    "id": "12",
    "favorite": false,
    "accountNumber": "883301000041323",
    "accountActive": true,
    "accountStatus": "Active",
    "accountCurrency": "IDR",
    "accountBalance": "1000000000",
    "accountInterest": "12756",
    "accountInterestDate": "02 Aug 2021",
    "accountMaturityDate": "08 Aug 2021",
    "accountDisbursementDate": "09 Feb 2021",
    "to": "/accounts/loan/detail"
  },
  {
    "id": "13",
    "favorite": false,
    "accountNumber": "883301000041323",
    "accountActive": true,
    "accountStatus": "Active",
    "accountCurrency": "IDR",
    "accountBalance": "1000000000",
    "accountInterest": "12756",
    "accountInterestDate": "02 Aug 2021",
    "accountMaturityDate": "08 Aug 2021",
    "accountDisbursementDate": "09 Feb 2021",
    "to": "/accounts/loan/detail"
  },
  {
    "id": "14",
    "favorite": false,
    "accountNumber": "883301000041390",
    "accountActive": true,
    "accountStatus": "Active",
    "accountCurrency": "IDR",
    "accountBalance": "1000000000",
    "accountInterest": "12756",
    "accountInterestDate": "02 Aug 2021",
    "accountMaturityDate": "08 Aug 2021",
    "accountDisbursementDate": "09 Feb 2021",
    "to": "/accounts/loan/detail"
  },
  {
    "id": "15",
    "favorite": false,
    "accountNumber": "883301000041323",
    "accountActive": true,
    "accountStatus": "Active",
    "accountCurrency": "IDR",
    "accountBalance": "1000000000",
    "accountInterest": "12756",
    "accountInterestDate": "02 Aug 2021",
    "accountMaturityDate": "08 Aug 2021",
    "accountDisbursementDate": "09 Feb 2021",
    "to": "/accounts/loan/detail"
  },
  {
    "id": "16",
    "favorite": false,
    "accountNumber": "883301000041368",
    "accountActive": true,
    "accountStatus": "Active",
    "accountCurrency": "IDR",
    "accountBalance": "1000000000",
    "accountInterest": "12756",
    "accountInterestDate": "02 Aug 2021",
    "accountMaturityDate": "08 Aug 2021",
    "accountDisbursementDate": "09 Feb 2021",
    "to": "/accounts/loan/detail"
  },
  {
    "id": "17",
    "favorite": false,
    "accountNumber": "883301000041339",
    "accountActive": true,
    "accountStatus": "Active",
    "accountCurrency": "IDR",
    "accountBalance": "1000000000",
    "accountInterest": "12756",
    "accountInterestDate": "02 Aug 2021",
    "accountMaturityDate": "08 Aug 2021",
    "accountDisbursementDate": "09 Feb 2021",
    "to": "/accounts/loan/detail"
  },
  {
    "id": "18",
    "favorite": false,
    "accountNumber": "883301000041386",
    "accountActive": true,
    "accountStatus": "Active",
    "accountCurrency": "IDR",
    "accountBalance": "1000000000",
    "accountInterest": "12756",
    "accountInterestDate": "02 Aug 2021",
    "accountMaturityDate": "08 Aug 2021",
    "accountDisbursementDate": "09 Feb 2021",
    "to": "/accounts/loan/detail"
  },
  {
    "id": "19",
    "favorite": false,
    "accountNumber": "883301000041339",
    "accountActive": true,
    "accountStatus": "Active",
    "accountCurrency": "IDR",
    "accountBalance": "1500000000",
    "accountInterest": "12756",
    "accountInterestDate": "02 Aug 2021",
    "accountMaturityDate": "08 Aug 2021",
    "accountDisbursementDate": "09 Feb 2021",
    "to": "/accounts/loan/detail"
  },
  {
    "id": "20",
    "favorite": false,
    "accountNumber": "883301000041340",
    "accountActive": true,
    "accountStatus": "Active",
    "accountCurrency": "IDR",
    "accountBalance": "1500000000",
    "accountInterest": "12756",
    "accountInterestDate": "02 Aug 2021",
    "accountMaturityDate": "08 Aug 2021",
    "accountDisbursementDate": "09 Feb 2021",
    "to": "/accounts/loan/detail"
  },
  {
    "id": "21",
    "favorite": false,
    "accountNumber": "883301000041321",
    "accountActive": true,
    "accountStatus": "Active",
    "accountCurrency": "IDR",
    "accountBalance": "1000000000",
    "accountInterest": "12756",
    "accountInterestDate": "02 Aug 2021",
    "accountMaturityDate": "08 Aug 2021",
    "accountDisbursementDate": "09 Feb 2021",
    "to": "/accounts/loan/detail"
  },
  {
    "id": "22",
    "favorite": false,
    "accountNumber": "883301000041320",
    "accountActive": true,
    "accountStatus": "Active",
    "accountCurrency": "IDR",
    "accountBalance": "1000000000",
    "accountInterest": "13256",
    "accountInterestDate": "28 Aug 2021",
    "accountMaturityDate": "18 Aug 2021",
    "accountDisbursementDate": "19 Feb 2021",
    "to": "/accounts/loan/detail"
  },
  {
    "id": "23",
    "favorite": false,
    "accountNumber": "883301000041329",
    "accountActive": true,
    "accountStatus": "Active",
    "accountCurrency": "IDR",
    "accountBalance": "1000000000",
    "accountInterest": "12756",
    "accountInterestDate": "21 Aug 2021",
    "accountMaturityDate": "10 Aug 2021",
    "accountDisbursementDate": "19 Feb 2021",
    "to": "/accounts/loan/detail"
  },
  {
    "id": "24",
    "favorite": false,
    "accountNumber": "883301000041320",
    "accountActive": true,
    "accountStatus": "Active",
    "accountCurrency": "IDR",
    "accountBalance": "1000000000",
    "accountInterest": "16556",
    "accountInterestDate": "22 Aug 2021",
    "accountMaturityDate": "18 Aug 2021",
    "accountDisbursementDate": "01 Feb 2021",
    "to": "/accounts/loan/detail"
  },
  {
    "id": "25",
    "favorite": false,
    "accountNumber": "883301000041358",
    "accountActive": true,
    "accountStatus": "Active",
    "accountCurrency": "IDR",
    "accountBalance": "1000000000",
    "accountInterest": "12756",
    "accountInterestDate": "12 Aug 2021",
    "accountMaturityDate": "28 Aug 2021",
    "accountDisbursementDate": "19 Feb 2021",
    "to": "/accounts/loan/detail"
  },
  {
    "id": "26",
    "favorite": false,
    "accountNumber": "883301000041330",
    "accountActive": true,
    "accountStatus": "Active",
    "accountCurrency": "IDR",
    "accountBalance": "1000000000",
    "accountInterest": "22756",
    "accountInterestDate": "02 Aug 2021",
    "accountMaturityDate": "08 Aug 2021",
    "accountDisbursementDate": "09 Feb 2021",
    "to": "/accounts/loan/detail"
  },
  {
    "id": "27",
    "favorite": false,
    "accountNumber": "883301000041390",
    "accountActive": true,
    "accountStatus": "Active",
    "accountCurrency": "IDR",
    "accountBalance": "1000000000",
    "accountInterest": "12756",
    "accountInterestDate": "21 Aug 2021",
    "accountMaturityDate": "28 Aug 2021",
    "accountDisbursementDate": "01 Feb 2021",
    "to": "/accounts/loan/detail"
  },
  {
    "id": "28",
    "favorite": false,
    "accountNumber": "883301000041399",
    "accountActive": true,
    "accountStatus": "Active",
    "accountCurrency": "IDR",
    "accountBalance": "1000000000",
    "accountInterest": "66756",
    "accountInterestDate": "12 Aug 2021",
    "accountMaturityDate": "28 Aug 2021",
    "accountDisbursementDate": "19 Feb 2021",
    "to": "/accounts/loan/detail"
  },
  {
    "id": "29",
    "favorite": false,
    "accountNumber": "883301000041329",
    "accountActive": true,
    "accountStatus": "Active",
    "accountCurrency": "IDR",
    "accountBalance": "1000000000",
    "accountInterest": "12576",
    "accountInterestDate": "21 Aug 2021",
    "accountMaturityDate": "28 Aug 2021",
    "accountDisbursementDate": "12 Feb 2021",
    "to": "/accounts/loan/detail"
  },
  {
    "id": "30",
    "favorite": false,
    "accountNumber": "883301000041309",
    "accountActive": true,
    "accountStatus": "Active",
    "accountCurrency": "IDR",
    "accountBalance": "1000000000",
    "accountInterest": "12756",
    "accountInterestDate": "02 Aug 2021",
    "accountMaturityDate": "08 Aug 2021",
    "accountDisbursementDate": "09 Feb 2021",
    "to": "/accounts/loan/detail"
  },
  {
    "id": "31",
    "favorite": false,
    "accountNumber": "883301000041358",
    "accountActive": true,
    "accountStatus": "Active",
    "accountCurrency": "IDR",
    "accountBalance": "1000000000",
    "accountInterest": "44756",
    "accountInterestDate": "02 Aug 2021",
    "accountMaturityDate": "08 Aug 2021",
    "accountDisbursementDate": "09 Feb 2021",
    "to": "/accounts/loan/detail"
  },
  {
    "id": "32",
    "favorite": false,
    "accountNumber": "883301000041330",
    "accountActive": true,
    "accountStatus": "Active",
    "accountCurrency": "IDR",
    "accountBalance": "1000000000",
    "accountInterest": "12756",
    "accountInterestDate": "04 Aug 2021",
    "accountMaturityDate": "17 Aug 2021",
    "accountDisbursementDate": "08 Feb 2021",
    "to": "/accounts/loan/detail"
  },
  {
    "id": "33",
    "favorite": false,
    "accountNumber": "883301000041344",
    "accountActive": true,
    "accountStatus": "Active",
    "accountCurrency": "IDR",
    "accountBalance": "1000000000",
    "accountInterest": "64732",
    "accountInterestDate": "02 Aug 2021",
    "accountMaturityDate": "16 Aug 2021",
    "accountDisbursementDate": "14 Feb 2021",
    "to": "/accounts/loan/detail"
  }
]
