[
  {
    "id": 1,
    "status": true,
    "linkTo": "",
    "label": "Status",
    "description": "Current",
    "amount": ""
  },
  {
    "id": 2,
    "status": false,
    "linkTo": "",
    "label": "outstandingBalance",
    "description": "",
    "amount": "221225847"
  },
  {
    "id": 3,
    "status": false,
    "linkTo": "",
    "label": "Tenor",
    "description": "13 Months",
    "amount": ""
  },
  {
    "id": 4,
    "status": false,
    "linkTo": "",
    "label": "InterestInAdvanceAmount",
    "description": "",
    "amount": "19560298"
  },
  {
    "id": 5,
    "status": false,
    "linkTo": "",
    "label": "DisbursementDate",
    "description": "23 Dec 2019",
    "amount": ""
  },
  {
    "id": 6,
    "status": false,
    "linkTo": "",
    "label": "MaturityDate",
    "description": "18 Jan 2021",
    "amount": ""
  },
  {
    "id": 7,
    "status": false,
    "linkTo": "",
    "label": "InterestRate",
    "description": "8,12%",
    "amount": ""
  },
  {
    "id": 8,
    "status": false,
    "linkTo": "",
    "label": "PenaltyAmount",
    "description": "-",
    "amount": ""
  },
  {
    "id": 9,
    "status": false,
    "linkTo": "",
    "label": "NetAmount",
    "description": "",
    "amount": "201665549"
  },
  {
    "id": 10,
    "status": false,
    "linkTo": "",
    "label": "DisbursementAmount",
    "description": "0070-2314-992",
    "amount": ""
  },
  {
    "id": 11,
    "status": false,
    "linkTo": "",
    "label": "SellerName",
    "description": "PT DIAMETR INV",
    "amount": ""
  },
  {
    "id": 12,
    "status": false,
    "linkTo": "",
    "label": "BuyerName",
    "description": "SEJAHTERA ANUGERAH",
    "amount": ""
  },
  {
    "id": 13,
    "status": false,
    "linkTo": "",
    "label": "AccountName",
    "description": "SEJAHTERA ANUGERAH",
    "amount": ""
  },
  {
    "id": 14,
    "status": false,
    "linkTo": "",
    "label": "Product",
    "description": "Receivable Services Without Recourse NR",
    "amount": ""
  },
  {
    "id": 15,
    "status": false,
    "linkTo": "",
    "label": "facilityNumber",
    "description": "0008-87ON-0000-02",
    "amount": ""
  },
  {
    "id": 17,
    "status": false,
    "linkTo": "",
    "label": "LimitType",
    "description": "Standalone",
    "amount": ""
  },
  {
    "id": 18,
    "status": false,
    "linkTo": "",
    "label": "FacilityLimit",
    "description": "",
    "amount": "2000000000000"
  },
  {
    "id": 19,
    "status": false,
    "linkTo": "",
    "label": "TotalOutStandingBalance",
    "description": "",
    "amount": "4592432158"
  },
  {
    "id": 20,
    "status": false,
    "linkTo": "",
    "label": "TotalAvailableLimit",
    "description": "",
    "amount": "15407567842"
  },
  {
    "id": 21,
    "status": false,
    "linkTo": "",
    "label": "FacilityHoldAmount",
    "description": "-",
    "amount": ""
  },
  {
    "id": 22,
    "status": false,
    "linkTo": "",
    "label": "FacilityExpiryDate",
    "description": "20 Nov 2021",
    "amount": ""
  },
  {
    "id": 23,
    "status": false,
    "linkTo": "",
    "label": "CollectibilityStatus",
    "description": "1 - Current",
    "amount": ""
  },
  {
    "id": 24,
    "status": false,
    "linkTo": "",
    "label": "Branch",
    "description": "Sudirman JKT",
    "amount": ""
  }
]
