[
  {
    "id": 1,
    "status": true,
    "linkTo": "",
    "label": "Status",
    "description": "Current",
    "amount": ""
  },
  {
    "id": 2,
    "status": false,
    "linkTo": "",
    "label": "outstandingBalance",
    "description": "",
    "amount": "901035972"
  },
  {
    "id": 3,
    "status": false,
    "linkTo": "",
    "label": "Tenor",
    "description": "3 Months",
    "amount": ""
  },
  {
    "id": 4,
    "status": false,
    "linkTo": "",
    "label": "InterestInAdvanceAmount",
    "description": "",
    "amount": "19710162"
  },
  {
    "id": 5,
    "status": false,
    "linkTo": "",
    "label": "DisbursementDate",
    "description": "11 Aug 2021",
    "amount": ""
  },
  {
    "id": 6,
    "status": false,
    "linkTo": "",
    "label": "MaturityDate",
    "description": "09 Sept 2021",
    "amount": ""
  },
  {
    "id": 7,
    "status": false,
    "linkTo": "",
    "label": "InterestRate",
    "description": "8,75%",
    "amount": ""
  },
  {
    "id": 8,
    "status": false,
    "linkTo": "",
    "label": "PenaltyAmount",
    "description": "-",
    "amount": ""
  },
  {
    "id": 9,
    "status": false,
    "linkTo": "",
    "label": "NetAmount",
    "description": "881295810",
    "amount": ""
  },
  {
    "id": 10,
    "status": false,
    "linkTo": "",
    "label": "SupplierAccountNumber",
    "description": "3308-8121-20",
    "amount": ""
  },
  {
    "id": 11,
    "status": false,
    "linkTo": "",
    "label": "SupplierName",
    "description": "PT GRECO JAYA BERSAMA",
    "amount": ""
  },
  {
    "id": 12,
    "status": false,
    "linkTo": "",
    "label": "SupplierBankName",
    "description": "BCA",
    "amount": ""
  },
  {
    "id": 13,
    "status": false,
    "linkTo": "",
    "label": "AccountName",
    "description": "PT DIAMETR INV",
    "amount": ""
  },
  {
    "id": 14,
    "status": false,
    "linkTo": "",
    "label": "Product",
    "description": "Payable Services",
    "amount": ""
  },
  {
    "id": 15,
    "status": false,
    "linkTo": "",
    "label": "facilityNumber",
    "description": "0008-87PS-0000-04",
    "amount": ""
  },
  {
    "id": 17,
    "status": false,
    "linkTo": "",
    "label": "LimitType",
    "description": "Standalone",
    "amount": ""
  },
  {
    "id": 18,
    "status": false,
    "linkTo": "",
    "label": "FacilityLimit",
    "description": "",
    "amount": "300000000000"
  },
  {
    "id": 19,
    "status": false,
    "linkTo": "",
    "label": "TotalOutStandingBalance",
    "description": "",
    "amount": "45246488178"
  },
  {
    "id": 20,
    "status": false,
    "linkTo": "",
    "label": "TotalAvailableLimit",
    "description": "",
    "amount": "254753511822"
  },
  {
    "id": 17,
    "status": false,
    "linkTo": "",
    "label": "FacilityHoldAmount",
    "description": "-",
    "amount": ""
  },
  {
    "id": 17,
    "status": false,
    "linkTo": "",
    "label": "FacilityExpiryDate",
    "description": "20 Nov 2021",
    "amount": ""
  },
  {
    "id": 17,
    "status": false,
    "linkTo": "",
    "label": "CollectibilityStatus",
    "description": "1 - Current",
    "amount": ""
  },
  {
    "id": 17,
    "status": false,
    "linkTo": "",
    "label": "Branch",
    "description": "Sudirman JKT",
    "amount": ""
  }
]
