[
  {
    "id": "1",
    "variant": "casa",
    "favorite": true,
    "accountNumber": "008014395901",
    "accountName": "PT Toyota Motor Manufacturing Indonesia",
    "accountProductInfo": "Current Account",
    "accountInterestRate": "",
    "accountPlacementDate": "",
    "accountMaturityDate": "",
    "accountCurrency": "IDR",
    "accountBalance": "385000000000"
  },
  {
    "id": "2",
    "variant": "time-deposit",
    "favorite": false,
    "accountNumber": "008014395901",
    "accountName": "PT Toyota Motor Manufacturing Indonesia",
    "accountProductInfo": "",
    "accountInterestRate": "3.25%",
    "accountPlacementDate": "24 Jun 2021",
    "accountMaturityDate": "24 Jul 2021",
    "accountCurrency": "USD",
    "accountBalance": "385000000000"
  },
  {
    "id": "3",
    "variant": "loan",
    "favorite": true,
    "accountNumber": "008014395901",
    "accountName": "PT Toyota Motor Manufacturing Indonesia",
    "accountProductInfo": "Standalone",
    "accountInterestRate": "",
    "accountPlacementDate": "",
    "accountMaturityDate": "",
    "accountCurrency": "GBP",
    "accountBalance": "160000000",
    "amountLoan": "330000000"
  }
]
