[
  {
    "id": 1,
    "status": false,
    "label": "OriginalAmount",
    "description": "",
    "amount": "300000000000"
  },
  {
    "id": 2,
    "status": false,
    "label": "Tenor",
    "description": "1 Month",
    "amount": ""
  },
  {
    "id": 3,
    "status": false,
    "label": "InterestRate",
    "description": "3.25%",
    "amount": ""
  },
  {
    "id": 4,
    "status": false,
    "label": "PlacementDate",
    "description": "24 Jun 2021",
    "amount": ""
  },
  {
    "id": 5,
    "status": false,
    "label": "MaturityDate",
    "description": "24 Jul 2021",
    "amount": ""
  },
  {
    "id": 6,
    "status": false,
    "label": "AutoRollOver",
    "description": "Yes",
    "amount": ""
  },
  {
    "id": 7,
    "status": false,
    "label": "AccruedInterestAmountGross",
    "description": "",
    "amount": "85000000000"
  },
  {
    "id": 7,
    "status": false,
    "label": "PrincipalAmount",
    "description": "",
    "amount": "385000000000"
  },
  {
    "id": 8,
    "status": false,
    "label": "AmountAtMaturityGross",
    "description": "",
    "amount": "395000000000"
  },
  {
    "id": 9,
    "status": false,
    "label": "AccountName",
    "description": "PT Toyota Motor Manufacturing Indonesia",
    "amount": ""
  },
  {
    "id": 10,
    "status": false,
    "label": "Product",
    "description": "Time Deposit",
    "amount": ""
  },
  {
    "id": 11,
    "status": false,
    "label": "SubProduct",
    "description": "HZ - Deposito",
    "amount": ""
  },
  {
    "id": 12,
    "status": false,
    "label": "SourceAccountNumber",
    "description": "0012-5678-9090",
    "amount": "",
    "subDescription": "PermataBank"
  },
  {
    "id": 13,
    "status": false,
    "label": "InterestTransferTo",
    "description": "0098-5678-9090",
    "amount": "",
    "subDescription": "Bank Mandiri"
  },
  {
    "id": 14,
    "status": false,
    "label": "AtMaturityTransferTo",
    "description": "0012-5678-9090",
    "amount": "",
    "subDescription": "Bank Central Asia"
  },
  {
    "id": 15,
    "status": false,
    "label": "InterestAccumulatedToPrincipal",
    "description": "Yes",
    "amount": ""
  },
  {
    "id": 16,
    "status": false,
    "label": "InterestPaymentType",
    "description": "At Maturity",
    "amount": ""
  },
  {
    "id": 17,
    "status": false,
    "label": "ChannelBranch",
    "description": "Melawai JKT",
    "amount": ""
  }
]
