[
  {
    "id": 1,
    "status": true,
    "linkTo": "",
    "label": "Status",
    "description": "Current",
    "amount": ""
  },
  {
    "id": 2,
    "status": false,
    "linkTo": "",
    "label": "outstandingBalance",
    "description": "",
    "amount": "6381502"
  },
  {
    "id": 3,
    "status": false,
    "linkTo": "",
    "label": "Tenor",
    "description": "28 Months",
    "amount": ""
  },
  {
    "id": 4,
    "status": false,
    "linkTo": "",
    "label": "AccruedInterestAmount",
    "description": "",
    "amount": "10635"
  },
  {
    "id": 5,
    "status": false,
    "linkTo": "",
    "label": "InstallmentDate",
    "description": "11 Jul 2021",
    "amount": ""
  },
  {
    "id": 6,
    "status": false,
    "linkTo": "",
    "label": "MaturityDate",
    "description": "11 Oct 2021",
    "amount": ""
  },
  {
    "id": 7,
    "status": false,
    "linkTo": "",
    "label": "InterestRate",
    "description": "9,98%",
    "amount": ""
  },
  {
    "id": 8,
    "status": false,
    "linkTo": "",
    "label": "PenaltyAmount",
    "description": "-",
    "amount": ""
  },
  {
    "id": 9,
    "status": false,
    "linkTo": "",
    "label": "SettlementAccount",
    "description": "9752-7029-7",
    "amount": ""
  },
  {
    "id": 10,
    "status": false,
    "linkTo": "",
    "label": "InstallmentAmount",
    "description": "",
    "amount": "6445325"
  },
  {
    "id": 11,
    "status": false,
    "linkTo": "",
    "label": "GracePeriodDate",
    "description": "-",
    "amount": ""
  },
  {
    "id": 12,
    "status": false,
    "linkTo": "",
    "label": "AvailabilityPeriodDate",
    "description": "11 Oct 2021",
    "amount": ""
  },
  {
    "id": 13,
    "status": false,
    "linkTo": "",
    "label": "DisbursementAmount",
    "description": "",
    "amount": "156727374"
  },
  {
    "id": 14,
    "status": false,
    "linkTo": "",
    "label": "DisbursementDate",
    "description": "11 Jun 2019",
    "amount": ""
  },
  {
    "id": 15,
    "status": false,
    "linkTo": "",
    "label": "DisbursementAccount",
    "description": "9752-7099-8",
    "amount": ""
  },
  {
    "id": 16,
    "status": false,
    "linkTo": "",
    "label": "EndUserName",
    "description": "Mikael Gunadi",
    "amount": ""
  },
  {
    "id": 17,
    "status": false,
    "linkTo": "",
    "label": "AccountName",
    "description": "PT DIAMETR INV",
    "amount": ""
  },
  {
    "id": 18,
    "status": false,
    "linkTo": "",
    "label": "Product",
    "description": "Receivable Financing",
    "amount": ""
  },
  {
    "id": 19,
    "status": false,
    "linkTo": "",
    "label": "facilityNumber",
    "description": "0084-6RCF-0000-36",
    "amount": ""
  },
  {
    "id": 20,
    "status": false,
    "linkTo": "",
    "label": "LimitType",
    "description": "Standalone",
    "amount": ""
  },
  {
    "id": 21,
    "status": false,
    "linkTo": "",
    "label": "FacilityLimit",
    "description": "",
    "amount": "40000000000"
  },
  {
    "id": 22,
    "status": false,
    "linkTo": "",
    "label": "TotalOutStandingBalance",
    "description": "",
    "amount": "35662796754"
  },
  {
    "id": 23,
    "status": false,
    "linkTo": "",
    "label": "TotalAvailableLimit",
    "description": "",
    "amount": " 4337203246"
  },
  {
    "id": 24,
    "status": false,
    "linkTo": "",
    "label": "FacilityHoldAmount",
    "description": "-",
    "amount": ""
  },
  {
    "id": 25,
    "status": false,
    "linkTo": "",
    "label": "FacilityExpiryDate",
    "description": "20 Nov 2021",
    "amount": ""
  },
  {
    "id": 26,
    "status": false,
    "linkTo": "",
    "label": "CollectibilityStatus",
    "description": "1 - Current",
    "amount": ""
  },
  {
    "id": 27,
    "status": false,
    "linkTo": "",
    "label": "Branch",
    "description": "Sudirman JKT",
    "amount": ""
  }
]
