[
  {
    "id": "1",
    "favorite": true,
    "accountName": "Adira Finance",
    "accountNumber": "004122325783",
    "accountCurrency": "",
    "multipleCurrency": true,
    "currencyList": ["IDR", "USD"]
  },
  {
    "id": "2",
    "favorite": true,
    "accountName": "Administration 2 Jakarta",
    "accountNumber": "005014395903",
    "accountCurrency": "EUR",
    "multipleCurrency": false,
    "currencyList": []
  },
  {
    "id": "3",
    "favorite": true,
    "accountName": "Advanced Career Indonesia",
    "accountNumber": "003014395904",
    "accountCurrency": "USD",
    "multipleCurrency": false,
    "currencyList": []
  },
  {
    "id": "4",
    "favorite": false,
    "accountName": "Administration 3 Jakarta",
    "accountNumber": "005014395901",
    "accountCurrency": "GBP",
    "multipleCurrency": false,
    "currencyList": []
  },
  {
    "id": "5",
    "favorite": false,
    "accountName": "Administration 4 Jakarta",
    "accountNumber": "005014395902",
    "accountCurrency": "JPY",
    "multipleCurrency": false,
    "currencyList": []
  },
  {
    "id": "6",
    "favorite": false,
    "accountName": "Administration 5 Jakarta",
    "accountNumber": "005014395902",
    "accountCurrency": "USD",
    "multipleCurrency": false,
    "currencyList": []
  },
  {
    "id": "7",
    "favorite": false,
    "accountName": "Administration 6 Jakarta",
    "accountNumber": "005014395902",
    "accountCurrency": "IDR",
    "multipleCurrency": false,
    "currencyList": []
  },
  {
    "id": "8",
    "favorite": false,
    "accountName": "Administration 7 Jakarta",
    "accountNumber": "005014395902",
    "accountCurrency": "GBP",
    "multipleCurrency": false,
    "currencyList": []
  },
  {
    "id": "9",
    "favorite": false,
    "accountName": "Administration 8 Jakarta",
    "accountNumber": "005014395902",
    "accountCurrency": "JPY",
    "multipleCurrency": false,
    "currencyList": []
  },
  {
    "id": "10",
    "favorite": false,
    "accountName": "Administration 9 Jakarta",
    "accountNumber": "005014395902",
    "accountCurrency": "EUR",
    "multipleCurrency": false,
    "currencyList": []
  },
  {
    "id": "11",
    "favorite": false,
    "accountName": "Administration 10 Jakarta",
    "accountNumber": "005014395902",
    "accountCurrency": "IDR",
    "multipleCurrency": false,
    "currencyList": []
  },
  {
    "id": "12",
    "favorite": false,
    "accountName": "Administration 11 Jakarta",
    "accountNumber": "005014395902",
    "accountCurrency": "IDR",
    "multipleCurrency": false,
    "currencyList": []
  },
  {
    "id": "13",
    "favorite": false,
    "accountName": "Administration 12 Jakarta",
    "accountNumber": "005014395902",
    "accountCurrency": "IDR",
    "multipleCurrency": false,
    "currencyList": []
  }
]
