[
  {
    "id": 1,
    "status": true,
    "linkTo": "",
    "label": "Status",
    "description": "Current",
    "amount": ""
  },
  {
    "id": 2,
    "status": false,
    "linkTo": "",
    "label": "CurrentBalance",
    "description": "",
    "amount": "1203788670.38"
  },
  {
    "id": 3,
    "status": false,
    "linkTo": "",
    "label": "AvailableBalance",
    "description": "",
    "amount": "266362341.62"
  },
  {
    "id": 4,
    "status": false,
    "linkTo": "",
    "label": "AccruedInterestAmount",
    "description": "",
    "amount": "5416662"
  },
  {
    "id": 5,
    "status": false,
    "linkTo": "",
    "label": "HoldAmount",
    "description": "",
    "amount": "529848988"
  },
  {
    "id": 6,
    "status": false,
    "linkTo": "",
    "label": "CurrentAverageBalance",
    "description": "",
    "amount": "135187734.66"
  },
  {
    "id": 7,
    "status": false,
    "linkTo": "",
    "label": "AverageBalanceLast1Month",
    "description": "",
    "amount": "101175800.61"
  },
  {
    "id": 8,
    "status": false,
    "linkTo": "",
    "label": "AverageBalanceLast2Months",
    "description": "-",
    "amount": ""
  },
  {
    "id": 9,
    "status": false,
    "linkTo": "",
    "label": "AverageBalanceLast3Months",
    "description": "",
    "amount": "733086786.35"
  },
  {
    "id": 10,
    "status": false,
    "linkTo": "",
    "label": "InterestRate",
    "description": "9,75%",
    "amount": ""
  },
  {
    "id": 101,
    "status": false,
    "linkTo": "",
    "label": "Penalty",
    "description": "3,234,425,00",
    "amount": ""
  },
  {
    "id": 11,
    "status": false,
    "linkTo": "",
    "label": "AccountName",
    "description": "PT DIAMETR INV",
    "amount": ""
  },
  {
    "id": 12,
    "status": false,
    "linkTo": "",
    "label": "Product",
    "description": "Pinjaman Rekening Koran",
    "amount": ""
  },
  {
    "id": 13,
    "status": false,
    "linkTo": "",
    "label": "AccountOpeningDate",
    "description": "14 Sep 2000",
    "amount": ""
  },
  {
    "id": 14,
    "status": false,
    "linkTo": "",
    "label": "FacilityNumber",
    "description": "0085-5OL3-0000-07",
    "amount": ""
  },
  {
    "id": 15,
    "status": false,
    "linkTo": "",
    "label": "LineCommitment",
    "description": "Uncommitted",
    "amount": ""
  },
  {
    "id": 17,
    "status": false,
    "linkTo": "",
    "label": "LimitType",
    "description": "Standalone",
    "amount": ""
  },
  {
    "id": 18,
    "status": false,
    "linkTo": "",
    "label": "FacilityLimit",
    "description": "",
    "amount": "2000000000000"
  },
  {
    "id": 19,
    "status": false,
    "linkTo": "",
    "label": "FacilityExpiryDate",
    "description": "20 Nov 2021",
    "amount": ""
  },
  {
    "id": 20,
    "status": false,
    "linkTo": "",
    "label": "CollectibilityStatus",
    "description": "1 - Current",
    "amount": ""
  },
  {
    "id": 17,
    "status": false,
    "linkTo": "",
    "label": "Branch",
    "description": "Sudirman JKT",
    "amount": ""
  }
]
