[
  {
    "id": 1,
    "status": true,
    "linkTo": "",
    "label": "Status",
    "description": "Active",
    "amount": ""
  },
  {
    "id": 2,
    "status": false,
    "linkTo": "",
    "label": "outstandingBalance",
    "description": "",
    "amount": "100000000000"
  },
  {
    "id": 3,
    "status": false,
    "linkTo": "/accounts/loan/omnibus",
    "label": "LimitType",
    "description": "Omnibus",
    "amount": ""
  },
  {
    "id": 4,
    "status": false,
    "linkTo": "",
    "label": "AccruedInterestAmount",
    "description": "",
    "amount": "541666200"
  },
  {
    "id": 5,
    "status": false,
    "linkTo": "",
    "label": "InterestDueDate",
    "description": "02 Aug 2021",
    "amount": ""
  },
  {
    "id": 6,
    "status": false,
    "linkTo": "",
    "label": "MaturityDate",
    "description": "14 Sep 2021",
    "amount": ""
  },
  {
    "id": 7,
    "status": false,
    "linkTo": "",
    "label": "InterestRate",
    "description": "9,75%",
    "amount": ""
  },
  {
    "id": 8,
    "status": false,
    "linkTo": "",
    "label": "PenaltyAmount",
    "description": "-",
    "amount": ""
  },
  {
    "id": 9,
    "status": false,
    "linkTo": "",
    "label": "SettlementAccount",
    "description": "612-282-099",
    "amount": ""
  },
  {
    "id": 10,
    "status": false,
    "linkTo": "",
    "label": "DisbursementAmount",
    "description": "",
    "amount": "100000000000"
  },
  {
    "id": 11,
    "status": false,
    "linkTo": "",
    "label": "DisbursementDate",
    "description": "14 Apr 2021",
    "amount": ""
  },
  {
    "id": 12,
    "status": false,
    "linkTo": "",
    "label": "DisbursementAccount",
    "description": "612-282-099",
    "amount": ""
  },
  {
    "id": 13,
    "status": false,
    "linkTo": "",
    "label": "AccountName",
    "description": "PT DIAMETR INV",
    "amount": ""
  },
  {
    "id": 14,
    "status": false,
    "linkTo": "",
    "label": "Product",
    "description": "Rev Loan WB 1",
    "amount": ""
  },
  {
    "id": 15,
    "status": false,
    "linkTo": "",
    "label": "facilityNumber",
    "description": "00855-5TL3-0008-09",
    "amount": ""
  },
  {
    "id": 16,
    "status": false,
    "linkTo": "",
    "label": "facilityNumber",
    "description": "00855-5TL3-0008-09",
    "amount": ""
  },
  {
    "id": 17,
    "status": false,
    "linkTo": "",
    "label": "LimitType",
    "description": "Standalone",
    "amount": ""
  },
  {
    "id": 18,
    "status": false,
    "linkTo": "",
    "label": "FacilityLimit",
    "description": "",
    "amount": "2000000000000"
  },
  {
    "id": 19,
    "status": false,
    "linkTo": "",
    "label": "TotalFacilityOutstanding",
    "description": "",
    "amount": "2000000000000"
  },
  {
    "id": 20,
    "status": false,
    "linkTo": "",
    "label": "TotalAvailableLimit",
    "description": "-",
    "amount": ""
  },
  {
    "id": 17,
    "status": false,
    "linkTo": "",
    "label": "FacilityHoldAmount",
    "description": "-",
    "amount": ""
  },
  {
    "id": 17,
    "status": false,
    "linkTo": "",
    "label": "FacilityExpiryDate",
    "description": "20 Nov 2021",
    "amount": ""
  },
  {
    "id": 17,
    "status": false,
    "linkTo": "",
    "label": "CollectibilityStatus",
    "description": "1 - Current",
    "amount": ""
  },
  {
    "id": 17,
    "status": false,
    "linkTo": "",
    "label": "Branch",
    "description": "Sudirman JKT",
    "amount": ""
  }
]
