[
  {
    "id": "1",
    "variant": "loan",
    "favorite": true,
    "accountFacility": "Revolving Loan",
    "accountFacilityNumber": "00855RL3000003",
    "accountLimitType": "Standalone",
    "accountOutstandingBalance": "20000000000",
    "accountCurrency": "IDR",
    "accountAvailableLimit": "-",
    "accountListDetail": "",
    "to": "/accounts/loan/detail?loantype=revolving-loan"
  },
  {
    "id": "2",
    "variant": "loan",
    "favorite": true,
    "accountFacility": "Pinjaman Rekening Koran Commercial",
    "accountFacilityNumber": "000612282099",
    "accountLimitType": "Standalone",
    "accountOutstandingBalance": "1203788670",
    "accountCurrency": "IDR",
    "accountAvailableLimit": "266362341",
    "accountListDetail": "",
    "to": "/accounts/loan/detail?loantype=pinjaman-rekening-koran-commercial"
  },
  {
    "id": "3",
    "variant": "loan",
    "favorite": false,
    "accountFacility": "Payable Services",
    "accountFacilityNumber": "000887PS000004",
    "accountLimitType": "Standalone",
    "accountOutstandingBalance": "45246488178",
    "accountCurrency": "IDR",
    "accountAvailableLimit": "254753511822",
    "accountListDetail": "",
    "to": "/accounts/loan/list?loantype=payable-service"
  },
  {
    "id": "4",
    "variant": "loan",
    "favorite": false,
    "accountFacility": "Permata Quick Cash",
    "accountFacilityNumber": "000701527437",
    "accountLimitType": "Standalone",
    "accountOutstandingBalance": "292185716",
    "accountCurrency": "IDR",
    "accountAvailableLimit": "707814284",
    "accountListDetail": "",
    "to": "/accounts/loan/detail?loantype=permata-quick-cash"
  },
  {
    "id": "5",
    "variant": "loan",
    "favorite": false,
    "accountFacility": "Post Import Financing",
    "accountFacilityNumber": "00855PIW000101",
    "accountLimitType": "Omnibus",
    "accountListDetail": "/accounts/loan/omnibus",
    "accountOutstandingBalance": "9208408410",
    "accountCurrency": "IDR",
    "accountAvailableLimit": "331644472",
    "to": "/accounts/loan/list?type=omnibus"
  },
  {
    "id": "6",
    "variant": "loan",
    "favorite": false,
    "accountFacility": "Post Import Financing",
    "accountFacilityNumber": "00855PIW000125",
    "accountLimitType": "Omnibus",
    "accountOutstandingBalance": "19812365984",
    "accountCurrency": "IDR",
    "accountAvailableLimit": "967641401",
    "accountListDetail": "/accounts/loan/omnibus",
    "to": "/accounts/loan/list?type=omnibus"
  },
  {
    "id": "7",
    "variant": "loan",
    "favorite": false,
    "accountFacility": "Pre Shipment Financing",
    "accountFacilityNumber": "00855PSW000055",
    "accountLimitType": "Standalone",
    "accountOutstandingBalance": "25000000000",
    "accountCurrency": "IDR",
    "accountAvailableLimit": "-",
    "accountListDetail": "",
    "to": "/accounts/loan/detail?loantype=pre-shipment-financing"
  },
  {
    "id": "8",
    "variant": "loan",
    "favorite": false,
    "accountFacility": "Receivable Financing",
    "accountFacilityNumber": "00846RCF000036",
    "accountLimitType": "Standalone",
    "accountOutstandingBalance": "94596590",
    "accountCurrency": "IDR",
    "accountAvailableLimit": "39905403410",
    "accountListDetail": "",
    "to": "/accounts/loan/detail?loantype=receivable-financing"
  },
  {
    "id": "9",
    "variant": "loan",
    "favorite": false,
    "accountFacility": "Receivable Services Without Recourse",
    "accountFacilityNumber": "000887ON000002",
    "accountLimitType": "Standalone",
    "accountOutstandingBalance": "2654710164",
    "accountCurrency": "IDR",
    "accountAvailableLimit": "17345289836",
    "accountListDetail": "",
    "to": "/accounts/loan/list"
  },
  {
    "id": "10",
    "variant": "loan",
    "favorite": false,
    "accountFacility": "Receivable Services With Recourse",
    "accountFacilityNumber": "000887IN000002",
    "accountLimitType": "Standalone",
    "accountOutstandingBalance": "221225847",
    "accountCurrency": "IDR",
    "accountAvailableLimit": "9778774153",
    "accountListDetail": "",
    "to": "/accounts/loan/list"
  },
  {
    "id": "11",
    "variant": "loan",
    "favorite": false,
    "accountFacility": "Term Loan",
    "accountFacilityNumber": "00855TL3000809",
    "accountLimitType": "Standalone",
    "accountOutstandingBalance": "118470894",
    "accountCurrency": "IDR",
    "accountAvailableLimit": "4931529106",
    "accountListDetail": "",
    "to": "/accounts/loan/list"
  },
  {
    "id": "12",
    "variant": "loan",
    "favorite": false,
    "accountFacility": "Term Loan",
    "accountFacilityNumber": "00855TL3000856",
    "accountLimitType": "Standalone",
    "accountOutstandingBalance": "731416685",
    "accountCurrency": "IDR",
    "accountAvailableLimit": "8118583315",
    "accountListDetail": "",
    "to": "/accounts/loan/detail?loantype=term-loan&facilitytype=single"
  }
]
