[
  {
    "id": 1,
    "status": true,
    "label": "Status",
    "description": "Active",
    "amount": ""
  },
  {
    "id": 2,
    "status": false,
    "label": "AvailableBalance",
    "description": "",
    "amount": "90000000000"
  },
  {
    "id": 3,
    "status": false,
    "label": "LedgerBalance",
    "description": "",
    "amount": "30000000000000"
  },
  {
    "id": 4,
    "status": false,
    "label": "HoldAmount",
    "description": "",
    "amount": "30000000000000"
  },
  {
    "id": 5,
    "status": false,
    "label": "ActualProfitAmount",
    "description": "",
    "amount": "1000000000"
  },
  {
    "id": 6,
    "status": false,
    "label": "CurrentAverageBalance",
    "description": "",
    "amount": "50000000000"
  },
  {
    "id": 7,
    "status": false,
    "label": "AverageBalanceLast1Month",
    "description": "",
    "amount": "40000000000"
  },
  {
    "id": 8,
    "status": false,
    "label": "AverageBalanceLast2Months",
    "description": "",
    "amount": "35000000000"
  },
  {
    "id": 9,
    "status": false,
    "label": "AverageBalanceLast3Months",
    "description": "",
    "amount": "35000000000"
  },
  {
    "id": 10,
    "status": false,
    "label": "AccountName",
    "description": "PT Amerta Indah Otsuka Indonesia Sejahtera Makmur",
    "amount": ""
  },
  {
    "id": 11,
    "status": false,
    "label": "Product",
    "description": "Current Account",
    "amount": ""
  },
  {
    "id": 12,
    "status": false,
    "label": "SubProduct",
    "description": "Giro Khusus IDR",
    "amount": ""
  },
  {
    "id": 13,
    "status": false,
    "label": "OpeningDate",
    "description": "20 Jun 2015",
    "amount": ""
  },
  {
    "id": 14,
    "status": false,
    "label": "Branch",
    "description": "Melawai JKT",
    "amount": ""
  }
]
