[
  {
    "id": 1,
    "status": true,
    "label": "Status",
    "description": "New Today",
    "amount": ""
  },
  {
    "id": 2,
    "status": false,
    "label": "AvailableBalance",
    "description": "",
    "amount": "385000000000"
  },
  {
    "id": 3,
    "status": false,
    "label": "LedgerBalance",
    "description": "",
    "amount": "200000000000"
  },
  {
    "id": 4,
    "status": false,
    "label": "HoldAmount",
    "description": "",
    "amount": "10000000000"
  },
  {
    "id": 5,
    "status": false,
    "label": "AccruedInterestAmount",
    "description": "",
    "amount": "10000000000"
  },
  {
    "id": 6,
    "status": false,
    "label": "CurrentAverageBalance",
    "description": "",
    "amount": "50000000000"
  },
  {
    "id": 7,
    "status": false,
    "label": "AverageBalanceLast1Month",
    "description": "",
    "amount": "380000000000"
  },
  {
    "id": 8,
    "status": false,
    "label": "AverageBalanceLast2Months",
    "description": "",
    "amount": "387000000000"
  },
  {
    "id": 9,
    "status": false,
    "label": "AverageBalanceLast3Months",
    "description": "",
    "amount": "375000000000"
  },
  {
    "id": 10,
    "status": false,
    "label": "AccountName",
    "description": "PT Toyota Motor Manufacturing Indonesia",
    "amount": ""
  },
  {
    "id": 11,
    "status": false,
    "label": "Product",
    "description": "Current Account",
    "amount": ""
  },
  {
    "id": 12,
    "status": false,
    "label": "SubProduct",
    "description": "Giro Khusus IDR",
    "amount": ""
  },
  {
    "id": 13,
    "status": false,
    "label": "OpeningDate",
    "description": "20 Jun 2015",
    "amount": ""
  },
  {
    "id": 14,
    "status": false,
    "label": "Branch",
    "description": "Bintaro",
    "amount": ""
  }
]
