[
  {
    "id": 1,
    "status": false,
    "linkTo": "",
    "label": "Status",
    "description": "",
    "amount": "",
    "dropdownMultiple": true
  },
  {
    "id": 3,
    "status": false,
    "linkTo": "",
    "label": "TotalOutStandingBalance",
    "description": "",
    "amount": "20000000000",
    "dropdownMultiple": false
  },
  {
    "id": 4,
    "status": false,
    "linkTo": "",
    "label": "TotalAccruedInterestAmount",
    "description": "",
    "amount": "5416662",
    "dropdownMultiple": false
  },
  {
    "id": 5,
    "status": false,
    "linkTo": "",
    "label": "LimitType",
    "description": "Standalone",
    "amount": "",
    "dropdownMultiple": false
  },
  {
    "id": 6,
    "status": false,
    "linkTo": "",
    "label": "FacilityLimit",
    "description": "",
    "amount": "20000000000",
    "dropdownMultiple": false
  },
  {
    "id": 7,
    "status": false,
    "linkTo": "",
    "label": "TotalAvailableLimit",
    "description": "",
    "amount": "-",
    "dropdownMultiple": false
  },
  {
    "id": 8,
    "status": false,
    "linkTo": "",
    "label": "FacilityHoldAmount",
    "description": "-",
    "amount": "",
    "dropdownMultiple": false
  },
  {
    "id": 9,
    "status": false,
    "linkTo": "",
    "label": "FacilityExpiryDate",
    "description": "20 Nov 2021",
    "amount": "",
    "dropdownMultiple": false
  },
  {
    "id": 10,
    "status": false,
    "linkTo": "",
    "label": "CollectibilityStatus",
    "description": "1 - Current",
    "amount": "",
    "dropdownMultiple": false
  },
  {
    "id": 11,
    "status": false,
    "linkTo": "",
    "label": "LineCommitment",
    "description": "Uncommitted",
    "amount": "",
    "dropdownMultiple": false
  }
]
