[
  {
    "id": 1,
    "status": false,
    "linkTo": "",
    "label": "AccountName",
    "subLabel": "",
    "description": "Adira Finance",
    "amount": "",
    "dropdownMultiple": false
  },
  {
    "id": 3,
    "status": false,
    "linkTo": "",
    "label": "TotalAvailableBalance",
    "subLabel": " (Equivalent in IDR)",
    "description": "",
    "amount": "90102000000",
    "dropdownMultiple": false
  },
  {
    "id": 4,
    "status": false,
    "linkTo": "",
    "label": "TotalHoldAmount",
    "subLabel": " (Equivalent in IDR)",
    "description": "",
    "amount": "30000000000000",
    "dropdownMultiple": false
  },
  {
    "id": 5,
    "status": false,
    "linkTo": "",
    "label": "TotalLedgerBalance",
    "subLabel": " (Equivalent in IDR)",
    "description": "",
    "amount": "30000000000000",
    "dropdownMultiple": false
  }
]
