[
  {
    "id": "1",
    "icon": "tabungan",
    "color": "",
    "title": "ProductCasa",
    "to": "/accounts/casa",
    "amount": "867000000000",
    "currency": "IDR"
  },
  {
    "id": "2",
    "icon": "deposito",
    "color": "",
    "title": "ProductTimeDeposit",
    "to": "/accounts/time-deposit",
    "amount": "5400867000000",
    "currency": "IDR"
  },
  {
    "id": "3",
    "icon": "revolvingLoan",
    "color": "primary-70",
    "title": "ProductLoan",
    "to": "/accounts/loan",
    "amount": "70000000000",
    "currency": "IDR"
  },
  {
    "id": "4",
    "icon": "tradeFinance",
    "color": "primary-50",
    "title": "ProductTradeFinance",
    "to": "/accounts/casa",
    "amount": "1000867000000",
    "currency": "IDR"
  },
  {
    "id": "5",
    "icon": "guarantee",
    "color": "primary-50",
    "title": "ProductTradeGuarantee",
    "to": "/accounts/casa",
    "amount": "1000867000000",
    "currency": "IDR"
  },
  {
    "id": "6",
    "icon": "valueChain",
    "color": "primary-130",
    "title": "ProductValueChain",
    "to": "/accounts/casa",
    "amount": "1000867000000",
    "currency": "IDR"
  },
  {
    "id": "7",
    "icon": "globalMarket",
    "color": "primary-140",
    "title": "ProductTreasury",
    "to": "/accounts/casa",
    "amount": "1000867000000",
    "currency": "IDR"
  }
]
