[
  {
    "id": 1,
    "status": true,
    "linkTo": "",
    "label": "Status",
    "description": "Current",
    "amount": ""
  },
  {
    "id": 2,
    "status": false,
    "linkTo": "",
    "label": "outstandingBalance",
    "description": "",
    "amount": "100000001000"
  },
  {
    "id": 3,
    "status": false,
    "linkTo": "",
    "label": "Tenor",
    "description": "5 Months",
    "amount": ""
  },
  {
    "id": 4,
    "status": false,
    "linkTo": "",
    "label": "AccruedInterestAmount",
    "description": "",
    "amount": "541666200"
  },
  {
    "id": 5,
    "status": false,
    "linkTo": "",
    "label": "InstallmentDate",
    "description": "16 Aug 2021",
    "amount": ""
  },
  {
    "id": 6,
    "status": false,
    "linkTo": "",
    "label": "MaturityDate",
    "description": "20 Sep 2021",
    "amount": ""
  },
  {
    "id": 7,
    "status": false,
    "linkTo": "",
    "label": "InterestRate",
    "description": "9,75%",
    "amount": ""
  },
  {
    "id": 8,
    "status": false,
    "linkTo": "",
    "label": "PenaltyAmount",
    "description": "-",
    "amount": ""
  },
  {
    "id": 9,
    "status": false,
    "linkTo": "",
    "label": "SettlementAccount",
    "description": "612-282-099",
    "amount": ""
  },
  {
    "id": 91,
    "status": false,
    "linkTo": "",
    "label": "PrincipalInstallmentAmount",
    "description": "",
    "amount": "5923545900"
  },
  {
    "id": 92,
    "status": false,
    "linkTo": "",
    "label": "GracePeriodDate",
    "description": "15 Jan 2021",
    "amount": ""
  },
  {
    "id": 93,
    "status": false,
    "linkTo": "",
    "label": "AvailabilityPeriodDate",
    "description": "15 Nov 2021",
    "amount": ""
  },
  {
    "id": 10,
    "status": false,
    "linkTo": "",
    "label": "DisbursementAmount",
    "description": "",
    "amount": "100000000000"
  },
  {
    "id": 11,
    "status": false,
    "linkTo": "",
    "label": "DisbursementDate",
    "description": "14 Apr 2021",
    "amount": ""
  },
  {
    "id": 12,
    "status": false,
    "linkTo": "",
    "label": "DisbursementAccount",
    "description": "612-282-099",
    "amount": ""
  },
  {
    "id": 13,
    "status": false,
    "linkTo": "",
    "label": "AccountName",
    "description": "PT DIAMETR INV",
    "amount": ""
  },
  {
    "id": 14,
    "status": false,
    "linkTo": "",
    "label": "Product",
    "description": "Term Loan",
    "amount": ""
  },
  {
    "id": 15,
    "status": false,
    "linkTo": "",
    "label": "facilityNumber",
    "description": "0085-5TL3-0008-09",
    "amount": ""
  },
  {
    "id": 17,
    "status": false,
    "linkTo": "",
    "label": "LimitType",
    "description": "Standalone",
    "amount": ""
  },
  {
    "id": 18,
    "status": false,
    "linkTo": "",
    "label": "FacilityLimit",
    "description": "",
    "amount": "2000000000000"
  },
  {
    "id": 19,
    "status": false,
    "linkTo": "",
    "label": "TotalOutStandingBalance",
    "description": "",
    "amount": "2000000000000"
  },
  {
    "id": 20,
    "status": false,
    "linkTo": "",
    "label": "TotalAvailableLimit",
    "description": "-",
    "amount": ""
  },
  {
    "id": 17,
    "status": false,
    "linkTo": "",
    "label": "FacilityHoldAmount",
    "description": "-",
    "amount": ""
  },
  {
    "id": 17,
    "status": false,
    "linkTo": "",
    "label": "FacilityExpiryDate",
    "description": "20 Nov 2021",
    "amount": ""
  },
  {
    "id": 17,
    "status": false,
    "linkTo": "",
    "label": "CollectibilityStatus",
    "description": "1 - Current",
    "amount": ""
  },
  {
    "id": 17,
    "status": false,
    "linkTo": "",
    "label": "Branch",
    "description": "Sudirman JKT",
    "amount": ""
  }
]
