[
  {
    "id": 1,
    "status": false,
    "linkTo": "",
    "label": "Status",
    "description": "",
    "amount": "",
    "dropdownMultiple": true,
    "dropdownValue": [1,2]
  },
  {
    "id": 3,
    "status": false,
    "linkTo": "",
    "label": "TotalOutStandingBalance",
    "description": "",
    "amount": "9208408410",
    "dropdownMultiple": false
  },
  {
    "id": 4,
    "status": false,
    "linkTo": "",
    "label": "TotalAccruedInterestAmount",
    "description": "",
    "amount": "2493946",
    "dropdownMultiple": false
  },
  {
    "id": 5,
    "status": false,
    "linkTo": "/accounts/loan/omnibus",
    "label": "LimitType",
    "description": "Omnibus",
    "amount": "",
    "dropdownMultiple": false
  },
  {
    "id": 6,
    "status": false,
    "linkTo": "",
    "label": "FacilityLimit",
    "description": "",
    "amount": "15000000000",
    "dropdownMultiple": false
  },
  {
    "id": 7,
    "status": false,
    "linkTo": "",
    "label": "TotalAvailableLimit",
    "description": "",
    "amount": "331644472",
    "dropdownMultiple": false
  },
  {
    "id": 8,
    "status": false,
    "linkTo": "",
    "label": "FacilityHoldAmount",
    "description": "-",
    "amount": "",
    "dropdownMultiple": false
  },
  {
    "id": 9,
    "status": false,
    "linkTo": "",
    "label": "FacilityExpiryDate",
    "description": "20 Nov 2021",
    "amount": "",
    "dropdownMultiple": false
  },
  {
    "id": 10,
    "status": false,
    "linkTo": "",
    "label": "CollectibilityStatus",
    "description": "1 - Current",
    "amount": "",
    "dropdownMultiple": false
  },
  {
    "id": 11,
    "status": false,
    "linkTo": "",
    "label": "LineCommitment",
    "description": "Uncommitted",
    "amount": "",
    "dropdownMultiple": false
  }
]
