[
  {
    "id": 1,
    "status": true,
    "linkTo": "",
    "label": "Status",
    "description": "Current",
    "amount": ""
  },
  {
    "id": 2,
    "status": false,
    "linkTo": "",
    "label": "outstandingBalance",
    "description": "",
    "amount": "329541534"
  },
  {
    "id": 3,
    "status": false,
    "linkTo": "",
    "label": "Tenor",
    "description": "6 Months",
    "amount": ""
  },
  {
    "id": 4,
    "status": false,
    "linkTo": "",
    "label": "AccruedInterestAmount",
    "description": "",
    "amount": "89251"
  },
  {
    "id": 5,
    "status": false,
    "linkTo": "",
    "label": "InterestDueDate",
    "description": "02 Aug 2021",
    "amount": ""
  },
  {
    "id": 6,
    "status": false,
    "linkTo": "",
    "label": "MaturityDate",
    "description": "08 Aug 2021",
    "amount": ""
  },
  {
    "id": 7,
    "status": false,
    "linkTo": "",
    "label": "InterestRate",
    "description": "9,75%",
    "amount": ""
  },
  {
    "id": 8,
    "status": false,
    "linkTo": "",
    "label": "PenaltyAmount",
    "description": "-",
    "amount": ""
  },
  {
    "id": 9,
    "status": false,
    "linkTo": "",
    "label": "SettlementAccount",
    "description": "6122-8208-9",
    "amount": ""
  },
  {
    "id": 10,
    "status": false,
    "linkTo": "",
    "label": "DisbursementAmount",
    "description": "",
    "amount": "329541534"
  },
  {
    "id": 11,
    "status": false,
    "linkTo": "",
    "label": "DisbursementDate",
    "description": "09 Feb 2021",
    "amount": ""
  },
  {
    "id": 12,
    "status": false,
    "linkTo": "",
    "label": "DisbursementAccount",
    "description": "6122-8209-8",
    "amount": ""
  },
  {
    "id": 13,
    "status": false,
    "linkTo": "",
    "label": "AccountName",
    "description": "PT DIAMETR INV",
    "amount": ""
  },
  {
    "id": 14,
    "status": false,
    "linkTo": "",
    "label": "Product",
    "description": "Post Import Financing",
    "amount": ""
  },
  {
    "id": 15,
    "status": false,
    "linkTo": "",
    "label": "facilityNumber",
    "description": "0085-5PIW-0001-01",
    "amount": ""
  },
  {
    "id": 17,
    "status": false,
    "linkTo": "",
    "label": "LimitType",
    "description": "Omnibus",
    "amount": ""
  },
  {
    "id": 18,
    "status": false,
    "linkTo": "",
    "label": "FacilityLimit",
    "description": "",
    "amount": "15000000000"
  },
  {
    "id": 19,
    "status": false,
    "linkTo": "",
    "label": "TotalOutStandingBalance",
    "description": "",
    "amount": "9208408410"
  },
  {
    "id": 20,
    "status": false,
    "linkTo": "",
    "label": "TotalAvailableLimit",
    "description": "",
    "amount": "331644472"
  },
  {
    "id": 21,
    "status": false,
    "linkTo": "",
    "label": "FacilityHoldAmount",
    "description": "-",
    "amount": ""
  },
  {
    "id": 22,
    "status": false,
    "linkTo": "",
    "label": "FacilityExpiryDate",
    "description": "20 Nov 2021",
    "amount": ""
  },
  {
    "id": 23,
    "status": false,
    "linkTo": "",
    "label": "LCNumber",
    "description": "0084-01XR-0000-56",
    "amount": ""
  },
  {
    "id": 24,
    "status": false,
    "linkTo": "",
    "label": "CollectibilityStatus",
    "description": "1 - Current",
    "amount": ""
  },
  {
    "id": 25,
    "status": false,
    "linkTo": "",
    "label": "Branch",
    "description": "Sudirman JKT",
    "amount": ""
  }
]
