[{
  "datas": [
    {
      "title": "Maker",
      "status": "Completed",
      "numberOfChecker": 0,
      "checkerType": "Maker",
      "action": "completed",
      "accordionOpen": true,
      "datas": [
        {
          "company": "Toyota Motor Finance 2",
          "name": "Rama Gunawan",
          "status": "Created",
          "contact": {
            "phone": "0812-3422-8922",
            "email": "rama@toyota.com"
          },
          "start": {
            "date": "24 Jun 2021",
            "time": "08:00:00"
          },
          "end": {
            "date": "24 Jun 2021",
            "time": "08:30:00"
          },
          "actualtat": {
            "day": "0 Day",
            "time": "0 H : 30 M"
          },
          "sla": {
            "day": "0 Day",
            "time": "0 H : 30 M"
          },
          "tat": "Pass"
        }
      ]
    },
    {
      "title": "Approver 1",
      "numberOfChecker": 0,
      "checkerType": "Approver",
      "status": "Completed",
      "action": "completed",
      "accordionOpen": true,
      "datas": [
        {
          "company": "Toyota Motor Finance 2",
          "name": "Irmawati",
          "status": "Approved",
          "contact": {
            "phone": "0812-3422-8922",
            "email": "irma@toyota.com"
          },
          "start": {
            "date": "24 Jun 2021",
            "time": "08:30:00"
          },
          "end": {
            "date": "24 Jun 2021",
            "time": "08:55:00"
          },
          "actualtat": {
            "day": "0 Day",
            "time": "0 H : 25 M"
          },
          "sla": {
            "day": "0 Day",
            "time": "0 H : 30 M"
          },
          "tat": "Pass"
        }
      ]
    },
    {
      "title": "Approver 2",
      "numberOfChecker": 0,
      "checkerType": "Approver",
      "status": "Completed",
      "action": "completed",
      "accordionOpen": true,
      "datas": [
        {
          "company": "Toyota Motor Finance 2",
          "name": "Ferry",
          "status": "Approved",
          "contact": {
            "phone": "0812-2020-2222",
            "email": "ferry@toyota.com"
          },
          "start": {
            "date": "24 Jun 2021",
            "time": "08:55:00"
          },
          "end": {
            "date": "24 Jun 2021",
            "time": "09:00:00"
          },
          "actualtat": {
            "day": "0 Day",
            "time": "0 H : 5 M"
          },
          "sla": {
            "day": "0 Day",
            "time": "0 H : 30 M"
          },
          "tat": "Pass"
        }
      ]
    },
    {
      "title": "Releaser",
      "numberOfChecker": 0,
      "checkerType": "Releaser",
      "status": "Failed",
      "action": "failed",
      "accordionOpen": true,
      "showGroupIcon": true,
      "datas": [
        {
          "company": "Toyota Regional Branch 3",
          "status": "Expired",
          "contact": null,
          "start": {
            "date": "24 Jun 2021",
            "time": "09:00:00"
          },
          "end": {
            "date": "08 Jul 2021",
            "time": "09:00:00"
          },
          "actualtat": {
            "day": "14 Days",
            "time": "0 H : 0 M"
          },
          "sla": {
            "day": "0 Day",
            "time": "0 H : 30 M"
          },
          "tat": "Failed"
        }
      ]
    }
  ],
  "totalActualTat": {
    "day": "14 Days",
    "time": "1 H : 20 M"
  },
  "totalSla": {
    "day": "0 Day",
    "time": "2 H : 30 M"
  },
  "tat": "Failed"
}]
