[{
  "datas": [
    {
      "title": "Maker",
      "status": "Completed",
      "numberOfChecker": 0,
      "checkerType": "Maker",
      "action": "completed",
      "accordionOpen": true,
      "datas": [
        {
          "company": "Toyota Indonesia 1",
          "name": "Rama Gunawan",
          "status": "Created",
          "contact": {
            "phone": "0812-3422-8922",
            "email": "rama@toyota.com"
          },
          "start": {
            "date": "24 Jun 2021",
            "time": "08:00:00"
          },
          "end": {
            "date": "24 Jun 2021",
            "time": "08:30:00"
          },
          "actualtat": {
            "day": "0 Day",
            "time": "0 H : 30 M"
          },
          "sla": {
            "day": "0 Day",
            "time": "0 H : 30 M"
          },
          "tat": "Pass"
        }
      ]
    },
    {
      "title": "Approver 1",
      "numberOfChecker": 0,
      "checkerType": "Approver",
      "status": "Completed",
      "action": "completed",
      "accordionOpen": true,
      "datas": [
        {
          "company": "Toyota Motor Finance 2",
          "name": "Irma",
          "status": "Approved",
          "contact": {
            "phone": "0812-3422-8922",
            "email": "irma@toyota.com"
          },
          "start": {
            "date": "24 Jun 2021",
            "time": "08:30:00"
          },
          "end": {
            "date": "24 Jun 2021",
            "time": "08:55:00"
          },
          "actualtat": {
            "day": "0 Day",
            "time": "0 H : 25 M"
          },
          "sla": {
            "day": "0 Day",
            "time": "0 H : 30 M"
          },
          "tat": "Pass"
        }
      ]
    },
    {
      "title": "Approver 2",
      "numberOfChecker": 0,
      "checkerType": "Approver",
      "status": "Completed",
      "action": "completed",
      "accordionOpen": true,
      "datas": [
        {
          "company": "Toyota Motor Finance 2",
          "name": "Ferry",
          "status": "Approved",
          "contact": {
            "phone": "0812-3422-8922",
            "email": "ferry@toyota.com"
          },
          "start": {
            "date": "24 Jun 2021",
            "time": "08:55:00"
          },
          "end": {
            "date": "24 Jun 2021",
            "time": "09:00:00"
          },
          "actualtat": {
            "day": "0 Day",
            "time": "0 H : 5 M"
          },
          "sla": {
            "day": "0 Day",
            "time": "0 H : 30 M"
          },
          "tat": "Pass"
        }
      ]
    },
    {
      "title": "Releaser",
      "numberOfChecker": 0,
      "checkerType": "Releaser",
      "status": "Completed",
      "action": "completed",
      "accordionOpen": true,
      "datas": [
        {
          "company": "Toyota Regional Branch 3",
          "name": "Oen",
          "status": "Released",
          "contact": {
            "phone": "0812-3422-8922",
            "email": "oen@toyota.com"
          },
          "start": {
            "date": "24 Jun 2021",
            "time": "09:00:00"
          },
          "end": {
            "date": "24 Jun 2021",
            "time": "09:30:00"
          },
          "actualtat": {
            "day": "0 Day",
            "time": "0 H : 30 M"
          },
          "sla": {
            "day": "0 Day",
            "time": "0 H : 30 M"
          },
          "tat": "Pass"
        }
      ]
    },
    {
      "title": "Execution",
      "numberOfChecker": 0,
      "checkerType": "Releaser",
      "status": "Completed",
      "action": "completed",
      "accordionOpen": true,
      "note": "3 records succesfully executed and 1 failed.",
      "linkSeeActionHistory": "./#",
      "labelSeeAction": "See detail here.",
      "datas": [
        {
          "company": "System",
          "status": "Partial Successful",
          "contact": {
            "phone": "1500-399",
            "email": "clientservice@permata.com"
          },
          "start": {
            "date": "24 Jun 2021",
            "time": "09:30:00"
          },
          "end": {
            "date": "24 Jun 2021",
            "time": "09:40:00"
          },
          "actualtat": {
            "day": "0 Day",
            "time": "0 H : 10 M"
          },
          "sla": {
            "day": "0 Day",
            "time": "0 H : 30 M"
          },
          "tat": "Pass"
        }
      ]
    }
  ],
  "totalActualTat": {
    "day": "0 Day",
    "time": "1 H : 40 M"
  },
  "totalSla": {
    "day": "0 Day",
    "time": "2 H : 30 M"
  },
  "tat": "Pass"
}]
