[
  {
    "datas": [
      {
        "title": "Maker",
        "status": "Completed",
        "numberOfChecker": 0,
        "checkerType": "Maker",
        "action": "completed",
        "accordionOpen": true,
        "datas": [
          {
            "company": "Toyota Indonesia 1",
            "name": "Rama Gunawan",
            "status": "Created",
            "contact": {
              "phone": "0812-3422-8922",
              "email": "rama@toyota.com"
            },
            "start": {
              "date": "24 Jun 2021",
              "time": "08:00:00"
            },
            "end": {
              "date": "24 Jun 2021",
              "time": "08:30:00"
            },
            "actualtat": {
              "day": "0 Day",
              "time": "0 H : 30 M"
            },
            "sla": {
              "day": "0 Day",
              "time": "0 H : 30 M"
            },
            "tat": "Pass"
          }
        ]
      },
      {
        "title": "Approver 1",
        "numberOfChecker": 0,
        "checkerType": "Approver",
        "status": "Warning",
        "action": "warning",
        "accordionOpen": true,
        "note": "The amount and date are wrong.",
        "datas": [
          {
            "company": "Toyota Motor Finance 2",
            "name": "Ferry Irawan",
            "status": "Send for Repair",
            "contact": {
              "phone": "0812-3422-8922",
              "email": "ferry@toyota.com"
            },
            "start": {
              "date": "24 Jun 2021",
              "time": "08:30:00"
            },
            "end": {
              "date": "24 Jun 2021",
              "time": "09:00:00"
            },
            "actualtat": {
              "day": "0 Day",
              "time": "0 H : 30 M"
            },
            "sla": {
              "day": "0 Day",
              "time": "0 H : 30 M"
            },
            "tat": "Pass"
          }
        ]
      },
      {
        "title": "Maker",
        "numberOfChecker": 0,
        "checkerType": "Maker",
        "status": "Running",
        "action": "running",
        "showName": true,
        "accordionOpen": true,
        "showGroupIcon": true,
        "datas": [
          {
            "company": "Toyota Indonesia 1",
            "name": "Rama Gunawan",
            "status": "Waiting",
            "contact": {
              "phone": "0812-3422-8922",
              "email": "rama@toyota.com"
            },
            "start": {
              "date": "24 Jun 2021",
              "time": "09:00:00"
            },
            "end": null,
            "actualtat": null,
            "sla": {
              "day": "0 Day",
              "time": "0 H : 30 M"
            },
            "tat": null
          }
        ]
      },
      {
        "title": "Approver",
        "numberOfChecker": 0,
        "checkerType": "Approver",
        "status": "Waiting",
        "action": "waiting",
        "accordionOpen": false,
        "datas": [
          {
            "company": "Toyota Motor Finance 2",
            "name": "",
            "status": null,
            "contact": null,
            "start": null,
            "end": null,
            "actualtat": null,
            "sla": {
              "day": "0 Day",
              "time": "0 H : 30 M"
            },
            "tat": null
          }
        ]
      },
      {
        "title": "Releaser",
        "numberOfChecker": 0,
        "checkerType": "Releaser",
        "status": "Waiting",
        "action": "waiting",
        "accordionOpen": false,
        "datas": [
          {
            "company": "Toyota Regional Branch 3",
            "name": "",
            "status": null,
            "contact": null,
            "start": null,
            "end": null,
            "actualtat": null,
            "sla": {
              "day": "0 Day",
              "time": "0 H : 30 M"
            },
            "tat": null
          }
        ]
      },
      {
        "title": "Execution",
        "numberOfChecker": 0,
        "checkerType": "Releaser",
        "status": "Waiting",
        "action": "waiting",
        "accordionOpen": false,
        "datas": [
          {
            "company": "System",
            "name": "",
            "status": null,
            "contact": null,
            "start": null,
            "end": null,
            "actualtat": null,
            "sla": {
              "day": "0 Day",
              "time": "0 H : 30 M"
            },
            "tat": null
          }
        ]
      }
    ],
    "totalActualTat": {
      "day": "0 Day",
      "time": "1 H : 0 M"
    },
    "totalSla": {
      "day": "0 Day",
      "time": "3 H : 30 M"
    },
    "tat": "Pass"
  }
]
