[{
  "datas": [
    {
      "title": "Maker",
      "status": "Completed",
      "numberOfChecker": 0,
      "checkerType": "Maker",
      "action": "completed",
      "accordionOpen": true,
      "datas": [
        {
          "company": "Toyota Indonesia 1",
          "name": "Rama Gunawan",
          "status": "Completed",
          "contact": {
            "phone": "0812-3422-8922",
            "email": "rama@toyota.com"
          },
          "start": {
            "date": "24 Jun 2021",
            "time": "08:00:00"
          },
          "end": {
            "date": "24 Jun 2021",
            "time": "08:30:00"
          },
          "actualtat": {
            "day": "0 Day",
            "time": "0 H : 30 M"
          },
          "sla": {
            "day": "0 Day",
            "time": "0 H : 30 M"
          },
          "tat": "Pass"
        }
      ]
    },
    {
      "title": "Approver 1",
      "status": "Send for Repair",
      "numberOfChecker": 0,
      "checkerType": "Maker",
      "action": "warning",
      "accordionOpen": true,
      "note": "The amount and date are wrong.",
      "datas": [
        {
          "company": "Toyota Motor Finance 2",
          "name": "",
          "status": "Waiting",
          "contact": null,
          "start": {
            "date": "24 Jun 2021",
            "time": "00:30:00"
          },
          "end": null,
          "actualtat": null,
          "sla": {
            "day": "0 Day",
            "time": "0 H : 30 M"
          },
          "tat": null
        },
        {
          "company": "Toyota Motor 1 Kerawang",
          "name": "",
          "status": "Waiting",
          "contact": null,
          "start": {
            "date": "24 Jun 2021",
            "time": "00:30:00"
          },
          "end": null,
          "actualtat": null,
          "sla": {
            "day": "0 Day",
            "time": "0 H : 30 M"
          },
          "tat": null
        }
      ]
    },
    {
      "title": "Approver 2",
      "numberOfChecker": 1,
      "checkerType": "Approver",
      "status": "-",
      "action": "running",
      "accordionOpen": false,
      "datas": [
        {
          "company": "Toyota Motor Finance 2",
          "name": "",
          "status": "",
          "contact": null,
          "start": null,
          "end": null,
          "actualtat": null,
          "sla": null,
          "tat": null
        },
        {
          "company": "Toyota Regional Branch 2",
          "name": "",
          "status": "",
          "contact": null,
          "start": null,
          "end": null,
          "actualtat": null,
          "sla": null,
          "tat": null
        },
        {
          "company": "Toyota Regional Branch 1",
          "name": "",
          "status": "",
          "contact": null,
          "start": null,
          "end": null,
          "actualtat": null,
          "sla": null,
          "tat": null
        }
      ]
    },
    {
      "title": "Releaser",
      "numberOfChecker": 1,
      "checkerType": "Approver",
      "status": "Waiting",
      "action": "waiting",
      "accordionOpen": false,
      "datas": [
        {
          "company": "Toyota Regional Branch 3",
          "status": "",
          "contact": null,
          "start": null,
          "end": null,
          "actualtat": null,
          "sla": null,
          "tat": null
        }
      ]
    },
    {
      "title": "Execution",
      "numberOfChecker": 1,
      "checkerType": "Releaser",
      "status": "Waiting",
      "action": "waiting",
      "accordionOpen": false,
      "datas": [
        {
          "company": "Bank",
          "name": "",
          "status": "",
          "contact": null,
          "start": null,
          "end": null,
          "actualtat": null,
          "sla": null,
          "tat": null
        }
      ]
    }
  ],
  "totalActualTat": {
    "day": "0 Day",
    "time": "0 H : 30 M"
  },
  "totalSla": {
    "day": "0 Day",
    "time": "2 H : 0 M"
  },
  "tat": "Pass"
}]
