[
  {
    "datas": [
      {
        "title": "Maker",
        "status": "Completed",
        "numberOfChecker": 0,
        "checkerType": "Maker",
        "action": "completed",
        "accordionOpen": true,
        "showGroupIcon": true,
        "datas": [
          {
            "company": "Toyota Motor Finance 2",
            "name": "Irmawati",
            "status": "Completed",
            "contact": {
              "phone": "0812-3422-8922",
              "email": "irmawati@toyota.com"
            },
            "start": {
              "date": "24 Jun 2021",
              "time": "08:00:00"
            },
            "end": {
              "date": "24 Jun 2021",
              "time": "08:30:00"
            },
            "actualtat": {
              "day": "0 Day",
              "time": "0 H : 30 M"
            },
            "sla": {
              "day": "0 Day",
              "time": "0 H : 30 M"
            },
            "tat": "Pass",
            "groupData": [
              {
                "name": "Irma",
                "userName": "irma2000",
                "accountNumber": "0812-3422-8999",
                "email": "irma@toyota.com"
              },
              {
                "name": "Ferry",
                "userName": "ferry1990",
                "accountNumber": "0812-3422-8937",
                "email": "ferry@toyota.com"
              }
            ]
          }
        ]
      },
      {
        "title": "Approver 1",
        "numberOfChecker": 1,
        "checkerType": "Approver",
        "status": "Waiting",
        "action": "running",
        "accordionOpen": true,
        "showGroupIcon": true,
        "datas": [
          {
            "company": "Toyota Motor 1 Karawang",
            "status": "Waiting",
            "contact": null,
            "start": {
              "date": "24 Jun 2021",
              "time": "08:30:00"
            },
            "end": null,
            "actualtat": null,
            "sla": {
              "day": "0 Day",
              "time": "0 H : 30 M"
            },
            "tat": null,
            "groupData": [
              {
                "name": "Irma",
                "userName": "irma2000",
                "accountNumber": "0812-3422-8999",
                "email": "irma@toyota.com"
              },
              {
                "name": "Ferry",
                "userName": "ferry1990",
                "accountNumber": "0812-3422-8937",
                "email": "ferry@toyota.com"
              },
              {
                "name": "Christin Oen",
                "userName": "alexoetomo2000",
                "accountNumber": "0812-3422-8999",
                "email": "oen@toyota.com"
              },
              {
                "name": "Dhymas Salim",
                "userName": "dhymassalim1990",
                "accountNumber": "0812-3422-8937",
                "email": "dhymas@toyota.com"
              },
              {
                "name": "Isna Saras",
                "userName": "isna34",
                "accountNumber": "0812-3422-8999",
                "email": "isna@toyota.com"
              },
              {
                "name": "Reza Octavia",
                "userName": "rezaocta",
                "accountNumber": "0812-3422-8937",
                "email": "reza@toyota.com"
              },
              {
                "name": "Irma 2",
                "userName": "irma2003",
                "accountNumber": "0812-3422-8999",
                "email": "irma@toyota.com"
              },
              {
                "name": "Ferry Test",
                "userName": "ferry1993",
                "accountNumber": "0812-3422-8937",
                "email": "ferry@toyota.com"
              },
              {
                "name": "Irma Lorem Ipsum",
                "userName": "irma2004",
                "accountNumber": "0812-3422-8999",
                "email": "irma@toyota.com"
              },
              {
                "name": "Ferry Test 2",
                "userName": "ferry1994",
                "accountNumber": "0812-3422-8937",
                "email": "ferry@toyota.com"
              },
              {
                "name": "Irma Test 2",
                "userName": "irma2005",
                "accountNumber": "0812-3422-8999",
                "email": "irma@toyota.com"
              }
            ]
          }
        ]
      },
      {
        "title": "Approver 2",
        "numberOfChecker": 1,
        "checkerType": "Approver",
        "status": "Waiting",
        "action": "waiting",
        "accordionOpen": false,
        "datas": [
          {
            "name": "-",
            "status": "-",
            "contact": null,
            "start": null,
            "end": null,
            "actualtat": null,
            "sla": null,
            "tat": null
          }
        ]
      },
      {
        "title": "Releaser",
        "numberOfChecker": 0,
        "checkerType": "Releaser",
        "status": "Waiting",
        "action": "waiting",
        "accordionOpen": false,
        "datas": [
          {
            "name": "-",
            "status": "-",
            "contact": null,
            "start": null,
            "end": null,
            "actualtat": null,
            "sla": null,
            "tat": null
          }
        ]
      },
      {
        "title": "Execution",
        "status": "Executed",
        "numberOfChecker": 0,
        "checkerType": "Maker",
        "action": "waiting",
        "accordionOpen": false,
        "disable": false,
        "datas": [
          {
            "name": "-",
            "status": "-",
            "contact": null,
            "start": null,
            "end": null,
            "actualtat": null,
            "sla": null,
            "tat": null
          }
        ]
      }
    ],
    "totalActualTat": {
      "day": "0 Day",
      "time": "0 H : 30 M"
    },
    "totalSla": {
      "day": "0 Day",
      "time": "2 H : 0 M"
    },
    "tat": "Pass"
  }
]
