[
  {
    "datas": [
      {
        "title": "Maker",
        "status": "Completed",
        "numberOfChecker": 0,
        "checkerType": "Maker",
        "action": "completed",
        "accordionOpen": true,
        "datas": [
          {
            "company": "Toyota Indonesia 1",
            "name": "Rama Gunawan",
            "status": "Created",
            "contact": {
              "phone": "0812-3422-8922",
              "email": "rama@toyota.com"
            },
            "start": {
              "date": "24 Jun 2021",
              "time": "08:00:00"
            },
            "end": {
              "date": "24 Jun 2021",
              "time": "08:30:00"
            },
            "actualtat": {
              "day": "0 Day",
              "time": "0 H : 30 M"
            },
            "sla": {
              "day": "0 Day",
              "time": "0 H : 30 M"
            },
            "tat": "Pass"
          }
        ]
      },
      {
        "title": "Approver 1",
        "status": "Rejected",
        "numberOfChecker": 0,
        "checkerType": "Maker",
        "action": "failed",
        "accordionOpen": true,
        "datas": [
          {
            "company": "Toyota Motor Finance 2",
            "name": "Ferry Irawan",
            "status": "Rejected",
            "contact": {
              "phone": "0812-3422-8933",
              "email": "ferry@toyota.com"
            },
            "start": {
              "date": "24 Jun 2021",
              "time": "08:00:00"
            },
            "end": {
              "date": "24 Jun 2021",
              "time": "08:30:00"
            },
            "actualtat": {
              "day": "0 Day",
              "time": "0 H : 30 M"
            },
            "sla": {
              "day": "0 Day",
              "time": "0 H : 30 M"
            },
            "tat": "Pass"
          }
        ]
      }
    ],
    "totalActualTat": {
      "day": "0 Day",
      "time": "1 H : 0 M"
    },
    "totalSla": {
      "day": "0 Day",
      "time": "1 H : 0 M"
    },
    "tat": "Pass"
  }
]
