[{
  "datas": [
    {
      "title": "Maker",
      "status": "Completed",
      "numberOfChecker": 0,
      "checkerType": "Maker",
      "action": "completed",
      "accordionOpen": true,
      "datas": [
        {
          "company": "Toyota Indonesia 1",
          "name": "Rama Gunawan",
          "status": "Completed",
          "contact": {
            "phone": "0812-3422-8922",
            "email": "rama@toyota.com"
          },
          "start": {
            "date": "24 Jun 2021",
            "time": "08:00:00"
          },
          "end": {
            "date": "24 Jun 2021",
            "time": "08:30:00"
          },
          "actualtat": {
            "day": "0 Day",
            "time": "0 H : 30 M"
          },
          "sla": {
            "day": "0 Day",
            "time": "0 H : 30 M"
          },
          "tat": "Pass"
        }
      ]
    },
    {
      "title": "Approver 1",
      "status": "Approved",
      "numberOfChecker": 0,
      "checkerType": "Approver",
      "action": "completed",
      "accordionOpen": true,
      "datas": [
        {
          "company": "Toyota Motor Finance 2",
          "name": "Irma",
          "status": "Approved",
          "contact": {
            "phone": "0812-3422-8922",
            "email": "irma@toyota.com"
          },
          "start": {
            "date": "24 Jun 2021",
            "time": "08:30:00"
          },
          "end": {
            "date": "24 Jun 2021",
            "time": "08:55:00"
          },
          "actualtat": {
            "day": "0 Day",
            "time": "0 H : 25 M"
          },
          "sla": {
            "day": "0 Day",
            "time": "0 H : 30 M"
          },
          "tat": "Pass"
        }
      ]
    },
    {
      "title": "Approver 2",
      "status": "Approved",
      "numberOfChecker": 0,
      "checkerType": "Approver",
      "action": "completed",
      "accordionOpen": true,
      "datas": [
        {
          "company": "Toyota Motor Finance 2",
          "name": "Ferry",
          "status": "Approved",
          "contact": {
            "phone": "0812-3422-8922",
            "email": "ferry@toyota.com"
          },
          "start": {
            "date": "24 Jun 2021",
            "time": "08:30:00"
          },
          "end": {
            "date": "24 Jun 2021",
            "time": "08:55:00"
          },
          "actualtat": {
            "day": "0 Day",
            "time": "0 H : 25 M"
          },
          "sla": {
            "day": "0 Day",
            "time": "0 H : 30 M"
          },
          "tat": "Pass"
        }
      ]
    },
    {
      "title": "Releaser",
      "numberOfChecker": 0,
      "checkerType": "Approver",
      "status": "Approved",
      "action": "completed",
      "accordionOpen": true,
      "datas": [
        {
          "company": "Toyota Regional Branch 3",
          "name": "Oen",
          "status": "Approved",
          "contact": {
            "phone": "0812-3422-8922",
            "email": "oen@toyota.com"
          },
          "start": {
            "date": "24 Jun 2021",
            "time": "08:30:00"
          },
          "end": {
            "date": "24 Jun 2021",
            "time": "08:55:00"
          },
          "actualtat": {
            "day": "0 Day",
            "time": "0 H : 25 M"
          },
          "sla": {
            "day": "0 Day",
            "time": "0 H : 30 M"
          },
          "tat": "Pass"
        }
      ]
    },
    {
      "title": "Execution",
      "numberOfChecker": 0,
      "checkerType": "Releaser",
      "status": "Failed",
      "action": "failed",
      "accordionOpen": true,
      "datas": [
        {
          "company": "Bank",
          "name": null,
          "status": "Failed",
          "contact": {
            "phone": "0812-3422-8922",
            "email": "clientservice@permatabank.com"
          },
          "start": {
            "date": "24 Jun 2021",
            "time": "08:30:00"
          },
          "end": {
            "date": "24 Jun 2021",
            "time": "08:55:00"
          },
          "actualtat": {
            "day": "0 Day",
            "time": "0 H : 25 M"
          },
          "sla": {
            "day": "0 Day",
            "time": "0 H : 30 M"
          },
          "tat": "Pass"
        }
      ]
    }
  ],
  "totalActualTat": {
    "day": "0 Day",
    "time": "0 H : 30 M"
  },
  "totalSla": {
    "day": "0 Day",
    "time": "2 H : 0 M"
  },
  "tat": "Pass"
}]
