[
  {
    "datas": [
      {
        "title": "Maker",
        "status": "Completed",
        "numberOfChecker": 0,
        "checkerType": "Maker",
        "action": "completed",
        "accordionOpen": true,
        "datas": [
          {
            "company": "Toyota Indonesia 1",
            "name": "Rama Gunawan",
            "status": "Created",
            "contact": {
              "phone": "0812-3422-8922",
              "email": "rama@toyota.com"
            },
            "start": {
              "date": "24 Jun 2021",
              "time": "08:00:00"
            },
            "end": {
              "date": "24 Jun 2021",
              "time": "08:30:00"
            },
            "actualtat": {
              "day": "0 Day",
              "time": "0 H : 30 M"
            },
            "sla": {
              "day": "0 Day",
              "time": "0 H : 30 M"
            },
            "tat": "Pass"
          }
        ]
      },
      {
        "title": "Approver 1",
        "status": "Approved",
        "numberOfChecker": 0,
        "checkerType": "Approver",
        "action": "completed",
        "accordionOpen": true,
        "datas": [
          {
            "company": "Toyota Motor Finance 2",
            "name": "Ferry Irawan",
            "status": "Approved",
            "contact": {
              "phone": "0812-3422-8922",
              "email": "ferry@astra.com"
            },
            "start": {
              "date": "24 Jun 2021",
              "time": "08:30:00"
            },
            "end": {
              "date": "24 Jun 2021",
              "time": "08:55:00"
            },
            "actualtat": {
              "day": "0 Day",
              "time": "0 H : 25 M"
            },
            "sla": {
              "day": "0 Day",
              "time": "0 H : 30 M"
            },
            "tat": "Pass"
          }
        ]
      },
      {
        "title": "Approver 2",
        "status": "Approved",
        "numberOfChecker": 0,
        "checkerType": "Approver",
        "action": "completed",
        "accordionOpen": true,
        "datas": [
          {
            "company": "Toyota Motor 1 Karawang",
            "name": "Irmawati",
            "status": "Approved",
            "contact": {
              "phone": "0812-3422-8922",
              "email": "irmawati@astra.com"
            },
            "start": {
              "date": "24 Jun 2021",
              "time": "08:30:00"
            },
            "end": {
              "date": "24 Jun 2021",
              "time": "08:55:00"
            },
            "actualtat": {
              "day": "0 Day",
              "time": "0 H : 25 M"
            },
            "sla": {
              "day": "0 Day",
              "time": "0 H : 30 M"
            },
            "tat": "Pass"
          }
        ]
      },
      {
        "title": "Releaser",
        "numberOfChecker": 1,
        "checkerType": "Approver",
        "status": "Released",
        "action": "completed",
        "accordionOpen": true,
        "note": "Released after cut-off time.",
        "linkSeeActionHistory": "./#",
        "datas": [
          {
            "company": "Toyota Regional Branch 3",
            "name": "Oen",
            "status": "Released",
            "contact": {
              "phone": "0812-2020-2222",
              "email": "oen@toyota.com"
            },
            "start": {
              "date": "24 Jun 2021",
              "time": "08:30:00"
            },
            "end": {
              "date": "24 Jun 2021",
              "time": "08:55:00"
            },
            "actualtat": {
              "day": "0 Day",
              "time": "0 H : 25 M"
            },
            "sla": {
              "day": "0 Day",
              "time": "0 H : 30 M"
            },
            "tat": "Pass"
          }
        ]
      },
      {
        "title": "Execution",
        "numberOfChecker": 1,
        "checkerType": "Releaser",
        "status": "Waiting",
        "action": "running",
        "accordionOpen": true,
        "datas": [
          {
            "company": "System",
            "name": null,
            "status": "Waiting",
            "contact": {
              "phone": "1500-399",
              "email": "clientservice@permatabank.com"
            },
            "start": {
              "date": "25 Jun 2021",
              "time": "10:00:00"
            },
            "end": null,
            "actualtat": null,
            "sla": {
              "day": "0 Day",
              "time": "0 H : 30 M"
            },
            "tat": null
          }
        ]
      }
    ],
    "totalActualTat": {
      "day": "0 Day",
      "time": "1 H : 30 M"
    },
    "totalSla": {
      "day": "0 Day",
      "time": "2 H : 30 M"
    },
    "tat": "Pass"
  }
]
