[{
  "datas": [
    {
      "title": "Maker",
      "status": "Completed",
      "numberOfChecker": 0,
      "checkerType": "Maker",
      "action": "completed",
      "accordionOpen": true,
      "datas": [
        {
          "company": "Toyota Motor Finance 2",
          "name": "Irmawati",
          "status": "Completed",
          "contact": {
            "phone": "0812-3422-8922",
            "email": "irmawati@toyota.com"
          },
          "start": {
            "date": "24 Jun 2021",
            "time": "08:00:00"
          },
          "end": {
            "date": "24 Jun 2021",
            "time": "08:30:00"
          },
          "actualtat": {
            "day": "0 Day",
            "time": "0 H : 30 M"
          },
          "sla": {
            "day": "0 Day",
            "time": "0 H : 30 M"
          },
          "tat": "Pass"
        }
      ]
    },
    {
      "title": "Approver 1",
      "numberOfChecker": 0,
      "checkerType": "Approver",
      "status": "Completed",
      "action": "completed",
      "accordionOpen": true,
      "datas": [
        {
          "company": "Toyota Motor Finance 2",
          "name": "Ferry Irawan",
          "status": "Approved",
          "contact": {
            "phone": "0812-3422-8922",
            "email": "ferry@toyota.com"
          },
          "start": {
            "date": "24 Jun 2021",
            "time": "08:30:00"
          },
          "end": {
            "date": "24 Jun 2021",
            "time": "09:00:00"
          },
          "actualtat": {
            "day": "0 Day",
            "time": "0 H : 30 M"
          },
          "sla": {
            "day": "0 Day",
            "time": "0 H : 30 M"
          },
          "tat": "Pass"
        }
      ]
    },
    {
      "title": "Maker",
      "numberOfChecker": 0,
      "checkerType": "Approver",
      "status": "Completed",
      "action": "completed",
      "accordionOpen": true,
      "datas": [
        {
          "company": "Toyota Motor Finance 2",
          "name": "Irma",
          "status": "Completed",
          "contact": {
            "phone": "0812-8989-2332",
            "email": "irma@toyota.com"
          },
          "start": {
            "date": "24 Jun 2021",
            "time": "08:00:00"
          },
          "end": {
            "date": "24 Jun 2021",
            "time": "08:30:00"
          },
          "actualtat": {
            "day": "0 Day",
            "time": "0 H : 30 M"
          },
          "sla": {
            "day": "0 Day",
            "time": "0 H : 30 M"
          },
          "tat": "Pass"
        }
      ]
    },
    {
      "title": "Approver 1",
      "numberOfChecker": 0,
      "checkerType": "Approver",
      "status": "Completed",
      "action": "completed",
      "accordionOpen": true,
      "datas": [
        {
          "company": "Toyota Motor Finance 2",
          "name": "Irma",
          "status": "Approved",
          "contact": {
            "phone": "0812-8989-2332",
            "email": "irma@toyota.com"
          },
          "start": {
            "date": "24 Jun 2021",
            "time": "08:00:00"
          },
          "end": {
            "date": "24 Jun 2021",
            "time": "08:30:00"
          },
          "actualtat": {
            "day": "0 Day",
            "time": "0 H : 30 M"
          },
          "sla": {
            "day": "0 Day",
            "time": "0 H : 30 M"
          },
          "tat": "Pass"
        }
      ]
    },
    {
      "title": "Approver 2",
      "numberOfChecker": 0,
      "checkerType": "Approver",
      "status": "Completed",
      "action": "completed",
      "accordionOpen": true,
      "datas": [
        {
          "company": "Toyota Motor Finance 2",
          "name": "Ferry",
          "status": "Approved",
          "contact": {
            "phone": "0812-3422-8922",
            "email": "ferry@toyota.com"
          },
          "start": {
            "date": "24 Jun 2021",
            "time": "08:00:00"
          },
          "end": {
            "date": "24 Jun 2021",
            "time": "08:30:00"
          },
          "actualtat": {
            "day": "0 Day",
            "time": "0 H : 30 M"
          },
          "sla": {
            "day": "0 Day",
            "time": "0 H : 30 M"
          },
          "tat": "Pass"
        }
      ]
    },
    {
      "title": "Releaser",
      "numberOfChecker": 0,
      "checkerType": "Releaser",
      "status": "Completed",
      "action": "completed",
      "accordionOpen": true,
      "datas": [
        {
          "company": "Toyota Regional Branch 3",
          "name": "Oen",
          "status": "Released",
          "contact": {
            "phone": "0812-3422-8922",
            "email": "oen@toyota.com"
          },
          "start": {
            "date": "24 Jun 2021",
            "time": "08:00:00"
          },
          "end": {
            "date": "24 Jun 2021",
            "time": "08:30:00"
          },
          "actualtat": {
            "day": "0 Day",
            "time": "0 H : 30 M"
          },
          "sla": {
            "day": "0 Day",
            "time": "0 H : 30 M"
          },
          "tat": "Pass"
        }
      ]
    },
    {
      "title": "Execution",
      "numberOfChecker": 0,
      "checkerType": "Releaser",
      "status": "Completed",
      "action": "completed",
      "accordionOpen": true,
      "note": "2 records succesfully executed and 2 records still on execution progress.",
      "linkSeeActionHistory": "./#",
      "datas": [
        {
          "company": "System",
          "status": "In Progress",
          "stillProgress": true,
          "contact": {
            "phone": "1500-399",
            "email": "clientservice@permata.com"
          },
          "start": {
            "date": "24 Jun 2021",
            "time": "08:00:00"
          },
          "end": {
            "date": "24 Jun 2021",
            "time": "08:30:00"
          },
          "actualtat": {
            "day": "0 Day",
            "time": "0 H : 30 M"
          },
          "sla": {
            "day": "0 Day",
            "time": "0 H : 30 M"
          },
          "tat": "Pass"
        }
      ]
    }
  ],
  "totalActualTat": {
    "day": "0 Day",
    "time": "0 H : 30 M"
  },
  "totalSla": {
    "day": "0 Day",
    "time": "2 H : 0 M"
  },
  "tat": "Pass"
}]
