[
  {
    "id": 1,
    "variant": "primary",
    "icon": "star",
    "children": "Save as Favorites",
    "to": "/services/favorites",
    "type": "button"
  },
  {
    "id": 2,
    "variant": "primary",
    "icon": "addCircle",
    "children": "Create New Payment",
    "to": "/services?active_section=0",
    "type": "link"
  },
  {
    "id": 3,
    "variant": "primary",
    "icon": "progress",
    "children": "See Approval Process",
    "to": "/transaction-status/detail?entrypoint=all#DIRECT-PROCESS",
    "type": "link"
  }
]
