{
  "fromAcccount": [
    {
      "label": "Account",
      "value": "PT Astra Indonesia | 0042-8820-1229 | IDR"
    }
  ],
  "payeeDetails": [
    {
      "label": "Category",
      "value": "Postpaid Handphone"
    },
    {
      "label": "MobileNumber",
      "value": "0811-2234-344"
    },
    {
      "label": "Provider",
      "value": "Telkomsel"
    },
    {
      "label": "CustomerName",
      "value": "Rahmat Gunawan"
    }
  ],
  "transactionDetails": [
    {
      "label": "Amount",
      "value": "IDR 2,000,000.00"
    },
    {
      "label": "ServiceFee",
      "value": "IDR 1,000.00"
    },
    {
      "label": "TransactionFee",
      "value": "IDR 1,500.00"
    },
    {
      "label": "TotalDebitAmount",
      "value": "IDR 2,002,500.00"
    },
    {
      "label": "TransactionDate",
      "value": "24 Jun 2021"
    }
  ],
  "additionalDetails": [
    {
      "label": "RecipientEmail",
      "value": "-"
    },
    {
      "label": "RecipientWhatsAppNumber1",
      "value": "+62 8123-4567-8"
    }
  ]
}