{
  "fromAcccount": [
    {
      "label": "Account",
      "value": "PT Astra Indonesia | 0042-8820-1229 | IDR"
    }
  ],
  "payeeDetails": [
    {
      "label": "Category",
      "value": "Virtual Account"
    },
    {
      "label": "VirtualAccountNumber",
      "value": "7040-8778-4908-203"
    },
    {
      "label": "VirtualAccount",
      "value": "Shopee - A*********D"
    }
  ],
  "transactionDetails": [
    {
      "label": "Amount",
      "value": "IDR 400,000,000.00"
    },
    {
      "label": "TransactionFee",
      "value": "IDR 3,500.00"
    },
    {
      "label": "TotalDebitAmount",
      "value": "IDR 400,003,500.00"
    },
    {
      "label": "TransactionDate",
      "value": "24 Jun 2021"
    },
    {
      "label": "TransactionReferenceNo",
      "value": "1231-2412-4141-2333"
    }
  ],
  "additionalDetails": [
    {
      "label": "RecipientEmail",
      "value": "-"
    },
    {
      "label": "RecipientWhatsAppNumber1",
      "value": "+62 8123-4567-8"
    }
  ],
  "recurring": []
}
