{
  "fromAcccount": [
    {
      "label": "Account",
      "value": "PT Astra Indonesia | 0042-8820-1229 | IDR"
    }
  ],
  "payeeDetails": [
    {
      "label": "Category",
      "value": "Credit Card"
    },
    {
      "label": "CreditCard",
      "value": "Other Bank"
    },
    {
      "label": "CreditCardNumber",
      "value": "0041-2321-4123-2222"
    }
  ],
  "transactionDetails": [
    {
      "label": "Amount",
      "value": "IDR 30,000,000.00"
    },
    {
      "label": "TransactionFee",
      "value": "IDR 5,000.00"
    },
    {
      "label": "TotalDebitAmount",
      "value": "IDR 30,005,000.00"
    },
    {
      "label": "TransactionDate",
      "value": "24 Jun 2021"
    }
  ],
  "additionalDetails": [
    {
      "label": "RecipientEmail",
      "value": "oen@astra.com"
    },
    {
      "label": "RecipientWhatsAppNumber1",
      "value": "+62 8123-4567-8"
    }
  ]
}
