{
  "fromAcccount": [
    {
      "label": "Account",
      "value": "PT Astra Indonesia | 0042-8820-1229 | IDR"
    }
  ],
  "payeeDetails": [
    {
      "label": "Category",
      "value": "Ticket"
    },
    {
      "label": "AirlineTravelAgent",
      "value": "Garuda Indonesia"
    },
    {
      "label": "PaymentCode",
      "value": "1234-5564-5767-568"
    },
    {
      "label": "CustomerName",
      "value": "Rama Gunawan"
    }
  ],
  "transactionDetails": [
    {
      "label": "Amount",
      "value": "IDR 1,000,000.00"
    },
    {
      "label": "TransactionFee",
      "value": "IDR 3,000.00"
    },
    {
      "label": "TotalDebitAmount",
      "value": "IDR 1,003,000.00"
    },
    {
      "label": "BookingNumber",
      "value": "QYOSTD18627"
    },
    {
      "label": "NumberOfPassenger",
      "value": "1 Adult"
    },
    {
      "label": "Destination",
      "value": "CGK - SUB"
    },
    {
      "label": "FlightNumber",
      "value": "GA1423"
    },
    {
      "label": "DepartureDateTime",
      "value": "10 Oct 2021 | 10:30:20"
    },
    {
      "label": "TransactionDate",
      "value": "24 Jun 2021"
    }
  ],
  "additionalDetails": [
    {
      "label": "RecipientEmail",
      "value": "-"
    },
    {
      "label": "RecipientWhatsAppNumber1",
      "value": "+62 8123-4567-8"
    }
  ]
}