{
  "fromAcccount": [
    {
      "label": "Account",
      "value": "PT Astra Indonesia | 0042-8820-1229 | IDR"
    }
  ],
  "payeeDetails": [
    {
      "label": "Category",
      "value": "Education"
    },
    {
      "label": "SchoolName",
      "value": "Atma Jaya Yogyakarta"
    },
    {
      "label": "AccountNumber",
      "value": "2006-6209-50"
    },
    {
      "label": "AccountName",
      "value": "Budiono"
    }
  ],
  "transactionDetails": [
    {
      "label": "Amount",
      "value": "IDR 1,000,000.00"
    },
    {
      "label": "TransactionFee",
      "value": "IDR 3,000.00"
    },
    {
      "label": "TotalDebitAmount",
      "value": "IDR 1,003,000.00"
    },
    {
      "label": "TransactionDate",
      "value": "24 Jun 2021"
    },
    {
      "label": "TransactionReferenceNo",
      "value": "1231-2412-4141-2333"
    }
  ],
  "additionalDetails": [
    {
      "label": "RecipientEmail",
      "value": "-"
    },
    {
      "label": "RecipientWhatsAppNumber1",
      "value": "+62 8123-4567-8"
    }
  ],
  "recurring": []
}
