[
  {
    "id": 1,
    "status": false,
    "linkTo": "",
    "label": "TotalRecord",
    "description": "5",
    "amount": ""
  },
  {
    "id": 2,
    "status": false,
    "linkTo": "",
    "label": "TotalAmount",
    "description": "IDR 300,000,000.00",
    "amount": ""
  },
  {
    "id": 3,
    "status": false,
    "linkTo": "",
    "label": "TotalTransactionFee",
    "description": "IDR 35,000.00",
    "amount": ""
  },
  {
    "id": 4,
    "status": false,
    "linkTo": "",
    "label": "TotalBulkPaymentFee",
    "description": "IDR 5,000.00",
    "amount": ""
  },
  {
    "id": 5,
    "status": false,
    "linkTo": "",
    "label": "TotalDebitedAmount",
    "description": "IDR 300,040,000.00",
    "amount": ""
  }
]