[
  {
    "id": 1,
    "status": false,
    "linkTo": "",
    "label": "Record",
    "description": "5",
    "amount": ""
  },
  {
    "id": 2,
    "status": true,
    "linkTo": "",
    "label": "Pass",
    "description": "5",
    "amount": ""
  },
  {
    "id": 3,
    "status": true,
    "isStatusError": true,
    "linkTo": "",
    "label": "ToRepair",
    "description": "0",
    "amount": ""
  },
  {
    "id": 4,
    "status": false,
    "linkTo": "",
    "label": "ValidationStatus",
    "description": "Ready to proceed",
    "amount": ""
  },
  {
    "id": 5,
    "status": false,
    "linkTo": "",
    "label": "DebitMethod",
    "description": "Multi Debit",
    "amount": ""
  },
  {
    "id": 6,
    "status": false,
    "linkTo": "",
    "label": "ApprovalMethod",
    "description": "Per File",
    "amount": ""
  },
  {
    "id": 7,
    "status": false,
    "linkTo": "",
    "label": "TransactionDate",
    "description": "24 Jun 2022",
    "amount": "",
    "tooltip": true,
    "tooltipSymbol": "editNew",
    "clickableTooltip": true
  },
  {
    "id": 8,
    "status": false,
    "linkTo": "",
    "label": "TotalAmount",
    "description": "IDR 300,000,000.00",
    "amount": "",
    "tooltip": true,
    "tooltipInformation": "TooltipAcumulatedBasedRecord"
  },
  {
    "id": 9,
    "status": false,
    "linkTo": "",
    "label": "TotalFee",
    "description": "IDR 40,000.00",
    "amount": "",
    "tooltip": true,
    "tooltipInformation": "TooltipAcumulatedBasedRecord"
  },
  {
    "id": 10,
    "status": false,
    "linkTo": "",
    "label": "BatchNo",
    "description": "1234-1234-1234-1234",
    "amount": ""
  }
]
