{
  "stepList": [
    {
      "variant": "current",
      "number": 2,
      "textInfo": "UploadFile",
      "anchorId": "uploadFile",
      "confAnchorId": "ConfirmationuploadFile",
      "activated": false
    },
    {
      "variant": "inactive",
      "number": 3,
      "textInfo": "FromAccount",
      "anchorId": "fromAccount",
      "confAnchorId": "ConfirmationfromAccount",
      "activated": false
    },
    {
      "variant": "inactive",
      "number": 4,
      "textInfo": "TransactionDetailsOptional",
      "anchorId": "transactionDetails",
      "confAnchorId": "ConfirmationtransactionDetails",
      "activated": false
    }
  ]
}
