{
  "fromAccount": {
    "accountName": "PT Toyota Motor Manufacturing Indonesia",
    "currency": "IDR",
    "favorite": true,
    "id": 1,
    "originalText": "0080-1439-5901",
    "text": "0080-1439-5901",
    "typeForm": "",
    "values": 1
  },
  "beneficiaryDetails": {
    "bankName": {
      "id": 2,
      "isDomestic": true,
      "originalText": "Bank Central Asia (BCA)",
      "text": "Bank Central Asia (BCA)",
      "type": "online",
      "values": 2
    },
    "accountName": "PT Makmur Sentosa",
    "accountNumber": "0022-8820-8888",
    "validateBeneficiaryName": "PT Makmur Sentosa"
  },
  "transactionDetails": {
    "amount": {
      "value": "10000000",
      "float": 1000000
    },
    "transferType": {
      "value": "1",
      "text": "LLG",
      "floatingText": true,
      "showDropdown": false
    },
    "charge": {
      "value": "1",
      "text": "Remitter",
      "floatingText": true,
      "showDropdown": false
    },
    "citizenShip": {
      "value": "1",
      "text": "Resident - Citizen",
      "floatingText": true,
      "showDropdown": false
    },
    "beneficiaryCategory": {
      "value": "1",
      "text": "Individual",
      "floatingText": true,
      "showDropdown": false
    },
    "referenceNumber": "1234-1234-1234-1234"
  },
  "additionalDetail": {
    "shortMessage": {
      "value": ""
    },
    "customerReferenceDetail": {
      "value": "C190#8881200022DDER2"
    },
    "emailList": {
      "value": []
    }
  }
}
