{
  "stepList": [
    {
      "variant": "inactive",
      "number": 1,
      "textInfo": "FromAccount",
      "anchorId": "fromAccount",
      "confAnchorId": "fromAccount",
      "activated": false
    },
    {
      "variant": "inactive",
      "number": 2,
      "textInfo": "BeneficiaryDetails",
      "anchorId": "beneficiaryDetails",
      "confAnchorId": "beneficiaryDetails",
      "activated": false
    },
    {
      "variant": "inactive",
      "number": 3,
      "textInfo": "TransactionDetails",
      "anchorId": "transactionDetails",
      "confAnchorId": "transactionDetails",
      "activated": false
    },
    {
      "variant": "inactive",
      "number": 4,
      "textInfo": "AdditionalDetailsOptional",
      "anchorId": "additionalDetails",
      "confAnchorId": "additionalDetails",
      "activated": false
    },
    {
      "variant": "inactive",
      "number": 5,
      "textInfo": "Recurring",
      "anchorId": "",
      "confAnchorId": "Confirmationrecurring",
      "activated": true
    }
  ]
}
