[
  {
    "id": 1,
    "to": "/services/local-currency-transfer",
    "variant": "primary",
    "icon": "current",
    "children": "LocalCurrencyTransfer"
  },
  {
    "id": 2,
    "to": "#",
    "variant": "primary",
    "icon": "foreigncurrencytransfer",
    "children": "ForeignCurrencyTransfer"
  },
  {
    "id": 3,
    "to": "#",
    "variant": "primary",
    "icon": "taxPayment",
    "children": "TaxPayment"
  },
  {
    "id": 4,
    "to": "/services/bill-payment",
    "variant": "primary",
    "icon": "billPayment",
    "children": "BillPayment"
  },
  {
    "id": 5,
    "to": "/services/top-up",
    "variant": "primary",
    "icon": "topup",
    "children": "TopUp"
  },
  {
    "id": 6,
    "to": "#",
    "variant": "primary",
    "icon": "bulktransactions",
    "children": "BulkPayment"
  },
  {
    "id": 7,
    "to": "/services/cheque-book-request",
    "variant": "primary",
    "icon": "chequeRequest",
    "children": "ChequeBookRequest"
  },
  {
    "id": 8,
    "to": "/accounts/time-deposit",
    "variant": "primary",
    "icon": "deposito",
    "children": "OpenTimeDeposit"
  },
  {
    "id": 9,
    "to": "#",
    "variant": "primary",
    "icon": "report",
    "children": "QueryManagement"
  },
  {
    "id": 10,
    "to": "#",
    "variant": "primary",
    "icon": "star",
    "children": "Favorites"
  }
]