{
  "fromAcccount": [
    {
      "label": "Account",
      "value": "Giro 4 PT Astra Indonesia | 0080-1439-5901 | IDR"
    }
  ],
  "requestDetails": [
    {
      "label": "Type",
      "value": "Cheque Book"
    },
    {
      "label": "Quantity",
      "value": "2"
    },
    {
      "label": "TotalPrice",
      "value": "IDR 570,000.00"
    },
    {
      "label": "RequestExpiryDate",
      "value": "24 Jul 2021",
      "tooltipTitle": "RequestExpiryDate",
      "tooltipText": "ChequeBookGiroBookWillBeExpiredIn1Month"
    }
  ],
  "pickupDetail": [
    {
      "label": "PickUpBranch",
      "value": "ACC Simatupang | Jakarta Selatan"
    },
    {
      "label": "PickUpMethod",
      "value": "Delegate Pick-Up"
    },
    {
      "label": "AuthorizedDelegateName",
      "value": "Budi Setiawan"
    },
    {
      "label": "AuthorizedDelegatKTPNumber",
      "value": "3371-2056-1822-0231"
    },
    {
      "label": "AuthorizedDelegateAddress",
      "value": "Sudirman Park, Jl. Kyai Haji Mansyur Kav. 35, Karet Tengsin, Jakarta Pusat."
    },
    {
      "label": "AuthorizerNameAndPosition",
      "value": "Rama Gunawan - Director & Chief Strategy Officer"
    }
  ],
  "additionalDetails": [
    {
      "label": "RecipientEmail",
      "value": "-"
    },{
      
      "label": "RecipientWhatsAppNumber1",
      "value": "+62 8123-4567-8"
    }
  ]
}
