{
  "fromAcccount": [
    {
      "label": "Account",
      "value": "PT Astra Indonesia | 0042-8820-1229 | IDR"
    }
  ],
  "requestDetails": [
    {
      "label": "Type",
      "value": "Cheque Book"
    },
    {
      "label": "Quantity",
      "value": "2"
    },
    {
      "label": "TotalPrice",
      "value": "IDR 570,000.00"
    },
    {
      "label": "RequestExpiryDate",
      "value": "24 Jul 2021"
    }
  ],
  "pickupDetail": [
    {
      "label": "PickupBranch",
      "value": "ACC Simatupang | Jakarta Selatan"
    },
    {
      "label": "PickupMethod",
      "value": "Self Pick-Up"
    },
    {
      "label": "TotalDebitAmount",
      "value": "Rama Gunawan - Director & Chief Strategy Officer"
    }
  ],
  "additionalDetails": [
    {
      "label": "RecipientEmail",
      "value": "-"
    },
    {
      "label": "RecipientWhatsAppNumber1",
      "value": "+62 8123-4567-8"
    }
  ]
}
