{
  "stepList": [
    {
      "variant": "inactive",
      "number": 1,
      "textInfo": "FromAccount",
      "anchorId": "fromAccount",
      "confAnchorId": "ConfirmationfromAccount",
      "activated": false
    },
    {
      "variant": "inactive",
      "number": 2,
      "textInfo": "RequestCheque",
      "anchorId": "requestDetails",
      "confAnchorId": "ConfirmationrequestDetails",
      "activated": false
    },
    {
      "variant": "inactive",
      "number": 3,
      "textInfo": "PickUpDetails",
      "anchorId": "pickupDetail",
      "confAnchorId": "ConfirmationpickupDetail",
      "activated": false
    },
    {
      "variant": "inactive",
      "number": 4,
      "textInfo": "AdditionalDetailsOptional",
      "anchorId": "additionalDetails",
      "confAnchorId": "ConfirmationadditionalDetails",
      "activated": false
    }
  ]
}
