{
  "fromAcccount": [
    {
      "label": "Account",
      "value": "Giro 4 PT Astra Indonesia | 0080-1439-5901 | IDR"
    }
  ],
  "requestDetails": [
    {
      "label": "Type",
      "value": "Cheque Book"
    },
    {
      "label": "Quantity",
      "value": "2"
    },
    {
      "label": "TotalPrice",
      "value": "IDR 570,000.00"
    },
    {
      "label": "RequestExpiryDate",
      "value": "24 Jul 2021",
      "tooltipTitle": "RequestExpiryDate",
      "tooltipText": "ChequeBookGiroBookWillBeExpiredIn1Month"
    }
  ],
  "pickupDetail": [
    {
      "label": "PickUpBranch",
      "value": "ACC Simatupang | Jakarta Selatan",
      "helperText": false
    },
    {
      "label": "PickUpMethod",
      "value": "Self Pick-Up",
      "helperText": false
    },
    {
      "label": "AuthorizerNameAndPosition",
      "value": "Rama Gunawan - Director & Chief Strategy Officer",
      "helperText": false
    }
  ],
  "additionalDetails": [
    {
      "label": "RecipientEmail",
      "value": "-"
    },{
      
      "label": "RecipientWhatsAppNumber1",
      "value": "+62 8123-4567-8"
    }
  ]
}
