[
  {
    "id": 1,
    "value": "Permata Credit Card",
    "icon": "",
    "text": "PDAM Aetra",
    "subtext": ""
  },
  {
    "id": 2,
    "value": "PAM Apartment Green Place",
    "icon": "",
    "text": "PAM Apartment Green Place",
    "subtext": ""
  },
  {
    "id": 3,
    "value": "PAM Apartment Mediterania 1",
    "icon": "",
    "text": "PAM Apartment Mediterania 1",
    "subtext": ""
  },
  {
    "id": 4,
    "value": "PAM Apartment Mediterania 2",
    "icon": "",
    "text": "PAM Apartment Mediterania 2",
    "subtext": ""
  },
  {
    "id": 5,
    "value": "PAM BSD",
    "icon": "",
    "text": "PAM BSD",
    "subtext": ""
  }
]