[
  {
    "id": 1,
    "value": 1,
    "isChecked": false,
    "currency": "IDR",
    "show": true
  },
  {
    "id": 2,
    "value": 2,
    "isChecked": false,
    "currency": "USD",
    "show": true
  },
  {
    "id": 3,
    "value": 3,
    "isChecked": false,
    "currency": "GBP",
    "show": true
  },
  {
    "id": 4,
    "value": 4,
    "isChecked": false,
    "currency": "JPY",
    "show": true
  },
  {
    "id": 5,
    "value": 5,
    "isChecked": false,
    "currency": "EUR",
    "show": true
  }
]
