[
  {
    "title": "",
    "rows": [
      {
        "title": "FROMACCOUNT",
        "cols": [
          [
            {
              "label": "Account",
              "text": "PT Astra Indonesia | 0042-8820-1229 | IDR"
            }
          ]
        ]
      },
      {
        "title": "PAYEEDETAILS",
        "cols": [
          [
            {
              "label": "Category",
              "text": "Steam Wallet"
            }
          ]
        ]
      },
      {
        "title": "TRANSACTIONDETAILS",
        "cols": [
          [
            {
              "label": "TopUpAmount",
              "text": "Steam Rp 45,000"
            },
             {
              "label": "TotalPrice",
              "text": "IDR 53,000.00"
            },
            {
              "label": "TransactionFee",
              "text": "IDR 0.00"
            }
          ],
          [
            {
              "label": "TotalDebitAmount",
              "text": "IDR 53,000.00"
            },
            {
              "label": "TransactionDate",
              "text": "24 Jun 2021"
            },
            {
              "label": "TransactionReferenceNumber",
              "text": "1231-2412-4141-2333"
            }
          ]
        ]
      }
    ]
  }
]