[
  {
    "title": "TransactionDetail",
    "date": 1636569002000,
    "type": "info",
    "pages": 1,
    "fromAccount": {
      "accountNumber": "0080-1439-5901",
      "accountName": "PT Toyota Motor Manufacturing Indonesia",
      "currency": "IDR"
    },
    "beneficiary": {
      "bankName": "Bank OCBC NISP",
      "accountNumber": "9911-2132-11",
      "name": "PT. Toyota Astra International"
    },
    "transaction": {
      "amount": "400000000",
      "currency": "IDR",
      "transactionType": "LLG",
      "transactionFee": "3500",
      "totalDebitAmount": "400003500",
      "chargeTransferFeeTo": "Remitter",
      "transactionDate": "24 Jun 2021",
      "expiryDate": "07 Jul 2021",
      "beneficiaryCitizenship": "Resident - Citizen",
      "beneficiaryCategory": "Corporate",
      "transactionReferenceNumber": "1231-2412-4141-2333"
    },
    "additionalDetail": {
      "shortMessage": "",
      "customerReference": "",
      "recipientEmail": "Rama@toyota.com"
    },
    "recurring": {
      "frequency": "Weekly",
      "daysInWeek": "Monday",
      "startDate": "28 Jun 2021",
      "expiryDate": "28 Jul 2021",
      "transactionDateOnHoliday": "Proceed the Working Day before"
    }
  },
  {
    "title": "ActionHistory",
    "date": 1636569002000,
    "pages": 2,
    "type": "history",
    "dataHistory": [
      {
        "actionDate": "24 Jun 2021",
        "actionTime": "12:00:30",
        "actionType": "Execute",
        "actionTypeStatus": "Success",
        "actionBy": "System",
        "currency": "IDR",
        "amount": "400003500",
        "status": "Executed"
      },
      {
        "actionDate": "24 Jun 2021",
        "actionTime": "12:00:30",
        "actionType": "Release",
        "actionTypeStatus": "Success",
        "actionBy": "Dessi Sulistiawati",
        "currency": "IDR",
        "amount": "400003500",
        "status": "Pending Execution"
      },
      {
        "actionDate": "24 Jun 2021",
        "actionTime": "12:00:30",
        "actionType": "Approve",
        "actionTypeStatus": "Success",
        "actionBy": "Irmawati",
        "currency": "IDR",
        "amount": "400003500",
        "status": "Pending Release"
      },
      {
        "actionDate": "24 Jun 2021",
        "actionTime": "12:00:30",
        "actionType": "Approve",
        "actionTypeStatus": "Success",
        "actionBy": "Ferry Irawan",
        "currency": "IDR",
        "amount": "400003500",
        "status": "Pending Approval"
      },
      {
        "actionDate": "24 Jun 2021",
        "actionTime": "12:00:30",
        "actionType": "Create",
        "actionTypeStatus": "Success",
        "actionBy": "Rama Gunawan Sutirto",
        "currency": "IDR",
        "amount": "400003500",
        "status": "Pending Approval"
      }
    ]
  }
]
