[
  {
    "title": "RESIISIULANG",
    "header": {
      "title": "JUMLAHISIULANG",
      "rows" : [
        {
          "title": "BesarTransaksi",
          "text": "Rp 500,000.00"
        },
        {
          "title": "BiayaAdministrasi",
          "text": "Rp 3,000.00"
        }
      ]
    },
    "body": [
      {
        "title": "KE",
        "rows": [
          {
            "label": "LayananIsiUlang",
            "text": "Prepaid PLN"
          },
          {
            "label": "Nama",
            "text": "Budi Setiawan"
          },
          {
            "label": "NomorTagihan",
            "text": "5455 0116 9998"
          },
          {
            "label": "PPN",
            "text": "Rp 0.00"
          },
          {
            "label": "PPJ",
            "text": "Rp 469.00"
          },
          {
            "label": "Angsuran",
            "text": "Rp 0.00"
          },
          {
            "label": "Materai",
            "text": "Rp 0.00"
          },
          {
            "label": "TarifDaya",
            "text": "R1 / 2200"
          },
          {
            "label": "NoMeterIdpel",
            "text": "6001 0652 158"
          },
          {
            "label": "kWh",
            "text": "13.6"
          }
        ]
      },
      {
        "title": "DARI",
        "rows": [
          {
            "label": "Nama",
            "text": "PT Astra Indonesia"
          },
          {
            "label": "Rekening",
            "text": "(IDR)"
          },
          {
            "label": "NomorRekening",
            "text": "0042XXXXXX29"
          },
          {
            "label": "TokenAvail1Dot",
            "text": ""
          },
          {
            "label": "TokenAvail2Dot",
            "text": ""
          },
          {
            "label": "StroomToken",
            "text": "3949 8382 9292 7575 6655"
          },
          {
            "label": "PLNLegalityStatement",
            "text": ""
          }
        ],
        "notes": "PLNStrukNotes"
      },
      {
        "title": "REFERENSI",
        "rows": [
          {
            "label": "NoReferensi",
            "text": "33509186"
          },
          {
            "label": "Tanggal",
            "text": "24 Juni 2021"
          },
          {
            "label": "Waktu",
            "text": "16:23:53"
          }
        ]
      }
    ],
    "footnote1" : "PLNReceiptNote1",
    "footnote2" : "PLNReceiptNote2"
  }
]
