[
  {
    "title": "TimeDepositAdvice",
    "type": "time-deposit",
    "account": {
      "accountNumber": "0883-0018-035",
      "accountName": "PT Toyota Motor Manufacturing Indonesia"
    },
    "transaction": {
      "transactionDate": "24 Jun 2021",
      "transactionName": "Automatic Transfer from Savings Account",
      "transactionAmount": "300,000,000,000.00",
      "currency": "IDR"
    },
    "placementDate": "24 Jun 2021",
    "maturityDate": "24 Jul 2021",
    "tenor": "1 Month - ARO",
    "principalAmount": "IDR 300,000,000,000.00",
    "interestRate": "25 Jun 2022",
    "ammountMaturity": "IDR 395,000,000,000.00",
    "product": "Time Deposit",
    "subProduct": "HZ - Deposito",
    "sourceAccount": {
      "name": "PermataBank",
      "number": "0098-5678-9090"
    },
    "interestTransfer": {
      "name": "Bank Mandiri",
      "number": "0098-5678-9090"
    },
    "interestTransferSyariah": {
      "name": "-",
      "number": "-"
    },
    "maturityTransfer": {
      "name": "Bank Central Asia",
      "number": "0012-5678-9090"
    },
    "interest": {
      "accumulatedPrincipal": "Yes",
      "paymentType": "At Maturity",
      "branch": "Melawai JKT"
    },
    "description": "This printout is the proof of Time Deposit opening at PermataBank and does not need to be returned at the time of maturity. This computer printout does not require a stamp and signature of PermataBank official."
  }
]