[
  {
    "title": "TransactionHistory",
    "timedate": 1636569002000,
    "type": "credit",
    "page": 1,
    "beneficiaryNumber": "0080-1439-5901",
    "beneficiaryName": "PT Toyota Motor Manufacturing Indonesia",
    "beneficiaryBank": "PermataBank",
    "accountNumber": "0083-0018-035",
    "accountName": "PT Toyota Motor Manufacturing Indonesia",
    "currency": "IDR",
    "remitterNumber": "0080-1439-5901",
    "remitterName": "PT Toyota Motor Manufacturing Indonesia",
    "remitterBank": "Citibank",
    "paymentAmount": 1415000,
    "paymentType": "LLG",
    "description": "Transfer dari PT Toyota Motor Manufacturing Citibank ATM Prima (BANK PERMATA TBK) 06:33:24 PM.",
    "data": [
      {
        "id": 1,
        "transactionDate": "24 Jun 2021",
        "transactionName": "Automatic Transfer from Savings Account",
        "transactionAmount": "311,000,000,000.00",
        "transactionType": "credit"
      },
      {
        "id": 2,
        "transactionDate": "24 Jun 2021",
        "transactionName": "Automatic Transfer from Savings Account",
        "transactionAmount": "300,000,000,000.00",
        "transactionType": "debit"
      },
      {
        "id": 3,
        "transactionDate": "24 Jun 2021",
        "transactionName": "Automatic Transfer from Savings Account",
        "transactionAmount": "300,000,000,000.00",
        "transactionType": "credit"
      },
      {
        "id": 4,
        "transactionDate": "24 Jun 2021",
        "transactionName": "Automatic Transfer from Savings Account",
        "transactionAmount": "300,000,000,000.00",
        "transactionType": "Debit"
      },
      {
        "id": 5,
        "transactionDate": "24 Jun 2021",
        "transactionName": "Automatic Transfer from Savings Account",
        "transactionAmount": "300,000,000,000.00",
        "transactionType": "Debit"
      },
      {
        "id": 6,
        "transactionDate": "24 Jun 2021",
        "transactionName": "Automatic Transfer from Savings Account",
        "transactionAmount": "300,000,000,000.00",
        "transactionType": "credit"
      },
      {
        "id": 7,
        "transactionDate": "24 Jun 2021",
        "transactionName": "Automatic Transfer from Savings Account",
        "transactionAmount": "300,000,000,000.00",
        "transactionType": "credit"
      },
      {
        "id": 8,
        "transactionDate": "24 Jun 2021",
        "transactionName": "Automatic Transfer from Savings Account",
        "transactionAmount": "300,000,000,000.00",
        "transactionType": "credit"
      },
      {
        "id": 9,
        "transactionDate": "24 Jun 2021",
        "transactionName": "Automatic Transfer from Savings Account",
        "transactionAmount": "300,000,000,000.00",
        "transactionType": "credit"
      },
      {
        "id": 10,
        "transactionDate": "24 Jun 2021",
        "transactionName": "Automatic Transfer from Savings Account",
        "transactionAmount": "300,000,000,000.00",
        "transactionType": "credit"
      },
      {
        "id": 10,
        "transactionDate": "24 Jun 2021",
        "transactionName": "Automatic Transfer from Savings Account",
        "transactionAmount": "300,000,000,000.00",
        "transactionType": "credit"
      },
      {
        "id": 10,
        "transactionDate": "24 Jun 2021",
        "transactionName": "Automatic Transfer from Savings Account",
        "transactionAmount": "300,000,000,000.00",
        "transactionType": "credit"
      },
      {
        "id": 10,
        "transactionDate": "24 Jun 2021",
        "transactionName": "Automatic Transfer from Savings Account",
        "transactionAmount": "300,000,000,000.00",
        "transactionType": "credit"
      },
      {
        "id": 10,
        "transactionDate": "24 Jun 2021",
        "transactionName": "Automatic Transfer from Savings Account",
        "transactionAmount": "300,000,000,000.00",
        "transactionType": "credit"
      },
      {
        "id": 10,
        "transactionDate": "24 Jun 2021",
        "transactionName": "Automatic Transfer from Savings Account",
        "transactionAmount": "300,000,000,000.00",
        "transactionType": "credit"
      },
      {
        "id": 10,
        "transactionDate": "24 Jun 2021",
        "transactionName": "Automatic Transfer from Savings Account",
        "transactionAmount": "300,000,000,000.00",
        "transactionType": "credit"
      },
      {
        "id": 10,
        "transactionDate": "24 Jun 2021",
        "transactionName": "Automatic Transfer from Savings Account",
        "transactionAmount": "300,000,000,000.00",
        "transactionType": "credit"
      },
      {
        "id": 10,
        "transactionDate": "24 Jun 2021",
        "transactionName": "Automatic Transfer from Savings Account",
        "transactionAmount": "300,000,000,000.00",
        "transactionType": "credit"
      },
      {
        "id": 10,
        "transactionDate": "24 Jun 2021",
        "transactionName": "Automatic Transfer from Savings Account",
        "transactionAmount": "300,000,000,000.00",
        "transactionType": "credit"
      },
      {
        "id": 10,
        "transactionDate": "24 Jun 2021",
        "transactionName": "Automatic Transfer from Savings Account",
        "transactionAmount": "300,000,000,000.00",
        "transactionType": "credit"
      },
      {
        "id": 10,
        "transactionDate": "24 Jun 2021",
        "transactionName": "Automatic Transfer from Savings Account",
        "transactionAmount": "300,000,000,000.00",
        "transactionType": "credit"
      },
      {
        "id": 10,
        "transactionDate": "24 Jun 2021",
        "transactionName": "Automatic Transfer from Savings Account",
        "transactionAmount": "300,000,000,000.00",
        "transactionType": "credit"
      },
      {
        "id": 10,
        "transactionDate": "24 Jun 2021",
        "transactionName": "Automatic Transfer from Savings Account",
        "transactionAmount": "300,000,000,000.00",
        "transactionType": "credit"
      },
      {
        "id": 10,
        "transactionDate": "24 Jun 2021",
        "transactionName": "Automatic Transfer from Savings Account",
        "transactionAmount": "300,000,000,000.00",
        "transactionType": "credit"
      },
      {
        "id": 10,
        "transactionDate": "24 Jun 2021",
        "transactionName": "Automatic Transfer from Savings Account",
        "transactionAmount": "300,000,000,000.00",
        "transactionType": "credit"
      },
      {
        "id": 10,
        "transactionDate": "24 Jun 2021",
        "transactionName": "Automatic Transfer from Savings Account",
        "transactionAmount": "300,000,000,000.00",
        "transactionType": "credit"
      },
      {
        "id": 10,
        "transactionDate": "24 Jun 2021",
        "transactionName": "Automatic Transfer from Savings Account",
        "transactionAmount": "300,000,000,000.00",
        "transactionType": "credit"
      },
      {
        "id": 10,
        "transactionDate": "24 Jun 2021",
        "transactionName": "Automatic Transfer from Savings Account",
        "transactionAmount": "300,000,000,000.00",
        "transactionType": "credit"
      },
      {
        "id": 10,
        "transactionDate": "24 Jun 2021",
        "transactionName": "Automatic Transfer from Savings Account",
        "transactionAmount": "300,000,000,000.00",
        "transactionType": "credit"
      },
      {
        "id": 10,
        "transactionDate": "24 Jun 2021",
        "transactionName": "Automatic Transfer from Savings Account",
        "transactionAmount": "300,000,000,000.00",
        "transactionType": "credit"
      },
      {
        "id": 10,
        "transactionDate": "24 Jun 2021",
        "transactionName": "Automatic Transfer from Savings Account",
        "transactionAmount": "300,000,000,000.00",
        "transactionType": "credit"
      },
      {
        "id": 10,
        "transactionDate": "24 Jun 2021",
        "transactionName": "Automatic Transfer from Savings Account",
        "transactionAmount": "300,000,000,000.00",
        "transactionType": "credit"
      },
      {
        "id": 10,
        "transactionDate": "24 Jun 2021",
        "transactionName": "Automatic Transfer from Savings Account",
        "transactionAmount": "300,000,000,000.00",
        "transactionType": "credit"
      },
      {
        "id": 10,
        "transactionDate": "24 Jun 2021",
        "transactionName": "Automatic Transfer from Savings Account",
        "transactionAmount": "300,000,000,000.00",
        "transactionType": "credit"
      },
      {
        "id": 10,
        "transactionDate": "24 Jun 2021",
        "transactionName": "Automatic Transfer from Savings Account",
        "transactionAmount": "300,000,000,000.00",
        "transactionType": "credit"
      },
      {
        "id": 10,
        "transactionDate": "24 Jun 2021",
        "transactionName": "Automatic Transfer from Savings Account",
        "transactionAmount": "300,000,000,000.00",
        "transactionType": "credit"
      },
      {
        "id": 10,
        "transactionDate": "24 Jun 2021",
        "transactionName": "Automatic Transfer from Savings Account",
        "transactionAmount": "300,000,000,000.00",
        "transactionType": "credit"
      },
      {
        "id": 10,
        "transactionDate": "24 Jun 2021",
        "transactionName": "Automatic Transfer from Savings Account",
        "transactionAmount": "300,000,000,000.00",
        "transactionType": "credit"
      },
      {
        "id": 10,
        "transactionDate": "24 Jun 2021",
        "transactionName": "Automatic Transfer from Savings Account",
        "transactionAmount": "300,000,000,000.00",
        "transactionType": "credit"
      },
      {
        "id": 10,
        "transactionDate": "24 Jun 2021",
        "transactionName": "Automatic Transfer from Savings Account",
        "transactionAmount": "300,000,000,000.00",
        "transactionType": "credit"
      },
      {
        "id": 10,
        "transactionDate": "24 Jun 2021",
        "transactionName": "Automatic Transfer from Savings Account",
        "transactionAmount": "300,000,000,000.00",
        "transactionType": "credit"
      }
    ]
  }
]