{
  "transaction": {
    "transactionDate": "25 May 2022",
    "transactionChannel": "-",
    "transactionNumber": "-",
    "transactionCustomerNumber": "-"
  },
  "account": {
    "accountNumber": "0883-0018-035",
    "accountName": "PT ABC Maju Jaya",
    "accountBank": "PermataBank"
  },
  "beneficiary": {
    "beneficiaryNumber": "1020-0020-4060-8",
    "beneficiaryName": "PT ABC Maju Jaya",
    "beneficiaryBank": "Bank Mandiri"
  },
  "payment": {
    "paymentAmount": 408208,
    "paymentType": "Profit Sharing TD to Rollover",
    "currency": "IDR"
  },
  "description": "Profit Sharing TD to Rollover"
}