{
  "transaction": {
    "transactionDate": "24 Jun 2021",
    "transactionChannel": "ICS",
    "transactionNumber": "1239-2913-0120-1929",
    "transactionCustomerNumber": "-"
  },
  "account": {
    "accountNumber": "2120-1439-3939",
    "accountName": "PT Amerta Indah Otsuka Indonesia Sejahtera Makmur",
    "accountBank": "PermataBank"
  },
  "beneficiary": {
    "beneficiaryNumber": "1234-5678-9090",
    "beneficiaryName": "PT Amerta Indah Otsuka Indonesia Sejahtera Makmur",
    "beneficiaryBank": "Citibank"
  },
  "payment": {
    "paymentAmount": 4405000,
    "paymentType": "LLG",
    "currency": "IDR"
  },
  "description": "Transfer dari Rekening PT Amerta Indah Otsuka Indonesia Sejahtera Makmur Citibank ATM Prima (BANK PERMATA TBK) 06:33:24 PM. Transaksi kedua di bulan Juni 2021"
}
