[
  {
    "title": "TransactionAdvice",
    "rows": [
      {
        "title": "FROMACCOUNT",
        "cols": [
          [
            {
              "label": "Account",
              "text": "PT Astra Indonesia | 0042-8820-1229 | IDR"
            }
          ]
        ]
      },
      {
        "title": "PAYEEDETAILS",
        "cols": [
          [
            {
              "label": "Category",
              "text": "Mobile Data Package"
            },
            {
              "label": "MobileNumber",
              "text": "0811-2234-344"
            },
            {
              "label": "Provider",
              "text": "XL Axiata"
            }
          ]
        ]
      },
      {
        "title": "TRANSACTIONDETAILS",
        "cols": [
          [
            {
              "label": "MobileDataPackage",
              "text": "HotRod 8GB"
            },
            {
              "label": "TransactionFee",
              "text": "IDR 0.00"
            },
            {
              "label": "TotalDebitAmount",
              "text": "IDR 130,000.00"
            }
          ],
          [
            {
              "label": "TransactionDate",
              "text": "24 Jun 2021"
            },
            {
              "label": "TransactionReferenceNumber",
              "text": "1231-2412-4141-2333"
            }
          ]
        ]
      }
    ]
  }
]
