[
  {
    "title": "TransactionDetail",
    "date": 1636569002000,
    "type": "info",
    "pages": 1,
    "fromAccount": {
      "accountNumber": "0042-8820-1229",
      "accountName": "PT Astra Indonesia",
      "currency": "IDR"
    },
    "payee": {
      "Category": "PLN Postpaid",
      "PLNCustomerID": "6001-0652-158",
      "PLNSubscription": "B*d* Seti***n",
      "TotalOutstanding": "0 Month",
      "MTYR": "Jan 16"
    },
    "transaction": {
      "amount": "500000",
      "transactionFee": "3000",
      "totalDebitAmount": "503000",
      "transactionDate": "24 Jun 2021",
      "expiryDate": "07 Jul 2021",
      "currency": "IDR",
      "transactionReferenceNumber": "1231-2412-4141-2333"
    },
    "additionalDetail": {
      "recipientEmail": "-"
    }
  },
  {
    "title": "ActionHistory",
    "date": 1636569002000,
    "pages": 2,
    "type": "history",
    "dataHistory": [
      {
        "actionDate": "24 Jun 2021",
        "actionTime": "12:00:30",
        "actionType": "Execute",
        "actionTypeStatus": "Success",
        "actionBy": "System",
        "currency": "IDR",
        "amount": "400003500",
        "status": "Executed"
      },
      {
        "actionDate": "24 Jun 2021",
        "actionTime": "12:00:30",
        "actionType": "Release",
        "actionTypeStatus": "Success",
        "actionBy": "Dessi Sulistiawati",
        "currency": "IDR",
        "amount": "400003500",
        "status": "Pending Execution"
      },
      {
        "actionDate": "24 Jun 2021",
        "actionTime": "12:00:30",
        "actionType": "Approve",
        "actionTypeStatus": "Success",
        "actionBy": "Irmawati",
        "currency": "IDR",
        "amount": "400003500",
        "status": "Pending Release"
      },
      {
        "actionDate": "24 Jun 2021",
        "actionTime": "12:00:30",
        "actionType": "Approve",
        "actionTypeStatus": "Success",
        "actionBy": "Ferry Irawan",
        "currency": "IDR",
        "amount": "400003500",
        "status": "Pending Approval"
      },
      {
        "actionDate": "24 Jun 2021",
        "actionTime": "12:00:30",
        "actionType": "Create",
        "actionTypeStatus": "Success",
        "actionBy": "Rama Gunawan Sutirto",
        "currency": "IDR",
        "amount": "400003500",
        "status": "Pending Approval"
      }
    ]
  }
]
