[
  {
    "id": "1",
    "transactionType": {
      "name": "LLG",
      "code": "1234-4444-1234-4444"
    },
    "from": {
      "name": "PT Toyota Motor Manufacturing Indonesia",
      "code": "0080-1439-5901"
    },

    "paymentType": "Bill Payment",
    "status": "Stopped",
    "destination": {
      "customerName": "PT Toyota Astra International",
      "bankName": "Bank OCBC NISP",
      "bankAccount": "9911-2132-11"
    },
    "transactionFrequency": "3 of 8 Recurrings",
    "frequencyType": "Weekly - Monday",
    "startDate": 1651321746000,
    "endDate": 1672403346000,
    "to": ""
  },
  {
    "id": "2",
    "transactionType": {
      "name": "Overbooking",
      "code": "2222-4444-1234-4000"
    },
    "from": {
      "name": "PT Toyota Motor Manufacturing Indonesia",
      "code": "0080-1439-5901"
    },

    "paymentType": "Bill Payment",
    "status": "Completed",
    "destination": {
      "customerName": "PT ABC Jakarta",
      "bankName": "PermataBank",
      "bankAccount": "9087-3862-12"
    },
    "transactionFrequency": "2 of 2 Recurrings",
    "frequencyType": "Monthly",
    "startDate": 1609504146000,
    "endDate": 1614601746000,
    "to": ""
  }
]
