[
  {
    "id": "1",
    "favouriteName": "CC Diamond",
    "paymentType": "Bill Payment",
    "transactionType": "Credit Card",
    "isDisable": true,
    "status": "Active",
    "destination": {
      "customerName": "Other Bank",
      "bankName": "",
      "bankAccount": "0041-2321-4123-2222"
    },
    "to": "",
    "createdBy": {
      "fullName": "Isna Saras",
      "userName": "isna34"
    }
  },
  {
    "id": "2",
    "favouriteName": "Internet FM",
    "paymentType": "Bill Payment",
    "transactionType": "Internet",
    "isDisable": false,
    "status": "Active",
    "destination": {
      "customerName": "First Media",
      "bankName": "",
      "bankAccount": "1122-3344-1234"
    },
    "to": "",
    "createdBy": {
      "fullName": "Christin Oen",
      "userName": "christinoen90"
    }
  },
  {
    "id": "3",
    "favouriteName": "CC BCA",
    "paymentType": "Bill Payment",
    "transactionType": "Credit Card",
    "isDisable": true,
    "status": "Active",
    "destination": {
      "customerName": "PermataBank",
      "bankName": "",
      "bankAccount": "2321-4123-2222"
    },
    "to": "/services/favorites/form?paymentType=billing&full-stepper=true&editMode=true&id=1",
    "createdBy": {
      "fullName": "Dhymas Salim",
      "userName": "dhymasalim1990"
    }
  },
  {
    "id": "4",
    "favouriteName": "Postpaid HP",
    "paymentType": "Bill Payment",
    "transactionType": "Postpaid Handphone",
    "isDisable": false,
    "status": "Active",
    "destination": {
      "customerName": "Telkomsel",
      "bankName": "",
      "bankAccount": "0811-2234-344"
    },
    "to": "",
    "createdBy": {
      "fullName": "Christin Oen",
      "userName": "christinoen90"
    }
  },
  {
    "id": "5",
    "favouriteName": "VA Shopee",
    "paymentType": "Bill Payment",
    "transactionType": "Virtual Account",
    "isDisable": false,
    "status": "Active",
    "destination": {
      "customerName": "Shopee - A*********D",
      "bankName": "",
      "bankAccount": "7040-8778-4908-203"
    },
    "to": "",
    "createdBy": {
      "fullName": "Christin Oen",
      "userName": "christinoen90"
    }
  },
  {
    "id": "6",
    "favouriteName": "Operational Q4",
    "paymentType": "Local Currency Transfer",
    "transactionType": "LLG",
    "isDisable": false,
    "status": "Active",
    "destination": {
      "customerName": "PT Toyota Astra International",
      "bankName": "Bank OCBC NISP",
      "bankAccount": "9911-2132-11"
    },
    "to": "",
    "createdBy": {
      "fullName": "Christin Oen",
      "userName": "christinoen90"
    }
  },
  {
    "id": "7",
    "favouriteName": "Sparepart",
    "paymentType": "Foreign Currency Transfer",
    "transactionType": "Overbooking",
    "isDisable": true,
    "status": "Active",
    "destination": {
      "customerName": "PT International TBK",
      "bankName": "PermataBank",
      "bankAccount": "0034-4412-5123"
    },
    "to": "/services/favorites/form?paymentType=fcy&full-stepper=true&editMode=true&id=7",
    "createdBy": {
      "fullName": "Dhymas Salim",
      "userName": "dhymasalim1990"
    }
  },
  {
    "id": "8",
    "favouriteName": "Dana Irma",
    "paymentType": "Top Up",
    "transactionType": "DANA",
    "isDisable": true,
    "status": "Active",
    "destination": {
      "customerName": "Danatopup Irm********",
      "bankName": "",
      "bankAccount": "0812-8879-700"
    },
    "to": "/services/favorites/form?paymentType=topup&full-stepper=true&editMode=true&id=8",
    "createdBy": {
      "fullName": "Reza Octavia",
      "userName": "rezaocta"
    }
  },
  {
    "id": "9",
    "favouriteName": "Internet Package XL",
    "paymentType": "Top Up",
    "transactionType": "Mobile Data Package",
    "isDisable": true,
    "status": "Active",
    "destination": {
      "customerName": "0877-8434-3442",
      "bankName": "",
      "bankAccount": ""
    },
    "to": "/services/favorites/form?paymentType=topup&full-stepper=true&editMode=true&id=9",
    "createdBy": {
      "fullName": "Reza Octavia",
      "userName": "rezaocta"
    }
  },
  {
    "id": "10",
    "favouriteName": "PLN Office",
    "paymentType": "Top Up",
    "transactionType": "Prepaid PLN",
    "isDisable": true,
    "status": "Active",
    "destination": {
      "customerName": "Budi Setiawan",
      "bankName": "",
      "bankAccount": "5455-0116-9998"
    },
    "to": "/services/favorites/form?paymentType=topup&full-stepper=true&editMode=true&id=10",
    "createdBy": {
      "fullName": "Reza Octavia",
      "userName": "rezaocta"
    }
  }
]
