[
  {
    "id": 1,
    "value": 1,
    "icon": "",
    "text": "All Facilities"
  },
  {
    "id": 2,
    "value": 2,
    "icon": "",
    "text": "Payable Services"
  },
  {
    "id": 3,
    "value": 3,
    "icon": "",
    "text": "Permata Quick Cash"
  },
  {
    "id": 4,
    "value": 4,
    "icon": "",
    "text": "Pinjaman Rekening Koran Commercial"
  },
  {
    "id": 5,
    "value": 5,
    "icon": "",
    "text": "Post Import Financing"
  },
  {
    "id": 6,
    "value": 6,
    "icon": "",
    "text": "Pre Shipment Financing"
  },
  {
    "id": 7,
    "value": 7,
    "icon": "",
    "text": "Receivable Financing"
  },
  {
    "id": 8,
    "value": 8,
    "icon": "",
    "text": "Receivable Services With Recourse"
  },
  {
    "id": 9,
    "value": 9,
    "icon": "",
    "text": "Receivable Services Without Recourse"
  },
  {
    "id": 10,
    "value": 10,
    "icon": "",
    "text": "Revolving Loan"
  },
  {
    "id": 11,
    "value": 11,
    "icon": "",
    "text": "Term Loan"
  }
]