{
  "transaction": {
    "transactionDate": "25 Jun 2021",
    "transactionChannel": "Permata e-Business",
    "transactionNumber": "1239-2913-0330-2222",
    "transactionCustomerNumber": "-"
  },
  "account": {
    "accountNumber": "0012-5678-9090",
    "accountName": "PT Toyota Motor Manufacturing Indonesia",
    "accountBank": "PermataBank"
  },
  "beneficiary": {
    "beneficiaryNumber": "0012-5678-8080",
    "beneficiaryName": "PT Toyota Motor Manufacturing Indonesia",
    "beneficiaryBank": "PermataBank"
  },
  "payment": {
    "paymentAmount": 4405000,
    "paymentType": "LLG",
    "currency": "IDR"
  },
  "description": "Transfer dari Rekening PT Toyota Motor Manufacturing Indonesia Citibank ATM Prima (BANK PERMATA TBK) 18:33:24"
}