[
  {
    "title": "TransactionAdvice",
    "rows": [
      {
        "title": "FROMACCOUNT",
        "cols": [
          [
            {
              "label": "Account",
              "text": "PT Astra Indonesia | 0042-8820-1229 | IDR"
            }
          ]
        ]
      },
      {
        "title": "PAYEEDETAILS",
        "cols": [
          [
            {
              "label": "Category",
              "text": "Phone Top Up"
            },
            {
              "label": "MobileNumber",
              "text": "0811-2234-344"
            },
            {
              "label": "Provider",
              "text": "Telkomsel"
            }
          ]
        ]
      },
      {
        "title": "TRANSACTIONDETAILS",
        "cols": [
          [
            {
              "label": "PulsaAmount",
              "text": "Pulsa 100,000"
            },
            {
              "label": "TransactionFee",
              "text": "IDR 1,500.00"
            },
            {
              "label": "TotalDebitAmount",
              "text": "IDR 101,500.00"
            }
          ],
          [
            {
              "label": "TransactionDate",
              "text": "24 Jun 2021"
            },
            {
              "label": "TransactionReferenceNumber",
              "text": "1231-2412-4141-2333"
            }
          ]
        ]
      }
    ]
  }
]
