[
  {
    "id": "1",
    "transactionType": "LLG",
    "transactionNumber": "1234-4444-1234-4444",
    "fromName": "PT Toyota Motor Manufacturing Indonesia",
    "fromNumber": "0080-1439-5901",
    "destination": {
      "customerName": "PT Toyota Astra International",
      "bankName": "Bank OCBC NISP",
      "bankAccount": "9911-2132-11"
    },
    "frequencyType": "Weekly - Monday",
    "transactionFrequency": "2 of 4 Recurrings",
    "transactionStartDate": "04 Jul 2022",
    "transactionEndDate": "25 Jul 2022",
    "to": "/services/recurring/detail?type=lcy",
    "isChecked": false
  },
  {
    "id": "2",
    "transactionType": "Credit Card",
    "transactionNumber": "0897-1234-5678-0000",
    "fromName": "PT Toyota Motor Manufacturing Indonesia",
    "fromNumber": "0080-1439-5901",
    "destination": {
      "customerName": "Permata Credit Card",
      "bankName": "",
      "bankAccount": "0041-2321-4123-2222"
    },
    "frequencyType": "Monthly",
    "transactionFrequency": "2 of 8 Recurrings",
    "transactionStartDate": "30 Apr 2022",
    "transactionEndDate": "30 Dec 2022",
    "to": "/services/recurring/detail?type=billing",
    "isChecked": false
  },
  {
    "id": "3",
    "transactionType": "Overbooking",
    "transactionNumber": "2222-4444-1234-4000",
    "fromName": "PT Toyota Motor Manufacturing Indonesia",
    "fromNumber": "0080-1439-5901",
    "destination": {
      "customerName": "PT ABC Jakarta",
      "bankName": "PermataBank",
      "bankAccount": "9087-3862-12"
    },
    "frequencyType": "Monthly",
    "transactionFrequency": "1 of 2 Recurrings",
    "transactionStartDate": "01 Jan 2022",
    "transactionEndDate": "01 Mar 2022",
    "to": "/services/recurring/detail?type=lcy",
    "isChecked": false
  }
]
