[
  {
    "title": "TransactionAdvice",
    "rows": [
      {
        "title": "FROMACCOUNT",
        "cols": [
          [
            {
              "label": "Account",
              "text": "PT Astra Indonesia | 0042-8820-1229 | IDR"
            }
          ]
        ]
      },
      {
        "title": "PAYEEDETAILS",
        "cols": [
          [
            {
              "label": "Category",
              "text": "ShoppePay"
            },
            {
              "label": "ShopeePayMobileNumber",
              "text": "0812-8879-700"
            },
            {
              "label": "CustomerName",
              "text": "SHOPEEPAY/R********N"
            }
          ]
        ]
      },
      {
        "title": "TRANSACTIONDETAILS",
        "cols": [
          [
            {
              "label": "TopUpAmount",
              "text": "IDR 500,000.00"
            },
            {
              "label": "TransactionFee",
              "text": "IDR 1,000.00"
            },
            {
              "label": "TotalDebitAmount",
              "text": "IDR 501,000.00"
            }
          ],
          [
            {
              "label": "TransactionDate",
              "text": "24 Jun 2021"
            },
            {
              "label": "TransactionReferenceNumber",
              "text": "1231-2412-4141-2333"
            }
          ]
        ]
      }
    ]
  }
]
