[
    {
        "id": 1,
        "name": "payable-management"
    },
    {
        "id": 2,
        "name": "export-import"
    },
    {
        "id": 3,
        "name": "value-chain"
    },
    {
        "id": 4,
        "name": "general-loan"
        
    },
    {
        "id": 5,
        "name": "treasury"
    },
    {
        "id": 6,
        "name": "capital-markets"
    },
    {
        "id": 7,
        "name": "agency-service-and-syndication"
    },
    {
        "id": 8,
        "name": "client-relationship"
    },
    {
        "id": 9,
        "name": "global-market"
    },
    {
        "id": 10,
        "name": "guarantee"
    },
    {
        "id": 11,
        "name": "investment"
    },
    {
        "id": 12,
        "name": "personal-loan-1"
    },
    {
        "id": 13,
        "name": "receivable-management"
    },
    {
        "id": 14,
        "name": "secutiry-service"
    },
    {
        "id": 15,
        "name": "transaction-banking"
    }
]