[
    {
        "id": 1,
        "name": "add"
    },
    {
        "id": 2,
        "name": "down"
    },
    {
        "id": 3,
        "name": "fav"
    },
    {
        "id": 4,
        "name": "3-dot-16"
    },
    {
        "id": 5,
        "name": "block-user"
    },
    {
        "id": 6,
        "name": "compare-16"
    },
    {
        "id": 7,
        "name": "conversation-16"
    },
    {
        "id": 8,
        "name": "edit-home"
    },
    {
        "id": 9,
        "name": "logout-16"
    },
    {
        "id": 10,
        "name": "masonry"
    },
    {
        "id": 11,
        "name": "no-handphone"
    },
    {
        "id": 12,
        "name": "password"
    },
    {
        "id": 13,
        "name": "profile-edit-16"
    },
    {
        "id": 14,
        "name": "setting"
    },
    {
        "id": 15,
        "name": "unlink-device"
    },
    {
        "id": 16,
        "name": "mail"
    },
    {
        "id": 17,
        "name": "help-24"
    },
    {
        "id": 18,
        "name": "arrow-left"
    },
    {
        "id": 19,
        "name": "arrow-right"
    },
    {
        "id": 20,
        "name": "search"
    },
    {
        "id": 21,
        "name": "tips"
    },
    {
        "id": 22,
        "name": "limit-transaksi"
    },
    {
        "id": 23,
        "name": "pin"
    },
    {
        "id": 24,
        "name": "down"
    },
    {
        "id": 25,
        "name": "account-menu"
    },
    {
        "id": 26,
        "name": "check"
    },
    {
        "id": 27,
        "name": "check-circle"
    },
    {
        "id": 28,
        "name": "forgot-userid"
    },
    {
        "id": 29,
        "name": "forgot-password"
    },
    {
        "id": 30,
        "name": "akunmu"
    },
    {
        "id": 31,
        "name": "delete"
    },
    {
        "id": 32,
        "name": "edit"
    },
    {
        "id": 33,
        "name": "insight"
    },
    {
        "id": 34,
        "name": "menu"
    },
    {
        "id": 35,
        "name": "minus"
    }
]