[
    {
        "id": 1,
        "name": "calendar"
    },
    {
        "id": 2,
        "name": "atm"
    },
    {
        "id": 3,
        "name": "bank"
    },
    {
        "id": 4,
        "name": "close-32"
    },
    {
        "id": 5,
        "name": "compare-32"
    },
    {
        "id": 6,
        "name": "moon"
    },
    {
        "id": 7,
        "name": "delete"
    },
    {
        "id": 8,
        "name": "eye-hide"
    },
    {
        "id": 9,
        "name": "eye-show"
    },
    {
        "id": 10,
        "name": "fav-32"
    },
    {
        "id": 11,
        "name": "help-32"
    },
    {
        "id": 12,
        "name": "fill-login"
    },
    {
        "id": 13,
        "name": "logout-32"
    },
    {
        "id": 14,
        "name": "map-search"
    },
    {
        "id": 15,
        "name": "search"
    },
    {
        "id": 16,
        "name": "menu"
    },
    {
        "id": 17,
        "name": "conversation-32"
    },
    {
        "id": 18,
        "name": "masonry"
    },
    {
        "id": 19,
        "name": "pay-and-transfer"
    },
    {
        "id": 20,
        "name": "profile-32"
    },
    {
        "id": 21,
        "name": "selected"
    },
    {
        "id": 22,
        "name": "mail-32"
    },
    {
        "id": 23,
        "name": "3-dot-32"
    },
    {
        "id": 24,
        "name": "store-32"
    },
    {
        "id": 25,
        "name": "clock-32"
    },
    {
        "id": 26,
        "name": "pin"
    },
    {
        "id": 27,
        "name": "account-menu"
    },
    {
        "id": 28,
        "name": "no-transaction"
    },
    {
        "id": 29,
        "name": "contact"
    },
    {
        "id": 30,
        "name": "list-view"
    },
    {
        "id": 31,
        "name": "card-view"
    },
    {
        "id": 32,
        "name": "edit"
    },
    {
        "id": 33,
        "name": "rtl-parents"
    },
    {
        "id": 34,
        "name": "child"
    },
    {
        "id": 35,
        "name": "siblings"
    },
    {
        "id": 36,
        "name": "spouse"
    },
    {
        "id": 37,
        "name": "filter"
    },
    {
        "id": 38,
        "name": "sort"
    },
    {
        "id": 39,
        "name": "telephone-outline"
    }
]