[
    {
        "id": 1,
        "name": "mouse"
    },
    {
        "id": 2,
        "name": "close-40"
    },
    {
        "id": 3,
        "name": "store-40"
    },
    {
        "id": 4,
        "name": "forex-registration"
    },
    {
        "id": 5,
        "name": "estatement"
    },
    {
        "id": 6,
        "name": "3-dot-40"
    },
    {
        "id": 7,
        "name": "choose-acc"
    },
    {
        "id": 8,
        "name": "setup-acc"
    },
    {
        "id": 9,
        "name": "shield"
    },
    {
        "id": 10,
        "name": "smartphone"
    },
    {
        "id": 11,
        "name": "facebook"
    },
    {
        "id": 12,
        "name": "instagram"
    },
    {
        "id": 13,
        "name": "linkedin"
    },
    {
        "id": 14,
        "name": "twitter"
    },
    {
        "id": 15,
        "name": "whatsapp"
    },
    {
        "id": 16,
        "name": "youtube"
    }
]