[
    {
        "id": 1,
        "name": "activecard"
    },
    {
        "id": 2,
        "name": "bill"
    },
    {
        "id": 3,
        "name": "buy"
    },
    {
        "id": 4,
        "name": "cash-on-call"
        
    },
    {
        "id": 5,
        "name": "credit-card"
    },
    {
        "id": 6,
        "name": "debitcard"
    },
    {
        "id": 7,
        "name": "gopay"
    },
    {
        "id": 8,
        "name": "limit-1"
    },
    {
        "id": 9,
        "name": "mobile-cash"
    },
    {
        "id": 10,
        "name": "open-savings"
    },
    {
        "id": 11,
        "name": "other-3-dot"
    },
    {
        "id": 12,
        "name": "ovo"
    },
    {
        "id": 13,
        "name": "sell"
    },
    {
        "id": 14,
        "name": "simplepay"
    },
    {
        "id": 15,
        "name": "store"
    },
    {
        "id": 16,
        "name": "switch"
    },
    {
        "id": 17,
        "name": "time-deposit"
    },
    {
        "id": 18,
        "name": "top-up"
    },
    {
        "id": 19,
        "name": "transfer"
    },
    {
        "id": 20,
        "name": "apply-pl"
    },
    {
        "id": 21,
        "name": "calculator"
    },
    {
        "id": 22,
        "name": "apply-mortgage"
    },
    {
        "id": 23,
        "name": "maybe-later"
    },
    {
        "id": 24,
        "name": "add-kartu-tambahan"
    },
    {
        "id": 25,
        "name": "dana-tunai"
    },
    {
        "id": 26,
        "name": "add-credit-card"
    },
    {
        "id": 27,
        "name": "rename"
    },
    {
        "id": 28,
        "name": "telco"
    },
    {
        "id": 29,
        "name": "internet"
    },
    {
        "id": 30,
        "name": "electric-post-paid"
    },
    {
        "id": 31,
        "name": "zakat"
    },
    {
        "id": 32,
        "name": "securities"
    },
    {
        "id": 33,
        "name": "insurance"
    },
    {
        "id": 34,
        "name": "installment"
    },
    {
        "id": 35,
        "name": "education"
    },
    {
        "id": 36,
        "name": "television"
    },
    {
        "id": 37,
        "name": "doku"
    },
    {
        "id": 38,
        "name": "pay-pro"
    },
    {
        "id": 39,
        "name": "electricity-prepaid"
    },
    {
        "id": 40,
        "name": "electricity-prepaid-2"
    },
    {
        "id": 41,
        "name": "electricity-prepaid-3"
    },
    {
        "id": 42,
        "name": "electricity-prepaid-4"
    },
    {
        "id": 43,
        "name": "electricity-water"
    },
    {
        "id": 41,
        "name": "gift-lebaran"
    },
    {
        "id": 42,
        "name": "tf-without-currency"
    },
    {
        "id": 43,
        "name": "tx-travel-bill"
    },
    {
        "id": 44,
        "name": "gift"
    },
    {
        "id": 45,
        "name": "tf-account-number"
    },
    {
        "id": 46,
        "name": "cc-bill"
    },
    {
        "id": 47,
        "name": "dana"
    },
    {
        "id": 48,
        "name": "tf-mobilephone"
    },
    {
        "id": 49,
        "name": "virtual-acc-bill"
    },
    {
        "id": 50,
        "name": "address"
    },
    {
        "id": 51,
        "name": "sms-sr"
    },
    {
        "id": 52,
        "name": "mail"
    },
    {
        "id": 53,
        "name": "favourite"
    },
    {
        "id": 54,
        "name": "cart"
    },
    {
        "id": 55,
        "name": "e-statement"
    },
    {
        "id": 56,
        "name": "sr-ksei"
    },
    {
        "id": 57,
        "name": "register-sbn"
    },
    {
        "id": 58,
        "name": "savings-month"
    },
    {
        "id": 59,
        "name": "tenor"
    },
    {
        "id": 60,
        "name": "tenor-end"
    },
    {
        "id": 61,
        "name": "sbn-early-redemptions"
    },
    {
        "id": 62,
        "name": "sbn-early-redemptions-status"
    },
    {
        "id": 63,
        "name": "fav-setting"
    },
    {
        "id": 64,
        "name": "setting-recurring"
    },
    {
        "id": 65,
        "name": "change-password"
    },
    {
        "id": 66,
        "name": "sid-registration"
    },
    {
        "id": 67,
        "name": "currency"
    },
    {
        "id": 68,
        "name": "e-statement-password"
    },
    {
        "id": 69,
        "name": "puzzle-full"
    },
    {
        "id": 70,
        "name": "post-paid-bill"
    },
    {
        "id": 71,
        "name": "cc-increase-temp-limit"
    },
    {
        "id": 72,
        "name": "rdn-join-balance"
    },
    {
        "id": 73,
        "name": "stock-balance"
    },
    {
        "id": 74,
        "name": "stock-joined-balance"
    },
    {
        "id": 75,
        "name": "rdn-transaction"
    },
    {
        "id": 76,
        "name": "td-modify-term"
    },
    {
        "id": 77,
        "name": "tenor"
    },
    {
        "id": 78,
        "name": "time-deposit-currency"
    },
    {
        "id": 79,
        "name": "permata"
    },
    {
        "id": 80,
        "name": "dana-outline"
    },
    {
        "id": 81,
        "name": "transfer-online"
    },
    {
        "id": 82,
        "name": "transfer-lgg"
    },
    {
        "id": 82,
        "name": "block-user"
    },
    {
        "id": 83,
        "name": "notification"
    },
    {
        "id": 84,
        "name": "compare"
    },
    {
        "id": 85,
        "name": "salary"
    },
    {
        "id": 86,
        "name": "hibah"
    },
    {
        "id": 87,
        "name": "sales"
    },
    {
        "id": 89,
        "name": "profit"
    },
    {
        "id": 90,
        "name": "deposit"
    },
    {
        "id": 91,
        "name": "loanredemption"
    },
    {
        "id": 92,
        "name": "lifestyle"
    },
    {
        "id": 93,
        "name": "investment"
    },
    {
        "id": 94,
        "name": "bank-transaction"
    },
    {
        "id": 95,
        "name": "wallet"
    },
    {
        "id": 96,
        "name": "dinamisinvest"
    },
    {
        "id": 97,
        "name": "swapcard"
    },
    {
        "id": 98,
        "name": "individual"
    },
    {
        "id": 99,
        "name": "company"
    },
    {
        "id": 100,
        "name": "goverment"
    },
    {
        "id": 101,
        "name": "globe"
    },
    {
        "id": 102,
        "name": "health"
    },
    {
        "id": 103,
        "name": "travel"
    },
    {
        "id": 104,
        "name": "businesstrip"
    },
    {
        "id": 105,
        "name": "maternity"
    },
    {
        "id": 106,
        "name": "wedding"
    },
    {
        "id": 107,
        "name": "education-2"
    },
    {
        "id": 108,
        "name": "rip"
    },
    {
        "id": 109,
        "name": "partial"
    },
    {
        "id": 110,
        "name": "puzzle"
    },
    {
        "id": 111,
        "name": "apply-simple-pay"
    },
    {
        "id": 112,
        "name": "simple-pay-history"
    }
]