[
    {
        "id": 1,
        "name": "simple-down"
    },
    {
        "id": 2,
        "name": "simple-left"
    },
    {
        "id": 3,
        "name": "simple-right"
    },
    {
        "id": 4,
        "name": "arrow-right"
    },
    {
        "id": 5,
        "name": "arrow-left"
    },
    {
        "id": 6,
        "name": "arrow-down"
    },
    {
        "id": 7,
        "name": "arrow-up"
    },
    {
        "id": 8,
        "name": "edit"
    },
    {
        "id": 9,
        "name": "close-24"
    },
    {
        "id": 10,
        "name": "help-24"
    },
    {
        "id": 11,
        "name": "mail-24"
    },
    {
        "id": 12,
        "name": "3-dot-24"
    },
    {
        "id": 13,
        "name": "upload"
    },
    {
        "id": 14,
        "name": "search"
    },
    {
        "id": 15,
        "name": "unlink-device"
    },
    {
        "id": 16,
        "name": "mail"
    },
    {
        "id": 17,
        "name": "help-24"
    },
    {
        "id": 18,
        "name": "arrow-left"
    },
    {
        "id": 19,
        "name": "arrow-right"
    },
    {
        "id": 20,
        "name": "search"
    },
    {
        "id": 21,
        "name": "globe"
    },
    {
        "id": 22,
        "name": "conversation-24"
    },
    {
        "id": 23,
        "name": "transfer"
    },
    {
        "id": 24,
        "name": "savings"
    },
    {
        "id": 25,
        "name": "delete"
    },
    {
        "id": 26,
        "name": "duplicate"
    },
    {
        "id": 27,
        "name": "information"
    },
    {
        "id": 28,
        "name": "telephone"
    }
]