[
    {
        "id": 1,
        "name": "currency"
    },
    {
        "id": 2,
        "name": "fav-16"
    },
    {
        "id": 3,
        "name": "info-personal"
    },
    {
        "id": 4,
        "name": "notification"
        
    },
    {
        "id": 5,
        "name": "profile"
    },
    {
        "id": 6,
        "name": "regis"
    },
    {
        "id": 7,
        "name": "setting-recurring"
    },
    {
        "id": 8,
        "name": "statement"
    },
    {
        "id": 9,
        "name": "calculator"
    }
]