[
    {
        "id": 1,
        "name": "bonds"
    },
    {
        "id": 2,
        "name": "compare"
    },
    {
        "id": 3,
        "name": "credit-card"
    },
    {
        "id": 4,
        "name": "current"
        
    },
    {
        "id": 5,
        "name": "mortgage"
    },
    {
        "id": 6,
        "name": "mutual-funds"
    },
    {
        "id": 7,
        "name": "personal-loan"
    },
    {
        "id": 8,
        "name": "time-deposit"
    },
    {
        "id": 9,
        "name": "bancassurance"
    },
    {
        "id": 10,
        "name": "bunga-dasar"
    },
    {
        "id": 11,
        "name": "calculator"
    },
    {
        "id": 12,
        "name": "forex"
    },
    {
        "id": 13,
        "name": "kurs"
    },
    {
        "id": 14,
        "name": "payroll"
    },
    {
        "id": 15,
        "name": "preferred"
    },
    {
        "id": 16,
        "name": "priority"
    },
    {
        "id": 17,
        "name": "wmlink"
    }
]