[
  {
    "id": 1,
    "name": "bankGuarantee"
  },
  {
    "id": 2,
    "name": "creditBillsNegotiated"
  },
  {
    "id": 3,
    "name": "documentCollectionInward"
  },
  {
    "id": 4,
    "name": "documentCollectionOutward"
  },
  {
    "id": 5,
    "name": "forexPembiayaan"
  },
  {
    "id": 6,
    "name": "invoiceFinancing"
  },
  {
    "id": 7,
    "name": "lcSKBDNExport"
  },
  {
    "id": 8,
    "name": "lcSKBDNImport"
  },
  {
    "id": 9,
    "name": "payableServicesPembiayaan"
  },
  {
    "id": 10,
    "name": "postImportFinancingWL"
  },
  {
    "id": 11,
    "name": "preShipmentFinancing"
  },
  {
    "id": 12,
    "name": "receivableServices"
  },
  {
    "id": 13,
    "name": "sblcWL"
  }
]