[
    {
        "id": 1,
        "name": "lcSKBDN"
    },
    {
        "id": 2,
        "name": "shippingGuarantee"
    },
    {
        "id": 3,
        "name": "exportBills"
    },
    {
        "id": 4,
        "name": "creditBillsNegotiated"
    },
    {
        "id": 5,
        "name": "bgSLBC"
    },
    {
        "id": 6,
        "name": "preShipmentFinancing"
    },
    {
        "id": 7,
        "name": "postImportFinance"
    },
    {
        "id": 9,
        "name": "invoiceFinancing"
    },
    {
        "id": 9,
        "name": "bankGaransi"
    },
    {
        "id": 10,
        "name": "lcSKBDNAdvisingCollection"
    },
    {
        "id": 11,
        "name": "lcSKBDNPenerbitan"
    },
    {
        "id": 12,
        "name": "usancePayableAtSight"
    }
]