[
  {
    "id": "1",
    "numberAccount": "883301000041382",
    "text": "883301000041382"
  },
  {
    "id": "2",
    "numberAccount": "883301000041383",
    "text": "883301000041383"
  },
  {
    "id": "3",
    "numberAccount": "883301000041391",
    "text": "883301000041391"
  },
  {
    "id": "4",
    "numberAccount": "883301000041453",
    "text": "883301000041453"
  },
  {
    "id": "5",
    "numberAccount": "883301000041213",
    "text": "883301000041213"
  },
  {
    "id": "6",
    "numberAccount": "883301000041313",
    "text": "883301000041313"
  },
  {
    "id": "7",
    "numberAccount": "883301000041382",
    "text": "883301000041382"
  },
  {
    "id": "8",
    "numberAccount": "883301000041382",
    "text": "883301000041382"
  },
  {
    "id": "9",
    "numberAccount": "883301000041382",
    "text": "883301000041382"
  },
  {
    "id": "10",
    "numberAccount": "883301000041382",
    "text": "883301000041382"
  },
  {
    "id": "11",
    "numberAccount": "883301000041312",
    "text": "883301000041312"
  },
  {
    "id": "12",
    "numberAccount": "883301000041323",
    "text": "883301000041323"
  },
  {
    "id": "13",
    "numberAccount": "883301000041323",
    "text": "883301000041323"
  },
  {
    "id": "14",
    "numberAccount": "883301000041390",
    "text": "883301000041390"
  },
  {
    "id": "15",
    "numberAccount": "883301000041323",
    "text": "883301000041323"
  },
  {
    "id": "16",
    "numberAccount": "883301000041368",
    "text": "883301000041368"
  },
  {
    "id": "17",
    "numberAccount": "883301000041339",
    "text": "883301000041339"
  },
  {
    "id": "18",
    "numberAccount": "883301000041386",
    "text": "883301000041386"
  },
  {
    "id": "19",
    "numberAccount": "883301000041339",
    "text": "883301000041339"
  },
  {
    "id": "20",
    "numberAccount": "883301000041340",
    "text": "883301000041340"
  },
  {
    "id": "21",
    "numberAccount": "883301000041321",
    "text": "883301000041321"
  },
  {
    "id": "22",
    "numberAccount": "883301000041320",
    "text": "883301000041320"
  },
  {
    "id": "23",
    "numberAccount": "883301000041329",
    "text": "883301000041329"
  },
  {
    "id": "24",
    "numberAccount": "883301000041320",
    "text": "883301000041320"
  },
  {
    "id": "25",
    "numberAccount": "883301000041358",
    "text": "883301000041358"
  },
  {
    "id": "26",
    "numberAccount": "883301000041330",
    "text": "883301000041330"
  },
  {
    "id": "27",
    "numberAccount": "883301000041390",
    "text": "883301000041390"
  },
  {
    "id": "28",
    "numberAccount": "883301000041399",
    "text": "883301000041399"
  },
  {
    "id": "29",
    "numberAccount": "883301000041329",
    "text": "883301000041329"
  },
  {
    "id": "30",
    "numberAccount": "883301000041309",
    "text": "883301000041309"
  },
  {
    "id": "31",
    "numberAccount": "883301000041358",
    "text": "883301000041358"
  },
  {
    "id": "32",
    "numberAccount": "883301000041330",
    "text": "883301000041330"
  },
  {
    "id": "33",
    "numberAccount": "883301000041344",
    "text": "883301000041344"
  }
]
