[
  {
    "id": 1,
    "numberAccount": "008014395901",
    "text": "008014395901"
  },
  {
    "id": 2,
    "numberAccount": "008014395902",
    "text": "008014395902"
  },
  {
    "id": 3,
    "numberAccount": "",
    "text": "Toyota Astra Payroll"
  },
  {
    "id": 4,
    "numberAccount": "008014395904",
    "text": "008014395904"
  },
  {
    "id": 5,
    "numberAccount": "008083908008",
    "text": "008083908008"
  },
  {
    "id": 6,
    "numberAccount": "",
    "text": "PT Toyota Motor Manufacturing Indonesia"
  },
  {
    "id": 7,
    "numberAccount": "",
    "text": "Administration 2 Jakarta"
  },
  {
    "id": 8,
    "numberAccount": "",
    "text": "Advanced Career Indonesia"
  },
  {
    "id": 9,
    "numberAccount": "",
    "text": "Astra International"
  },
  {
    "id": 10,
    "numberAccount": "",
    "text": "Mega Konstruksi Indonesia"
  },
  {
    "id": 11,
    "numberAccount": "",
    "text": "Operational 2 Bintaro"
  }
]
