[
  {
    "id": 1,
    "value": "bank-of-america",
    "text": "Bank of America",
    "accountName": "026009593",
    "icon": "",
    "country": "United States",
    "address": "Colorado"
  },
  {
    "id": 2,
    "value": "chase-bank",
    "text": "Chase Bank",
    "accountName": "122100024",
    "icon": "",
    "country": "United States",
    "address": "Colorado"
  },
  {
    "id": 3,
    "value": "hsbc",
    "text": "HSBC",
    "accountName": "021001088",
    "icon": "",
    "country": "United States",
    "address": "Colorado"
  },
  {
    "id": 4,
    "value": "usaa",
    "text": "USAA",
    "accountName": "314074269",
    "icon": "",
    "country": "United States",
    "address": "Colorado"
  },
  {
    "id": 5,
    "value": "the-reserve-trust-company",
    "text": "The Reserve Trust Company ",
    "accountName": "102007558",
    "icon": "",
    "country": "United States",
    "address": "Colorado"
  }
]