[
  {
    "id": 1,
    "value": 1,
    "text": "ACC Simatupang",
    "accountName": "Jakarta Selatan",
    "favorite" : false
  },
  {
    "id": 2,
    "value": 2,
    "text": "AHM Cikarang",
    "accountName": "Bekasi",
    "favorite" : false
  },
  {
    "id": 3,
    "value": 3,
    "text": "AHM Sunter I",
    "accountName": "Jakarta Utara",
    "favorite" : false
  },
  {
    "id": 4,
    "value": 4,
    "text": "Ahmad Yani",
    "accountName": "Bandung",
    "favorite" : false
  },
  {
    "id": 5,
    "value": 5,
    "text": "ACC Simatupang I",
    "accountName": "Jakarta Selatan",
    "favorite" : false
  },
  {
    "id": 6,
    "value": 6,
    "text": "AHM Cikarang I",
    "accountName": "Bekasi",
    "favorite" : false
  },
  {
    "id": 7,
    "value": 7,
    "text": "AHM Sunter II",
    "accountName": "Jakarta Utara",
    "favorite" : false
  },
  {
    "id": 8,
    "value": 8,
    "text": "Ahmad Yani I",
    "accountName": "Bandung",
    "favorite" : false
  },
  {
    "id": 9,
    "value": 9,
    "text": "ACC Simatupang II",
    "accountName": "Jakarta Selatan",
    "favorite" : false
  },
  {
    "id": 10,
    "value": 10,
    "text": "AHM Cikarang II",
    "accountName": "Bekasi",
    "favorite" : false
  },
  {
    "id": 11,
    "value": 11,
    "text": "AHM Sunter III",
    "accountName": "Jakarta Utara",
    "favorite" : false
  },
  {
    "id": 12,
    "value": 12,
    "text": "Ahmad Yani II",
    "accountName": "Bandung",
    "favorite" : false
  },
  {
    "id": 13,
    "value": 13,
    "text": "ACC Simatupang III",
    "accountName": "Jakarta Selatan",
    "favorite" : false
  },
  {
    "id": 14,
    "value": 14,
    "text": "AHM Cikarang III",
    "accountName": "Bekasi",
    "favorite" : false
  },
  {
    "id": 15,
    "value": 15,
    "text": "AHM Sunter IV",
    "accountName": "Jakarta Utara",
    "favorite" : false
  },
  {
    "id": 16,
    "value": 16,
    "text": "Ahmad Yani III",
    "accountName": "Bandung",
    "favorite" : false
  }
]