[
  {
    "id": 1,
    "numberAccount": "",
    "text": "PT Toyota Motor Manufacturing Indonesia"
  },
  {
    "id": 2,
    "numberAccount": "",
    "text": "8014-3959-01"
  },
  {
    "id": 3,
    "numberAccount": "",
    "text": "Administration 2 Jakarta"
  },
  {
    "id": 4,
    "numberAccount": "",
    "text": "Advanced Career Indonesia"
  },
  {
    "id": 5,
    "numberAccount": "",
    "text": "8014-3959-01"
  },
  {
    "id": 6,
    "numberAccount": "",
    "text": "VA Shopee"
  },
  {
    "id": 7,
    "numberAccount": "",
    "text": "Operational Q4"
  },
  {
    "id": 8,
    "numberAccount": "",
    "text": "Operational Q2"
  },
  {
    "id": 9,
    "numberAccount": "",
    "text": "Operational Q3"
  },
  {
    "id": 10,
    "numberAccount": "",
    "text": "Sparepart"
  },
  {
    "id": 11,
    "numberAccount": "",
    "text": "CC Diamond"
  },
  {
    "id": 12,
    "numberAccount": "",
    "text": "Dana Irma"
  },
  {
    "id": 13,
    "numberAccount": "",
    "text": "Internet Package XL"
  },
  {
    "id": 9,
    "numberAccount": "",
    "text": "PLN Office"
  },
  {
    "id": 14,
    "numberAccount": "",
    "text": "CC BCA"
  },
  {
    "id": 15,
    "numberAccount": "",
    "text": "Postpaid HP"
  },
  {
    "id": 16,
    "numberAccount": "",
    "text": "Astra Monthly Payment"
  },
  {
    "id": 17,
    "numberAccount": "",
    "text": "PT Toyota Astra International"
  }
]
