[
  {
    "id": 1,
    "value": 1,
    "text": "0080-1439-5901",
    "currency": "IDR",
    "accountName": "PT Toyota Motor Manufacturing Indonesia",
    "favorite" : true
  },
  {
    "id": 2,
    "value": 2,
    "text": "0080-1439-5902",
    "currency": "IDR",
    "accountName": "Toyota Branch Regional",
    "favorite" : true
  },
  {
    "id": 3,
    "value": 3,
    "text": "0080-8390-8008",
    "currency": "IDR",
    "accountName": "Giro 3 Regional",
    "favorite" : true
  },
  {
    "id": 4,
    "value": 4,
    "text": "0080-1439-5904",
    "currency": "IDR",
    "accountName": "Giro 4 Bandung Raya",
    "favorite" : false
  },
  {
    "id": 5,
    "value": 5,
    "text": "0030-1439-5901",
    "currency": "IDR",
    "accountName": "Giro 5",
    "favorite" : false
  },
  {
    "id": 6,
    "value": 6,
    "text": "0030-1439-5901",
    "currency": "IDR",
    "accountName": "Giro 6",
    "favorite" : false
  },
  {
    "id": 7,
    "value": 7,
    "text": "0030-1439-5901",
    "currency": "IDR",
    "accountName": "Giro 7",
    "favorite" : false
  },
  {
    "id": 8,
    "value": 8,
    "text": "0030-1439-5901",
    "currency": "IDR",
    "accountName": "Giro 8",
    "favorite" : false
  },
  {
    "id": 9,
    "value": 9,
    "text": "0030-1439-5901",
    "currency": "IDR",
    "accountName": "Giro 9",
    "favorite" : false
  },
  {
    "id": 10,
    "value": 10,
    "text": "0030-1439-5901",
    "currency": "IDR",
    "accountName": "Giro 10",
    "favorite" : false
  },
  {
    "id": 11,
    "value": 11,
    "text": "0030-1439-5901",
    "currency": "IDR",
    "accountName": "Giro 11",
    "favorite" : false
  },
  {
    "id": 12,
    "value": 12,
    "text": "0030-1439-5901",
    "currency": "IDR",
    "accountName": "Giro 12",
    "favorite" : false
  },
  {
    "id": 13,
    "value": 13,
    "text": "0030-1439-5901",
    "currency": "IDR",
    "accountName": "Giro 13",
    "favorite" : false
  },
  {
    "id": 14,
    "value": 14,
    "text": "0030-1439-5901",
    "currency": "IDR",
    "accountName": "Giro 14",
    "favorite" : false
  },
  {
    "id": 15,
    "value": 15,
    "text": "0030-1439-5901",
    "currency": "IDR",
    "accountName": "Giro 15",
    "favorite" : false
  }
]
