[
  {
    "id": 1,
    "value": 1,
    "text": "Phone Top Up",
    "icon": "phonecredit"
  },
  {
    "id": 2,
    "value": 2,
    "text": "Mobile Data Package",
    "icon": "mobiledata"
  },
  {
    "id": 3,
    "value": 3,
    "text": "Prepaid PLN",
    "icon": "plntoken"
  },
  {
    "id": 4,
    "value": 4,
    "text": "OVO ",
    "icon": "ovo"
  },
  {
    "id": 5,
    "value": 5,
    "text": "GoPay",
    "icon": "gopay"
  },
  {
    "id": 6,
    "value": 6,
    "text": "DANA",
    "icon": "dana"
  },
  {
    "id": 7,
    "value": 7,
    "text": "AstraPay",
    "icon": "astrapay"
  },
  {
    "id": 8,
    "value": 8,
    "text": "ShopeePay",
    "icon": "shopeepay"
  },
  {
    "id": 9,
    "value": 9,
    "text": "Indosat PayPro",
    "icon": "paypro"
  },
  {
    "id": 10,
    "value": 10,
    "text": "DOKU",
    "icon": "doku"
  },
  {
    "id": 12,
    "value": 12,
    "text": "Game Voucher",
    "icon": "gameVoucher"
  },
  {
    "id": 14,
    "value": 14,
    "text": "Fello",
    "icon": "fello"
  }
]
