[
  {
    "id": 1,
    "value": 1,
    "text": "PermataBank",
    "type": "online",
    "isDomestic": false,
    "icon": "deposito",
    "accountName": "BBBAIDJAXXX",
    "country": "Indonesia",
    "address": "Jakarta",
    "isOverbooking": true,
    "typeForm": "overbooking"
  },
  {
    "id": 2,
    "value": 2,
    "text": "FedWire Code",
    "type": "online",
    "isDomestic": true,
    "icon": "tabungan",
    "accountName": "Select FedWire Bank Name",
    "country": "",
    "address": "",
    "isOverbooking": false,
    "typeForm": "fedwire"
  },
  {
    "id": 3,
    "value": 3,
    "text": "Bank Central Asia (BCA)",
    "type": "online",
    "isDomestic": true,
    "icon": "tabungan",
    "accountName": "BOFAUS3NXXX",
    "country": "Indonesia",
    "address": "Jakarta",
    "typeForm": "none"
  },
  {
    "id": 4,
    "value": 4,
    "text": "Bank of America",
    "type": "online",
    "isDomestic": true,
    "icon": "deposito",
    "accountName": "BOFAUS3NXXX",
    "country": "United States",
    "address": "New York",
    "typeForm": "none"
  },
  {
    "id": 5,
    "value": 5,
    "text": "Bank OCBC NISP",
    "type": "online",
    "isDomestic": true,
    "icon": "tabungan",
    "accountName": "CENAIDJAXXX",
    "country": "Indonesia",
    "address": "Jakarta",
    "typeForm": "none"
  },
  {
    "id": 6,
    "value": 6,
    "text": "Bank Mandiri",
    "type": "online",
    "isDomestic": true,
    "icon": "deposito",
    "accountName": "NEMANJAMXXX",
    "country": "Indonesia",
    "address": "Jakarta",
    "typeForm": "none"
  },
  {
    "id": 7,
    "value": 7,
    "text": "Bank UOB Indonesia",
    "type": "online",
    "isDomestic": true,
    "icon": "deposito",
    "accountName": "CENAIDJAXXX",
    "country": "Indonesia",
    "address": "Jakarta",
    "typeForm": "none"
  },
  {
    "id": 8,
    "value": 8,
    "text": "Bank Maybank Indonesia",
    "type": "online",
    "isDomestic": true,
    "icon": "tabungan",
    "accountName": "CENAIDJAXXX",
    "country": "Indonesia",
    "address": "Jakarta",
    "typeForm": "none"
  },
  {
    "id": 9,
    "value": 9,
    "text": "Bank Panin",
    "type": "online",
    "isDomestic": true,
    "icon": "deposito",
    "accountName": "CENAIDJAXXX",
    "country": "Indonesia",
    "address": "Jakarta",
    "typeForm": "none"
  },
  {
    "id": 10,
    "value": 10,
    "text": "Bank Rakyat Indonesia",
    "type": "online",
    "isDomestic": true,
    "icon": "tabungan",
    "accountName": "CENAIDJAXXX",
    "country": "Indonesia",
    "address": "Jakarta",
    "typeForm": "none"
  },
  {
    "id": 11,
    "value": 11,
    "text": "Bank Sinarmas",
    "type": "online",
    "isDomestic": true,
    "icon": "deposito",
    "accountName": "CENAIDJAXXX",
    "country": "Indonesia",
    "address": "Jakarta",
    "typeForm": "none"
  },
  {
    "id": 12,
    "value": 12,
    "text": "Bank DBS Indonesia",
    "type": "online",
    "isDomestic": true,
    "icon": "deposito",
    "accountName": "JENDASXXX",
    "country": "Indonesia",
    "address": "Jakarta",
    "typeForm": "none"
  },
  {
    "id": 13,
    "value": 13,
    "text": "Bank Danamon",
    "type": "online",
    "isDomestic": true,
    "icon": "deposito",
    "accountName": "CENAIDJAXXX",
    "country": "Indonesia",
    "address": "Jakarta",
    "typeForm": "none"
  },
  {
    "id": 14,
    "value": 14,
    "text": "Bank Mega",
    "type": "online",
    "isDomestic": true,
    "icon": "deposito",
    "accountName": "CENAIDJAXXX",
    "country": "Indonesia",
    "address": "Jakarta",
    "typeForm": "none"
  },
  {
    "id": 15,
    "value": 15,
    "text": "Bank Maspion",
    "type": "online",
    "isDomestic": true,
    "icon": "deposito",
    "accountName": "CENAIDJAXXX",
    "country": "Indonesia",
    "address": "Jakarta",
    "typeForm": "none"
  },
  {
    "id": 16,
    "value": 16,
    "text": "Bank Commonwealth",
    "type": "online",
    "isDomestic": true,
    "icon": "deposito",
    "accountName": "CENAIDJAXXX",
    "country": "Indonesia",
    "address": "Jakarta",
    "typeForm": "none"
  },
  {
    "id": 17,
    "value": 17,
    "text": "Bank J Trust Indonesia",
    "type": "online",
    "isDomestic": true,
    "icon": "deposito",
    "accountName": "CENAIDJAXXX",
    "country": "Indonesia",
    "address": "Jakarta",
    "typeForm": "none"
  },
  {
    "id": 18,
    "value": 18,
    "text": "Bank Mizuho Indonesia",
    "type": "online",
    "isDomestic": true,
    "icon": "deposito",
    "accountName": "CENAIDJAXXX",
    "country": "Indonesia",
    "address": "Jakarta",
    "typeForm": "none"
  },
  {
    "id": 19,
    "value": 19,
    "text": "Bank KB Bukopin",
    "type": "online",
    "isDomestic": true,
    "icon": "deposito",
    "accountName": "CENAIDJAXXX",
    "country": "Indonesia",
    "address": "Jakarta",
    "typeForm": "none"
  },
  {
    "id": 20,
    "value": 20,
    "text": "Bank Hana Indonesia",
    "type": "online",
    "isDomestic": true,
    "icon": "deposito",
    "accountName": "CENAIDJAXXX",
    "country": "Indonesia",
    "address": "Jakarta",
    "typeForm": "none"
  }
]