[
  {
    "id": 1,
    "value": 1,
    "text": "Afganistan"
  },
  {
    "id": 2,
    "value": 2,
    "text": "Albania"
  },
  {
    "id": 3,
    "value": 3,
    "text": "Algeria"
  },
  {
    "id": 4,
    "value": 4,
    "text": "Andorra"
  },
  {
    "id": 5,
    "value": 5,
    "text": "Angola"
  },
  {
    "id": 6,
    "value": 6,
    "text": "Arab Saudi"
  },
  {
    "id": 7,
    "value": 7,
    "text": "Argentina"
  },
  {
    "id": 8,
    "value": 8,
    "text": "Armenia"
  },
  {
    "id": 9,
    "value": 9,
    "text": "Australia"
  },
  {
    "id": 10,
    "value": 10,
    "text": "Austria"
  },
  {
    "id": 11,
    "value": 11,
    "text": "Azerbaijan"
  },
  {
    "id": 12,
    "value": 12,
    "text": "Bahamas"
  },
  {
    "id": 13,
    "value": 13,
    "text": "Bahrain"
  },
  {
    "id": 14,
    "value": 14,
    "text": "Bangladesh"
  },
  {
    "id": 15,
    "value": 15,
    "text": "Barbados"
  },
  {
    "id": 16,
    "value": 16,
    "text": "Belarus"
  },
  {
    "id": 17,
    "value": 17,
    "text": "Belgium"
  },
  {
    "id": 18,
    "value": 18,
    "text": "Belize"
  },
  {
    "id": 19,
    "value": 19,
    "text": "Benin"
  },
  {
    "id": 20,
    "value": 20,
    "text": "Bermuda"
  },
  {
    "id": 21,
    "value": 21,
    "text": "Bhutan"
  },
  {
    "id": 22,
    "value": 22,
    "text": "Bolivia"
  },
  {
    "id": 23,
    "value": 23,
    "text": "Bosnia and Herzegovina"
  },
  {
    "id": 24,
    "value": 24,
    "text": "Botswana"
  },
  {
    "id": 25,
    "value": 25,
    "text": "Bouvet Island"
  },
  {
    "id": 26,
    "value": 26,
    "text": "Brazil"
  },
  {
    "id": 27,
    "value": 27,
    "text": "British Indian Ocean Territory"
  },
  {
    "id": 28,
    "value": 28,
    "text": "Brunei Darussalam"
  },
  {
    "id": 29,
    "value": 29,
    "text": "Bulgaria"
  },
  {
    "id": 30,
    "value": 30,
    "text": "Burkina Faso"
  },
  {
    "id": 31,
    "value": 31,
    "text": "Burundi"
  },
  {
    "id": 32,
    "value": 32,
    "text": "Cambodia"
  },
  {
    "id": 33,
    "value": 33,
    "text": "Cameroon"
  },
  {
    "id": 34,
    "value": 34,
    "text": "Canada"
  },
  {
    "id": 35,
    "value": 35,
    "text": "Cape Verde"
  },
  {
    "id": 36,
    "value": 36,
    "text": "Cayman Islands"
  },
  {
    "id": 37,
    "value": 37,
    "text": "Central African Republic"
  },
  {
    "id": 38,
    "value": 38,
    "text": "Chad"
  },
  {
    "id": 39,
    "value": 39,
    "text": "Chile"
  },
  {
    "id": 40,
    "value": 40,
    "text": "China"
  },
  {
    "id": 41,
    "value": 41,
    "text": "Christmas Island"
  },
  {
    "id": 42,
    "value": 42,
    "text": "Cocos (Keeling) Islands"
  },
  {
    "id": 43,
    "value": 43,
    "text": "Colombia"
  },
  {
    "id": 44,
    "value": 44,
    "text": "Comoros"
  },
  {
    "id": 45,
    "value": 45,
    "text": "Congo"
  },
  {
    "id": 46,
    "value": 46,
    "text": "Congo, The Democratic Republic of the"
  },
  {
    "id": 47,
    "value": 47,
    "text": "Cook Islands"
  },
  {
    "id": 48,
    "value": 48,
    "text": "Costa Rica"
  },
  {
    "id": 49,
    "value": 49,
    "text": "Cote DIvoire"
  },
  {
    "id": 50,
    "value": 50,
    "text": "Croatia"
  },
  {
    "id": 51,
    "value": 51,
    "text": "Cuba"
  },
  {
    "id": 52,
    "value": 52,
    "text": "Cyprus"
  },
  {
    "id": 53,
    "value": 53,
    "text": "Czech Republic"
  },
  {
    "id": 54,
    "value": 54,
    "text": "Denmark"
  },
  {
    "id": 55,
    "value": 55,
    "text": "Djibouti"
  },
  {
    "id": 56,
    "value": 56,
    "text": "Dominica"
  },
  {
    "id": 57,
    "value": 57,
    "text": "Dominican Republic"
  },
  {
    "id": 58,
    "value": 58,
    "text": "Ecuador"
  },
  {
    "id": 59,
    "value": 59,
    "text": "Egypt"
  },
  {
    "id": 60,
    "value": 60,
    "text": "El Salvador"
  },
  {
    "id": 61,
    "value": 61,
    "text": "Equatorial Guinea"
  },
  {
    "id": 62,
    "value": 62,
    "text": "Eritrea"
  },
  {
    "id": 63,
    "value": 63,
    "text": "Estonia"
  },
  {
    "id": 64,
    "value": 64,
    "text": "Ethiopia"
  },
  {
    "id": 65,
    "value": 65,
    "text": "Falkland Islands (Malvinas)"
  },
  {
    "id": 66,
    "value": 66,
    "text": "Faroe Islands"
  },
  {
    "id": 67,
    "value": 67,
    "text": "Fiji"
  },
  {
    "id": 68,
    "value": 68,
    "text": "Finland"
  },
  {
    "id": 69,
    "value": 69,
    "text": "France"
  },
  {
    "id": 70,
    "value": 70,
    "text": "French Guiana"
  },
  {
    "id": 71,
    "value": 71,
    "text": "French Polynesia"
  },
  {
    "id": 72,
    "value": 72,
    "text": "French Southern Territories"
  },
  {
    "id": 73,
    "value": 73,
    "text": "Gabon"
  },
  {
    "id": 74,
    "value": 74,
    "text": "Gambia"
  },
  {
    "id": 75,
    "value": 75,
    "text": "Georgia"
  },
  {
    "id": 76,
    "value": 76,
    "text": "Germany"
  },
  {
    "id": 77,
    "value": 77,
    "text": "Ghana"
  },
  {
    "id": 78,
    "value": 78,
    "text": "Gibraltar"
  },
  {
    "id": 79,
    "value": 79,
    "text": "Greece"
  },
  {
    "id": 80,
    "value": 80,
    "text": "Greenland"
  },
  {
    "id": 81,
    "value": 81,
    "text": "Grenada"
  },
  {
    "id": 82,
    "value": 82,
    "text": "Guadeloupe"
  },
  {
    "id": 83,
    "value": 83,
    "text": "Guam"
  },
  {
    "id": 84,
    "value": 84,
    "text": "Guatemala"
  },
  {
    "id": 85,
    "value": 85,
    "text": "Guernsey"
  },
  {
    "id": 86,
    "value": 86,
    "text": "Guinea"
  },
  {
    "id": 87,
    "value": 87,
    "text": "Guinea-Bissau"
  },
  {
    "id": 88,
    "value": 88,
    "text": "Guyana"
  },
  {
    "id": 89,
    "value": 89,
    "text": "Haiti"
  },
  {
    "id": 90,
    "value": 90,
    "text": "Heard Island and Mcdonald Islands"
  },
  {
    "id": 91,
    "value": 91,
    "text": "Holy See (Vatican City State)"
  },
  {
    "id": 92,
    "value": 92,
    "text": "Honduras"
  },
  {
    "id": 93,
    "value": 93,
    "text": "Hong Kong"
  },
  {
    "id": 94,
    "value": 94,
    "text": "Hungary"
  },
  {
    "id": 95,
    "value": 95,
    "text": "Iceland"
  },
  {
    "id": 96,
    "value": 96,
    "text": "India"
  },
  {
    "id": 97,
    "value": 97,
    "text": "Indonesia"
  },
  {
    "id": 98,
    "value": 98,
    "text": "Iraq, Islamic Republic Of"
  },
  {
    "id": 99,
    "value": 99,
    "text": "Iraq"
  },
  {
    "id": 100,
    "value": 100,
    "text": "Ireland"
  },
  {
    "id": 101,
    "value": 101,
    "text": "Isle of Man"
  },
  {
    "id": 102,
    "value": 102,
    "text": "Israel"
  },
  {
    "id": 103,
    "value": 103,
    "text": "Italy"
  },
  {
    "id": 104,
    "value": 104,
    "text": "Jamaica"
  },
  {
    "id": 105,
    "value": 105,
    "text": "Japan"
  },
  {
    "id": 106,
    "value": 106,
    "text": "Jersey"
  },
  {
    "id": 107,
    "value": 107,
    "text": "Jordan"
  },
  {
    "id": 108,
    "value": 108,
    "text": "Kazakhstan"
  },
  {
    "id": 109,
    "value": 109,
    "text": "Kenya"
  },
  {
    "id": 110,
    "value": 110,
    "text": "Kiribati"
  },
  {
    "id": 111,
    "value": 111,
    "text": "Korea, Democratic People Republic of"
  },
  {
    "id": 112,
    "value": 112,
    "text": "Korea, Republic of"
  },
  {
    "id": 113,
    "value": 113,
    "text": "Kuwait"
  },
  {
    "id": 114,
    "value": 114,
    "text": "Kyrgyzstan"
  },
  {
    "id": 115,
    "value": 115,
    "text": "Lao PeopleS Democratic Republic"
  },
  {
    "id": 116,
    "value": 116,
    "text": "Latvia"
  },
  {
    "id": 117,
    "value": 117,
    "text": "Lebanon"
  },
  {
    "id": 118,
    "value": 118,
    "text": "Lesotho"
  },
  {
    "id": 119,
    "value": 119,
    "text": "Liberia"
  },
  {
    "id": 120,
    "value": 120,
    "text": "Libyan Arab Jamahiriya"
  },
  {
    "id": 121,
    "value": 121,
    "text": "Liechtenstein"
  },
  {
    "id": 122,
    "value": 122,
    "text": "Lithuania"
  },
  {
    "id": 123,
    "value": 123,
    "text": "Luxembourg"
  },
  {
    "id": 124,
    "value": 124,
    "text": "Macao"
  },
  {
    "id": 125,
    "value": 125,
    "text": "Macedonia, The Former Yugoslav Republic of"
  },
  {
    "id": 126,
    "value": 126,
    "text": "Madagascar"
  },
  {
    "id": 127,
    "value": 127,
    "text": "Malawi"
  },
  {
    "id": 128,
    "value": 128,
    "text": "Malaysia"
  },
  {
    "id": 129,
    "value": 129,
    "text": "Maldives"
  },
  {
    "id": 130,
    "value": 130,
    "text": "Mali"
  },
  {
    "id": 131,
    "value": 131,
    "text": "Malta"
  },
  {
    "id": 132,
    "value": 132,
    "text": "Marshall Islands"
  },
  {
    "id": 133,
    "value": 133,
    "text": "Martinique"
  },
  {
    "id": 134,
    "value": 134,
    "text": "Mauritania"
  },
  {
    "id": 135,
    "value": 135,
    "text": "Mauritius"
  },
  {
    "id": 136,
    "value": 136,
    "text": "Mayotte"
  },
  {
    "id": 137,
    "value": 137,
    "text": "Mexico"
  },
  {
    "id": 138,
    "value": 138,
    "text": "Micronesia, Federated States of"
  },
  {
    "id": 139,
    "value": 139,
    "text": "Moldova, Republic of"
  },
  {
    "id": 140,
    "value": 140,
    "text": "Monaco"
  },
  {
    "id": 141,
    "value": 141,
    "text": "Mongolia"
  },
  {
    "id": 142,
    "value": 142,
    "text": "Montserrat"
  },
  {
    "id": 143,
    "value": 143,
    "text": "Morocco"
  },
  {
    "id": 144,
    "value": 144,
    "text": "Mozambique"
  },
  {
    "id": 145,
    "value": 145,
    "text": "Myanmar"
  },
  {
    "id": 146,
    "value": 146,
    "text": "Namibia"
  },
  {
    "id": 147,
    "value": 147,
    "text": "Nauru"
  },
  {
    "id": 148,
    "value": 148,
    "text": "Nepal"
  },
  {
    "id": 149,
    "value": 149,
    "text": "Netherlands"
  },
  {
    "id": 150,
    "value": 150,
    "text": "Netherlands Antilles"
  },
  {
    "id": 151,
    "value": 151,
    "text": "New Caledonia"
  },
  {
    "id": 152,
    "value": 152,
    "text": "New Zealand"
  },
  {
    "id": 153,
    "value": 153,
    "text": "Nicaragua"
  },
  {
    "id": 154,
    "value": 154,
    "text": "Niger"
  },
  {
    "id": 155,
    "value": 155,
    "text": "Nigeria"
  },
  {
    "id": 156,
    "value": 156,
    "text": "Niue"
  },
  {
    "id": 157,
    "value": 157,
    "text": "Norfolk Island"
  },
  {
    "id": 158,
    "value": 158,
    "text": "Northern Mariana Islands"
  },
  {
    "id": 159,
    "value": 159,
    "text": "Norway"
  },
  {
    "id": 160,
    "value": 160,
    "text": "Oman"
  },
  {
    "id": 161,
    "value": 161,
    "text": "Pakistan"
  },
  {
    "id": 162,
    "value": 162,
    "text": "Palau"
  },
  {
    "id": 163,
    "value": 163,
    "text": "Palestinian Territory, Occupied"
  },
  {
    "id": 164,
    "value": 164,
    "text": "Panama"
  },
  {
    "id": 165,
    "value": 165,
    "text": "Papua New Guinea"
  },
  {
    "id": 166,
    "value": 166,
    "text": "Paraguay"
  },
  {
    "id": 167,
    "value": 167,
    "text": "Peru"
  },
  {
    "id": 168,
    "value": 168,
    "text": "Philippines"
  },
  {
    "id": 169,
    "value": 169,
    "text": "Pitcairn"
  },
  {
    "id": 170,
    "value": 170,
    "text": "Poland"
  },
  {
    "id": 171,
    "value": 171,
    "text": "Portugal"
  },
  {
    "id": 172,
    "value": 172,
    "text": "Puerto Rico"
  },
  {
    "id": 173,
    "value": 173,
    "text": "Qatar"
  },
  {
    "id": 174,
    "value": 174,
    "text": "Reunion"
  },
  {
    "id": 175,
    "value": 175,
    "text": "Romania"
  },
  {
    "id": 176,
    "value": 176,
    "text": "Russian Federation"
  },
  {
    "id": 177,
    "value": 177,
    "text": "RWANDA"
  },
  {
    "id": 178,
    "value": 178,
    "text": "Saint Helena"
  },
  {
    "id": 179,
    "value": 179,
    "text": "Saint Kitts and Nevis"
  },
  {
    "id": 180,
    "value": 180,
    "text": "Saint Lucia"
  },
  {
    "id": 181,
    "value": 181,
    "text": "Saint Pierre and Miquelon"
  },
  {
    "id": 182,
    "value": 182,
    "text": "Saint Vincent and the Grenadines"
  },
  {
    "id": 183,
    "value": 183,
    "text": "Samoa"
  },
  {
    "id": 184,
    "value": 184,
    "text": "San Marino"
  },
  {
    "id": 185,
    "value": 185,
    "text": "Sao Tome and Principe"
  },
  {
    "id": 186,
    "value": 186,
    "text": "Saudi Arabia"
  },
  {
    "id": 187,
    "value": 187,
    "text": "Senegal"
  },
  {
    "id": 188,
    "value": 188,
    "text": "Serbia and Montenegro"
  },
  {
    "id": 189,
    "value": 189,
    "text": "Seychelles"
  },
  {
    "id": 190,
    "value": 190,
    "text": "Sierra Leone"
  },
  {
    "id": 191,
    "value": 191,
    "text": "Singapore"
  },
  {
    "id": 192,
    "value": 192,
    "text": "Slovakia"
  },
  {
    "id": 193,
    "value": 193,
    "text": "Slovenia"
  },
  {
    "id": 194,
    "value": 194,
    "text": "Solomon Islands"
  },
  {
    "id": 195,
    "value": 195,
    "text": "Somalia"
  },
  {
    "id": 196,
    "value": 196,
    "text": "South Africa"
  },
  {
    "id": 197,
    "value": 197,
    "text": "South Georgia and the South Sandwich Islands"
  },
  {
    "id": 198,
    "value": 198,
    "text": "Spain"
  },
  {
    "id": 199,
    "value": 199,
    "text": "Sri Lanka"
  },
  {
    "id": 200,
    "value": 200,
    "text": "Sudan"
  },
  {
    "id": 201,
    "value": 201,
    "text": "Suriname"
  },
  {
    "id": 202,
    "value": 202,
    "text": "Svalbard and Jan Mayen"
  },
  {
    "id": 203,
    "value": 203,
    "text": "Swaziland"
  },
  {
    "id": 204,
    "value": 204,
    "text": "Sweden"
  },
  {
    "id": 205,
    "value": 205,
    "text": "Switzerland"
  },
  {
    "id": 206,
    "value": 206,
    "text": "Syrian Arab Republic"
  },
  {
    "id": 207,
    "value": 207,
    "text": "Taiwan, Province of China"
  },
  {
    "id": 208,
    "value": 208,
    "text": "Tajikistan"
  },
  {
    "id": 209,
    "value": 209,
    "text": "Tanzania, United Republic of"
  },
  {
    "id": 210,
    "value": 210,
    "text": "Thailand"
  },
  {
    "id": 211,
    "value": 211,
    "text": "Timor-Leste"
  },
  {
    "id": 212,
    "value": 212,
    "text": "Togo"
  },
  {
    "id": 213,
    "value": 213,
    "text": "Tokelau"
  },
  {
    "id": 214,
    "value": 214,
    "text": "Tonga"
  },
  {
    "id": 215,
    "value": 215,
    "text": "Trinidad and Tobago"
  },
  {
    "id": 216,
    "value": 216,
    "text": "Tunisia"
  },
  {
    "id": 217,
    "value": 217,
    "text": "Turkey"
  },
  {
    "id": 218,
    "value": 218,
    "text": "Turkmenistan"
  },
  {
    "id": 219,
    "value": 219,
    "text": "Turks and Caicos Islands"
  },
  {
    "id": 220,
    "value": 220,
    "text": "Tuvalu"
  },
  {
    "id": 221,
    "value": 221,
    "text": "Uganda"
  },
  {
    "id": 222,
    "value": 222,
    "text": "Ukraine"
  },
  {
    "id": 223,
    "value": 223,
    "text": "United Arab Emirates"
  },
  {
    "id": 224,
    "value": 224,
    "text": "United Kingdom"
  },
  {
    "id": 225,
    "value": 225,
    "text": "United States"
  },
  {
    "id": 226,
    "value": 226,
    "text": "United States Minor Outlying Islands"
  },
  {
    "id": 227,
    "value": 227,
    "text": "Uruguay"
  },
  {
    "id": 228,
    "value": 228,
    "text": "Uzbekistan"
  },
  {
    "id": 229,
    "value": 229,
    "text": "Vanuatu"
  },
  {
    "id": 230,
    "value": 230,
    "text": "Venezuela"
  },
  {
    "id": 231,
    "value": 231,
    "text": "Viet Nam"
  },
  {
    "id": 232,
    "value": 232,
    "text": "Virgin Islands, British"
  },
  {
    "id": 233,
    "value": 233,
    "text": "Virgin Islands, U.S."
  },
  {
    "id": 234,
    "value": 234,
    "text": "Wallis and Futuna"
  },
  {
    "id": 235,
    "value": 235,
    "text": "Western Sahara"
  },
  {
    "id": 236,
    "value": 236,
    "text": "Yemen"
  },
  {
    "id": 237,
    "value": 237,
    "text": "Zambia"
  },
  {
    "id": 238,
    "value": 238,
    "text": "Zimbabwe"
  }
]