[
  {
    "id": 3,
    "isChecked": false,
    "transactionDate": 1624512780000,
    "transactionType": "Phone Top Up",
    "transactionNumber": "1234-4444-1234-4444-5123",
    "fromName": "PT Toyota Motor Manufacturing Indonesia",
    "fromNumber": "0080-1439-5901",
    "destinationName": "0811-2234-344",
    "destinationBank": "",
    "destinationNumber": "",
    "currency": "IDR",
    "multipleCurrency": false,
    "currencyList": [],
    "amount": "101500",
    "status": "Expired",
    "closeCutOffTime": true,
    "to": "/transaction-status/detail?type=topup&subtype=phone-top-up&progress=_EXPIRED"
  },
  {
    "id": 4,
    "isChecked": false,
    "transactionDate": 1624512780000,
    "transactionType": "Mobile Data Package",
    "transactionNumber": "1234-4444-1234-4444-5123",
    "fromName": "PT Toyota Motor Manufacturing Indonesia",
    "fromNumber": "0080-1439-5901",
    "destinationName": "0877-8834-3442",
    "destinationBank": "",
    "destinationNumber": "",
    "currency": "IDR",
    "multipleCurrency": false,
    "currencyList": [],
    "amount": "130000",
    "status": "Expired",
    "closeCutOffTime": true,
    "to": "/transaction-status/detail?type=topup&subtype=mobile-legend&progress=_EXPIRED"
  },
  {
    "id": 5,
    "isChecked": false,
    "transactionDate": 1624512780000,
    "transactionType": "Prepaid PLN",
    "transactionNumber": "1234-4444-1234-4444-5123",
    "fromName": "PT Toyota Motor Manufacturing Indonesia",
    "fromNumber": "0080-1439-5901",
    "destinationName": "Budi Setiawan",
    "destinationBank": "",
    "destinationNumber": "5455-0116-9998",
    "currency": "IDR",
    "multipleCurrency": false,
    "currencyList": [],
    "amount": "503000",
    "status": "Successful",
    "closeCutOffTime": false,
    "to": "/transaction-status/detail?type=topup&subtype=pln&progress=SUCCESS"
  },
  {
    "id": 6,
    "isChecked": false,
    "transactionDate": 1624512780000,
    "transactionType": "OVO",
    "transactionNumber": "1234-4444-1234-4444-5123",
    "fromName": "PT Jaya Regional",
    "fromNumber": "0032-8820-2000",
    "destinationName": "OVO Bu** Se*****an",
    "destinationBank": "",
    "destinationNumber": "0812-8879-700",
    "currency": "IDR",
    "multipleCurrency": false,
    "currencyList": [],
    "amount": "501000",
    "status": "Successful",
    "closeCutOffTime": false,
    "to": "/transaction-status/detail?type=topup&subtype=ovo&progress=SUCCESS"
  },
  {
    "id": 7,
    "isChecked": false,
    "transactionDate": 1624512780000,
    "transactionType": "GoPay",
    "transactionNumber": "1234-4444-1234-4444-5123",
    "fromName": "PT Jaya Regional",
    "fromNumber": "0032-8820-2000",
    "destinationName": "GOPAY BUDI SETIAWAN",
    "destinationBank": "",
    "destinationNumber": "0812-8879-700",
    "currency": "IDR",
    "multipleCurrency": false,
    "currencyList": [],
    "amount": "501000",
    "status": "Successful",
    "closeCutOffTime": false,
    "to": "/transaction-status/detail?type=topup&subtype=gopay&progress=SUCCESS"
  },
  {
    "id": 8,
    "isChecked": false,
    "transactionDate": 1624512780000,
    "transactionType": "DANA",
    "transactionNumber": "1234-4444-1234-4444-5123",
    "fromName": "PT Sentosa Nasional",
    "fromNumber": "0080-1439-2000",
    "destinationName": "Danatopup Irm********",
    "destinationBank": "",
    "destinationNumber": "0812-8879-700",
    "currency": "IDR",
    "multipleCurrency": false,
    "currencyList": [],
    "amount": "501000",
    "status": "For Repair",
    "closeCutOffTime": false,
    "to": "/transaction-status/detail?type=topup&subtype=dana&progress=FOR_REPAIR"
  },
  {
    "id": 9,
    "isChecked": false,
    "transactionDate": 1624512780000,
    "transactionType": "AstraPay",
    "transactionNumber": "1234-4444-1234-4444-5123",
    "fromName": "PT Astra Indonesia",
    "fromNumber": "0042-8820-1229",
    "destinationName": "Budi Setiawan",
    "destinationBank": "",
    "destinationNumber": "0812-8879-700",
    "currency": "IDR",
    "multipleCurrency": false,
    "currencyList": [],
    "amount": "501000",
    "status": "For Repair",
    "closeCutOffTime": false,
    "to": "/transaction-status/detail?type=topup&subtype=shopee-pay&progress=FOR_REPAIR"
  },
  {
    "id": 10,
    "isChecked": false,
    "transactionDate": 1624512780000,
    "transactionType": "ShopeePay",
    "transactionNumber": "1234-4444-1234-4444-5123",
    "fromName": "PT Astra Indonesia",
    "fromNumber": "0042-8820-1229",
    "destinationName": "SHOPEEPAY/R********N",
    "destinationBank": "",
    "destinationNumber": "0812-8879-700",
    "currency": "IDR",
    "multipleCurrency": false,
    "currencyList": [],
    "amount": "501000",
    "status": "Forward Dated",
    "closeCutOffTime": false,
    "to": "/transaction-status/detail?type=topup&subtype=shopee-pay&progress=FORWARD_DATED"
  },
  {
    "id": 11,
    "isChecked": false,
    "transactionDate": 1624512780000,
    "transactionType": "Indosat PayPro",
    "transactionNumber": "1234-4444-1234-4444-5123",
    "fromName": "PT Toyota Motor Manufacturing Indonesia",
    "fromNumber": "0080-1439-5901",
    "destinationName": "Budi Setiawan",
    "destinationBank": "",
    "destinationNumber": "0812-8879-700",
    "currency": "IDR",
    "multipleCurrency": false,
    "currencyList": [],
    "amount": "501000",
    "status": "Forward Dated",
    "closeCutOffTime": false,
    "to": "/transaction-status/detail?type=topup&subtype=paypro&progress=FORWARD_DATED"
  },
  {
    "id": 12,
    "isChecked": false,
    "transactionDate": 1624512780000,
    "transactionType": "DOKU",
    "transactionNumber": "1234-4444-1234-4444-5123",
    "fromName": "PT Toyota Motor Manufacturing Indonesia",
    "fromNumber": "0080-1439-5901",
    "destinationName": "Budi Setiawan",
    "destinationBank": "",
    "destinationNumber": "0812-8879-700",
    "currency": "IDR",
    "multipleCurrency": false,
    "currencyList": [],
    "amount": "501000",
    "status": "Pending Approval",
    "closeCutOffTime": false,
    "to": "/transaction-status/detail?type=topup&subtype=doku&progress=PENDING_RELEASE"
  },
  {
    "id": 13,
    "isChecked": false,
    "transactionDate": 1624512780000,
    "transactionType": "Steam Wallet",
    "transactionNumber": "1234-4444-1234-4444-5123",
    "fromName": "PT Toyota Motor Manufacturing Indonesia",
    "fromNumber": "0080-1439-5901",
    "destinationName": "-",
    "destinationBank": "",
    "destinationNumber": "",
    "currency": "IDR",
    "multipleCurrency": false,
    "currencyList": [],
    "amount": "53000",
    "status": "Failed",
    "closeCutOffTime": false,
    "to": "/transaction-status/detail?type=topup&subtype=mobile-legend&progress=FAILED"
  },
  {
    "id": 14,
    "isChecked": false,
    "transactionDate": 1624512780000,
    "transactionType": "Steam Key",
    "transactionNumber": "1234-4444-1234-4444-5123",
    "fromName": "PT Toyota Motor Manufacturing Indonesia",
    "fromNumber": "0080-1439-5901",
    "destinationName": "-",
    "destinationBank": "",
    "destinationNumber": "",
    "currency": "IDR",
    "multipleCurrency": false,
    "currencyList": [],
    "amount": "215000",
    "status": "Failed",
    "closeCutOffTime": false,
    "to": "/transaction-status/detail?type=topup&subtype=mobile-legend&progress=FAILED"
  },
  {
    "id": 15,
    "isChecked": false,
    "transactionDate": 1624512780000,
    "transactionType": "Diamonds",
    "transactionNumber": "1234-4444-1234-4444-5123",
    "fromName": "PT Toyota Motor Manufacturing Indonesia",
    "fromNumber": "0080-1439-5901",
    "destinationName": "2558-1762-8 (2258)",
    "destinationBank": "",
    "destinationNumber": "",
    "currency": "IDR",
    "multipleCurrency": false,
    "currencyList": [],
    "amount": "20000",
    "status": "Rejected",
    "closeCutOffTime": false,
    "to": "/transaction-status/detail?type=topup&subtype=mobile-legend&progress=_REJECTED"
  },
  {
    "id": "1",
    "transactionDate": 1612512280000,
    "transactionType": "LLG",
    "transactionNumber": "79765467876547",
    "fromName": "PT Toyota Motor Manufacturing 1",
    "fromNumber": "0080-1439-5901",
    "destinationName": "PT. Toyota Astra International 1",
    "destinationBank": "Bank OCBC NISP",
    "destinationNumber": "9911-2132-11",
    "currency": "IDR",
    "multipleCurrency": false,
    "currencyList": [],
    "amount": "400000000000",
    "equivalentAmount": false,
    "status": "Expired",
    "to": "/transaction-status/transaction-detail&progress=_EXPIRED"
  },
  {
    "id": "2",
    "transactionDate": 1624508780000,
    "transactionType": "Overbooking",
    "transactionNumber": "79765467876547",
    "fromName": "PT Toyota Motor Manufacturing 2",
    "fromNumber": "0080-1439-5901",
    "destinationName": "PT. Toyota Astra International 2",
    "destinationBank": "Bank OCBC NISP",
    "destinationNumber": "9911-2132-11",
    "currency": "USD",
    "multipleCurrency": false,
    "currencyList": [],
    "amount": "12000000000",
    "equivalentAmount": false,
    "status": "Cancelled",
    "to": "/transaction-status/transaction-detail&progress=CANCELLED"
  },
  {
    "id": "3",
    "transactionDate": 1611512780000,
    "transactionType": "SWIFT",
    "transactionNumber": "79765467876547",
    "fromName": "PT Toyota Motor Manufacturing 3",
    "fromNumber": "0080-1439-5901",
    "destinationName": "PT. Toyota Astra International 3",
    "destinationBank": "Bank OCBC NISP",
    "destinationNumber": "9911-2132-11",
    "currency": "JPY",
    "multipleCurrency": false,
    "currencyList": [],
    "amount": "3000000000",
    "equivalentAmount": true,
    "status": "Pending Approval",
    "to": "/transaction-status/transaction-detail&progress=PENDING_RELEASE"
  },
  {
    "id": "4",
    "transactionDate": 1611512780000,
    "transactionType": "Cheque Book Request",
    "transactionNumber": "79765467876547",
    "fromName": "PT Toyota Motor Manufacturing 3",
    "fromNumber": "0080-1439-5901",
    "destinationName": "PT. Toyota Astra International 3",
    "destinationBank": "Bank OCBC NISP",
    "destinationNumber": "9911-2132-11",
    "currency": "USD",
    "multipleCurrency": false,
    "currencyList": [],
    "amount": "3000000000",
    "equivalentAmount": true,
    "status": "Pending Execute",
    "to": "/transaction-status/transaction-detail&progress=PENDING_RELEASE"
  },
  {
    "id": "5",
    "transactionDate": 1611512780000,
    "transactionType": "Overbooking",
    "transactionNumber": "79765467876547",
    "fromName": "PT Toyota Motor Manufacturing 3",
    "fromNumber": "0080-1439-5901",
    "destinationName": "PT. Toyota Astra International 3",
    "destinationBank": "Bank OCBC NISP",
    "destinationNumber": "9911-2132-11",
    "currency": "IDR",
    "multipleCurrency": false,
    "currencyList": [],
    "amount": "3000000000",
    "equivalentAmount": true,
    "status": "Failed",
    "to": "/transaction-status/transaction-detail&progress=FAILED"
  },
  {
    "id": "6",
    "transactionDate": 1611512780000,
    "transactionType": "RTGS",
    "transactionNumber": "79765467876547",
    "fromName": "PT Toyota Motor Manufacturing 3",
    "fromNumber": "0080-1439-5901",
    "destinationName": "PT. Toyota Astra International 3",
    "destinationBank": "Bank OCBC NISP",
    "destinationNumber": "9911-2132-11",
    "currency": "IDR",
    "multipleCurrency": false,
    "currencyList": [],
    "amount": "3000000000",
    "equivalentAmount": true,
    "status": "Rejected",
    "to": "/transaction-status/transaction-detail&progress=_REJECTED"
  },
  {
    "id": "7",
    "transactionDate": 1610512780000,
    "transactionType": "Bulk Payment",
    "transactionNumber": "79765467876547",
    "fromName": "Multiple Accounts",
    "fromBank": "Bank OCBC NISP",
    "fromNumber": "",
    "destinationName": "Multiple Accounts",
    "destinationBank": "Multiple Banks",
    "destinationNumber": "",
    "multipleCurrency": true,
    "currencyList": [
      "IDR",
      "USD"
    ],
    "currency": "Multiple",
    "amount": "700000000",
    "equivalentAmount": false,
    "status": "Pending Release",
    "to": "/transaction-status/transaction-detail&progress=PENDING_RELEASE"
  },
  {
    "id": "8",
    "transactionDate": 1612512280000,
    "transactionType": "LLG",
    "transactionNumber": "79765467876547",
    "fromName": "PT Toyota Motor Manufacturing 1",
    "fromNumber": "0080-1439-5901",
    "destinationName": "",
    "destinationBank": "",
    "destinationNumber": "",
    "currency": "",
    "multipleCurrency": false,
    "currencyList": [],
    "amount": "",
    "equivalentAmount": false,
    "status": "Successful",
    "to": "/transaction-status/transaction-detail&progress=SUCCESS"
  },
  {
    "id": "9",
    "transactionDate": 1612512280000,
    "transactionType": "LLG",
    "transactionNumber": "79765467876547",
    "fromName": "PT Toyota Motor Manufacturing 1",
    "fromNumber": "0080-1439-5901",
    "destinationName": "PT. Toyota Astra International 1",
    "destinationBank": "Bank OCBC NISP",
    "destinationNumber": "9911-2132-11",
    "currency": "JPY",
    "multipleCurrency": false,
    "currencyList": [],
    "amount": "400000000000",
    "equivalentAmount": false,
    "status": "Successful",
    "to": "/transaction-status/transaction-detail&progress=SUCCESS"
  },
  {
    "id": "10",
    "transactionDate": 1625227458000,
    "transactionType": "Credit Card",
    "transactionNumber": "79765467876547",
    "fromName": "PT Toyota Motor Manufacturing 1",
    "fromNumber": "0080-1439-5901",
    "destinationName": "Permata Credit Card",
    "destinationBank": "",
    "destinationNumber": "9911-2132-11",
    "currency": "JPY",
    "multipleCurrency": false,
    "currencyList": [],
    "amount": "400000000000",
    "equivalentAmount": false,
    "status": "Expired",
    "to": "/transaction-status/detail?type=billing&subtype=credit-card-permata&progress=_EXPIRED"
  },
  {
    "id": "11",
    "transactionDate": 1625227458000,
    "transactionType": "Credit Card",
    "transactionNumber": "79765467876547",
    "fromName": "PT Toyota Motor Manufacturing 1",
    "fromNumber": "0080-1439-5901",
    "destinationName": "Other Bank",
    "destinationBank": "",
    "destinationNumber": "9911-2132-11",
    "currency": "IDR",
    "multipleCurrency": false,
    "currencyList": [],
    "amount": "400000000000",
    "equivalentAmount": false,
    "status": "Expired",
    "to": "/transaction-status/detail?type=billing&subtype=credit-card-other&progress=_EXPIRED"
  },
  {
    "id": "12",
    "transactionDate": 1625227458000,
    "transactionType": "Telco Telkom",
    "transactionNumber": "79765467876547",
    "fromName": "PT Toyota Motor Manufacturing 1",
    "fromNumber": "0080-1439-5901",
    "destinationName": "Budi Setiawan",
    "destinationBank": "",
    "destinationNumber": "9911-2132-11",
    "currency": "USD",
    "multipleCurrency": false,
    "currencyList": [],
    "amount": "400000000000",
    "equivalentAmount": false,
    "status": "Expired",
    "to": "/transaction-status/detail?type=billing&subtype=telco&progress=_EXPIRED"
  },
  {
    "id": "13",
    "transactionDate": 1625227458000,
    "transactionType": "Postpaid Handphone",
    "transactionNumber": "79765467876547",
    "fromName": "PT Toyota Motor Manufacturing 1",
    "fromNumber": "0080-1439-5901",
    "destinationName": "Budi Setiawan",
    "destinationBank": "",
    "destinationNumber": "9911-2132-11",
    "currency": "JPY",
    "multipleCurrency": false,
    "currencyList": [],
    "amount": "400000000000",
    "equivalentAmount": false,
    "status": "Expired",
    "to": "/transaction-status/detail?type=billing&subtype=postpaid-handphone&progress=_EXPIRED"
  },
  {
    "id": "14",
    "transactionDate": 1625227458000,
    "transactionType": "PLN Postpaid",
    "transactionNumber": "79765467876547",
    "fromName": "PT Toyota Motor Manufacturing 1",
    "fromNumber": "0080-1439-5901",
    "destinationName": "Budi Setiawan",
    "destinationBank": "",
    "destinationNumber": "9911-2132-11",
    "currency": "IDR",
    "multipleCurrency": false,
    "currencyList": [],
    "amount": "400000000000",
    "equivalentAmount": false,
    "status": "Failed",
    "to": "/transaction-status/detail?type=billing&subtype=pln&progress=FAILED"
  }
]
