[
  {
    "id": "1",
    "transactionDate": 1624190658000,
    "transactionType": "Phone Top Up",
    "fromName": "PT Toyota Motor Manufacturing Indonesia",
    "fromNumber": "0080-1439-5901",
    "destinationName": "0811-2234-344",
    "destinationBank": "",
    "destinationNumber": "",
    "currency": "IDR",
    "amount": "101500",
    "status": "Rejected",
    "to": "/transaction-status/detail?type=topup&subtype=phone-top-up&progress=_REJECTED&reason=empty"
  },
  {
    "id": "2",
    "transactionDate": 1624536258000,
    "transactionType": "Mobile Data Package",
    "fromName": "PT Toyota Motor Manufacturing Indonesia",
    "fromNumber": "0080-1439-5901",
    "destinationName": "0877-8834-3442",
    "destinationBank": "",
    "destinationNumber": "",
    "currency": "IDR",
    "amount": "130000",
    "status": "Expired",
    "to": "/transaction-status/detail?type=topup&subtype=mobile-legend&progress=_EXPIRED"
  },
  {
    "id": "3",
    "transactionDate": 1624190658000,
    "transactionType": "Postpaid PLN",
    "fromName": "PT Toyota Motor Manufacturing Indonesia",
    "fromNumber": "0080-1439-5901",
    "destinationName": "Budi Setiawan",
    "destinationBank": "5455-0116-9998",
    "destinationNumber": "",
    "currency": "IDR",
    "amount": "503000",
    "status": "Rejected",
    "to": "/transaction-status/detail?type=billing&subtype=pln&progress=_REJECTED"
  },
  {
    "id": "4",
    "transactionDate": 1624622658000,
    "transactionType": "OVO",
    "fromName": "PT Jaya Regional",
    "fromNumber": "0032-8820-2000",
    "destinationName": "OVO Bu** Se*****an",
    "destinationBank": "",
    "destinationNumber": "0812-8879-700",
    "currency": "IDR",
    "amount": "501000",
    "status": "Rejected",
    "to": "/transaction-status/detail?type=topup&subtype=mobile-legend&progress=_REJECTED"
  },
  {
    "id": "5",
    "transactionDate": 1624881858000,
    "transactionType": "GoPay",
    "fromName": "PT Jaya Regional",
    "fromNumber": "0032-8820-2000",
    "destinationName": "GOPAY BUDI SETIAWAN",
    "destinationBank": "",
    "destinationNumber": "0812-8879-700",
    "currency": "IDR",
    "amount": "501000",
    "status": "Rejected",
    "to": "/transaction-status/detail?type=topup&subtype=mobile-legend&progress=_REJECTED"
  },
  {
    "id": "6",
    "transactionDate": 1624104258000,
    "transactionType": "DANA",
    "fromName": "PT Sentosa Nasional",
    "fromNumber": "0080-1439-2000",
    "destinationName": "Danatopup Irm********",
    "destinationBank": "",
    "destinationNumber": "0812-8879-700",
    "currency": "IDR",
    "amount": "501000",
    "status": "Rejected",
    "to": "/transaction-status/detail?type=topup&subtype=mobile-legend&progress=_REJECTED"
  },
  {
    "id": "7",
    "transactionDate": 1625141058000,
    "transactionType": "AstraPay",
    "fromName": "PT Astra Indonesia",
    "fromNumber": "0042-8820-1229",
    "destinationName": "Budi Setiawan",
    "destinationBank": "",
    "destinationNumber": "0812-8879-700",
    "currency": "IDR",
    "amount": "501000",
    "status": "Failed",
    "to": "/transaction-status/detail?type=topup&subtype=mobile-legend&progress=FAILED"
  },
  {
    "id": "8",
    "transactionDate": 1625141058000,
    "transactionType": "ShopeePay",
    "fromName": "PT Astra Indonesia",
    "fromNumber": "0042-8820-1229",
    "destinationName": "SHOPEEPAY/R********N",
    "destinationBank": "",
    "destinationNumber": "0812-8879-700",
    "currency": "IDR",
    "amount": "501000",
    "status": "Failed",
    "to": "/transaction-status/detail?type=topup&subtype=mobile-legend&progress=FAILED"
  },
  {
    "id": "9",
    "transactionDate": 1625227458000,
    "transactionType": "Indosat PayPro",
    "fromName": "PT Toyota Motor Manufacturing Indonesia",
    "fromNumber": "0080-1439-5901",
    "destinationName": "Budi Setiawan",
    "destinationBank": "",
    "destinationNumber": "0812-8879-700",
    "currency": "IDR",
    "amount": "501000",
    "status": "Failed",
    "to": "/transaction-status/detail?type=topup&subtype=mobile-legend&progress=FAILED"
  },
  {
    "id": "10",
    "transactionDate": 1625227458000,
    "transactionType": "DOKU",
    "fromName": "PT Toyota Motor Manufacturing Indonesia",
    "fromNumber": "0080-1439-5901",
    "destinationName": "Budi Setiawan",
    "destinationBank": "",
    "destinationNumber": "0812-8879-700",
    "currency": "IDR",
    "amount": "501000",
    "status": "Cancelled",
    "to": "/transaction-status/detail?type=topup&subtype=mobile-legend&progress=CANCELLED"
  },
  {
    "id": "11",
    "transactionDate": 1624277058000,
    "transactionType": "Steam Wallet",
    "fromName": "PT Toyota Motor Manufacturing Indonesia",
    "fromNumber": "0080-1439-5901",
    "destinationName": "",
    "destinationBank": "",
    "destinationNumber": "",
    "currency": "IDR",
    "amount": "53000",
    "status": "Cancelled",
    "to": "/transaction-status/detail?type=topup&subtype=mobile-legend&progress=CANCELLED"
  },
  {
    "id": "12",
    "transactionDate": 1624536258000,
    "transactionType": "Steam Key",
    "fromName": "PT Toyota Motor Manufacturing Indonesia",
    "fromNumber": "0080-1439-5901",
    "destinationName": "",
    "destinationBank": "",
    "destinationNumber": "",
    "currency": "IDR",
    "amount": "215000",
    "status": "Cancelled",
    "to": "/transaction-status/detail?type=topup&subtype=mobile-legend&progress=CANCELLED"
  },
  {
    "id": "13",
    "transactionDate": 1624536258000,
    "transactionType": "Diamonds",
    "fromName": "PT Toyota Motor Manufacturing Indonesia",
    "fromNumber": "0080-1439-5901",
    "destinationName": "2558-1762-8 (2258)",
    "destinationBank": "",
    "destinationNumber": "",
    "currency": "IDR",
    "amount": "28000",
    "status": "Cancelled",
    "to": "/transaction-status/detail?type=topup&subtype=mobile-legend&progress=CANCELLED"
  },
  {
    "id": "14",
    "transactionDate": 1625227458000,
    "transactionType": "Prepaid PLN",
    "fromName": "PT Toyota Motor Manufacturing Indonesia",
    "fromNumber": "0080-1439-5901",
    "destinationName": "Budi Setiawan",
    "destinationBank": "5455-0116-9998",
    "destinationNumber": "",
    "currency": "IDR",
    "amount": "503000",
    "status": "Rejected",
    "to": "/transaction-status/detail?type=topup&subtype=pln&progress=_REJECTED"
  },
  {
    "id": "15",
    "transactionDate": 1625227458000,
    "transactionType": "Credit Card",
    "fromName": "PT Toyota Motor Manufacturing Indonesia",
    "fromNumber": "0080-1439-5901",
    "destinationName": "Permata Credit Card",
    "destinationBank": "",
    "destinationNumber": "0812-8879-700",
    "currency": "IDR",
    "amount": "501000",
    "status": "Expired",
    "to": "/transaction-status/detail?type=billing&subtype=credit-card-permata&progress=_EXPIRED"
  },
  {
    "id": "16",
    "transactionDate": 1625227458000,
    "transactionType": "Credit Card",
    "fromName": "PT Toyota Motor Manufacturing Indonesia",
    "fromNumber": "0080-1439-5901",
    "destinationName": "Other Bank",
    "destinationBank": "",
    "destinationNumber": "0812-8879-700",
    "currency": "IDR",
    "amount": "501000",
    "status": "Expired",
    "to": "/transaction-status/detail?type=billing&subtype=credit-card-other&progress=_EXPIRED"
  },
  {
    "id": "17",
    "transactionDate": 1625227458000,
    "transactionType": "Telco Telkom",
    "fromName": "PT Toyota Motor Manufacturing Indonesia",
    "fromNumber": "0080-1439-5901",
    "destinationName": "Budi Setiawan",
    "destinationBank": "",
    "destinationNumber": "0812-8879-700",
    "currency": "IDR",
    "amount": "501000",
    "status": "Expired",
    "to": "/transaction-status/detail?type=billing&subtype=telco&progress=_EXPIRED"
  },
  {
    "id": "18",
    "transactionDate": 1625227458000,
    "transactionType": "Postpaid Handphone",
    "fromName": "PT Toyota Motor Manufacturing Indonesia",
    "fromNumber": "0080-1439-5901",
    "destinationName": "Budi Setiawan",
    "destinationBank": "",
    "destinationNumber": "0812-8879-700",
    "currency": "IDR",
    "amount": "501000",
    "status": "Expired",
    "to": "/transaction-status/detail?type=billing&subtype=postpaid-handphone&progress=_EXPIRED"
  },
  {
    "id": "19",
    "transactionDate": 1625227458000,
    "transactionType": "PLN Postpaid",
    "fromName": "PT Toyota Motor Manufacturing Indonesia",
    "fromNumber": "0080-1439-5901",
    "destinationName": "Budi Setiawan",
    "destinationBank": "",
    "destinationNumber": "0812-8879-700",
    "currency": "IDR",
    "amount": "501000",
    "status": "Failed",
    "to": "/transaction-status/detail?type=billing&subtype=pln&progress=FAILED"
  },
  {
    "id": "20",
    "transactionDate": 1625227458000,
    "transactionType": "PLN Postpaid",
    "fromName": "PT Toyota Motor Manufacturing Indonesia",
    "fromNumber": "0080-1439-5901",
    "destinationName": "Budi Setiawan",
    "destinationBank": "",
    "destinationNumber": "0812-8879-700",
    "currency": "IDR",
    "amount": "501000",
    "status": "Rejected",
    "to": "/transaction-status/detail?type=billing&subtype=pln&progress=_REJECTED"
  },
  {
    "id": "21",
    "transactionDate": 1625227458000,
    "transactionType": "PLN Postpaid",
    "fromName": "PT Toyota Motor Manufacturing Indonesia",
    "fromNumber": "0080-1439-5901",
    "destinationName": "Budi Setiawan",
    "destinationBank": "",
    "destinationNumber": "0812-8879-700",
    "currency": "IDR",
    "amount": "501000",
    "status": "Expired",
    "to": "/transaction-status/detail?type=billing&subtype=pln&progress=_EXPIRED"
  },
  {
    "id": "22",
    "transactionDate": 1625227458000,
    "transactionType": "PLN Postpaid",
    "fromName": "PT Toyota Motor Manufacturing Indonesia",
    "fromNumber": "0080-1439-5901",
    "destinationName": "Budi Setiawan",
    "destinationBank": "",
    "destinationNumber": "0812-8879-700",
    "currency": "IDR",
    "amount": "501000",
    "status": "Cancelled",
    "to": "/transaction-status/detail?type=billing&subtype=pln&progress=CANCELLED"
  },
  {
    "id": "1",
    "transactionDate": 1624190658000,
    "transactionType": "Phone Top Up",
    "fromName": "PT Toyota Motor Manufacturing Indonesia",
    "fromNumber": "0080-1439-5901",
    "destinationName": "0811-2234-344",
    "destinationBank": "",
    "destinationNumber": "",
    "currency": "IDR",
    "amount": "101500",
    "status": "Rejected",
    "to": "/transaction-status/detail?type=topup&subtype=phone-top-up&progress=_REJECTED&reason=empty"
  },
  {
    "id": "2",
    "transactionDate": 1624536258000,
    "transactionType": "Mobile Data Package",
    "fromName": "PT Toyota Motor Manufacturing Indonesia",
    "fromNumber": "0080-1439-5901",
    "destinationName": "0877-8834-3442",
    "destinationBank": "",
    "destinationNumber": "",
    "currency": "IDR",
    "amount": "130000",
    "status": "Expired",
    "to": "/transaction-status/detail?type=topup&subtype=mobile-legend&progress=_EXPIRED"
  },
  {
    "id": "3",
    "transactionDate": 1624190658000,
    "transactionType": "Postpaid PLN",
    "fromName": "PT Toyota Motor Manufacturing Indonesia",
    "fromNumber": "0080-1439-5901",
    "destinationName": "Budi Setiawan",
    "destinationBank": "5455-0116-9998",
    "destinationNumber": "",
    "currency": "IDR",
    "amount": "503000",
    "status": "Rejected",
    "to": "/transaction-status/detail?type=billing&subtype=pln&progress=_REJECTED"
  },
  {
    "id": "4",
    "transactionDate": 1624622658000,
    "transactionType": "OVO",
    "fromName": "PT Jaya Regional",
    "fromNumber": "0032-8820-2000",
    "destinationName": "OVO Bu** Se*****an",
    "destinationBank": "",
    "destinationNumber": "0812-8879-700",
    "currency": "IDR",
    "amount": "501000",
    "status": "Rejected",
    "to": "/transaction-status/detail?type=topup&subtype=mobile-legend&progress=_REJECTED"
  },
  {
    "id": "5",
    "transactionDate": 1624881858000,
    "transactionType": "GoPay",
    "fromName": "PT Jaya Regional",
    "fromNumber": "0032-8820-2000",
    "destinationName": "GOPAY BUDI SETIAWAN",
    "destinationBank": "",
    "destinationNumber": "0812-8879-700",
    "currency": "IDR",
    "amount": "501000",
    "status": "Rejected",
    "to": "/transaction-status/detail?type=topup&subtype=mobile-legend&progress=_REJECTED"
  },
  {
    "id": "6",
    "transactionDate": 1624104258000,
    "transactionType": "DANA",
    "fromName": "PT Sentosa Nasional",
    "fromNumber": "0080-1439-2000",
    "destinationName": "Danatopup Irm********",
    "destinationBank": "",
    "destinationNumber": "0812-8879-700",
    "currency": "IDR",
    "amount": "501000",
    "status": "Rejected",
    "to": "/transaction-status/detail?type=topup&subtype=mobile-legend&progress=_REJECTED"
  },
  {
    "id": "7",
    "transactionDate": 1625141058000,
    "transactionType": "AstraPay",
    "fromName": "PT Astra Indonesia",
    "fromNumber": "0042-8820-1229",
    "destinationName": "Budi Setiawan",
    "destinationBank": "",
    "destinationNumber": "0812-8879-700",
    "currency": "IDR",
    "amount": "501000",
    "status": "Failed",
    "to": "/transaction-status/detail?type=topup&subtype=mobile-legend&progress=FAILED"
  },
  {
    "id": "8",
    "transactionDate": 1625141058000,
    "transactionType": "ShopeePay",
    "fromName": "PT Astra Indonesia",
    "fromNumber": "0042-8820-1229",
    "destinationName": "SHOPEEPAY/R********N",
    "destinationBank": "",
    "destinationNumber": "0812-8879-700",
    "currency": "IDR",
    "amount": "501000",
    "status": "Failed",
    "to": "/transaction-status/detail?type=topup&subtype=mobile-legend&progress=FAILED"
  },
  {
    "id": "9",
    "transactionDate": 1625227458000,
    "transactionType": "Indosat PayPro",
    "fromName": "PT Toyota Motor Manufacturing Indonesia",
    "fromNumber": "0080-1439-5901",
    "destinationName": "Budi Setiawan",
    "destinationBank": "",
    "destinationNumber": "0812-8879-700",
    "currency": "IDR",
    "amount": "501000",
    "status": "Failed",
    "to": "/transaction-status/detail?type=topup&subtype=mobile-legend&progress=FAILED"
  },
  {
    "id": "10",
    "transactionDate": 1625227458000,
    "transactionType": "DOKU",
    "fromName": "PT Toyota Motor Manufacturing Indonesia",
    "fromNumber": "0080-1439-5901",
    "destinationName": "Budi Setiawan",
    "destinationBank": "",
    "destinationNumber": "0812-8879-700",
    "currency": "IDR",
    "amount": "501000",
    "status": "Cancelled",
    "to": "/transaction-status/detail?type=topup&subtype=mobile-legend&progress=CANCELLED"
  },
  {
    "id": "11",
    "transactionDate": 1624277058000,
    "transactionType": "Steam Wallet",
    "fromName": "PT Toyota Motor Manufacturing Indonesia",
    "fromNumber": "0080-1439-5901",
    "destinationName": "",
    "destinationBank": "",
    "destinationNumber": "",
    "currency": "IDR",
    "amount": "53000",
    "status": "Cancelled",
    "to": "/transaction-status/detail?type=topup&subtype=mobile-legend&progress=CANCELLED"
  },
  {
    "id": "12",
    "transactionDate": 1624536258000,
    "transactionType": "Steam Key",
    "fromName": "PT Toyota Motor Manufacturing Indonesia",
    "fromNumber": "0080-1439-5901",
    "destinationName": "",
    "destinationBank": "",
    "destinationNumber": "",
    "currency": "IDR",
    "amount": "215000",
    "status": "Cancelled",
    "to": "/transaction-status/detail?type=topup&subtype=mobile-legend&progress=CANCELLED"
  },
  {
    "id": "13",
    "transactionDate": 1624536258000,
    "transactionType": "Diamonds",
    "fromName": "PT Toyota Motor Manufacturing Indonesia",
    "fromNumber": "0080-1439-5901",
    "destinationName": "2558-1762-8 (2258)",
    "destinationBank": "",
    "destinationNumber": "",
    "currency": "IDR",
    "amount": "28000",
    "status": "Cancelled",
    "to": "/transaction-status/detail?type=topup&subtype=mobile-legend&progress=CANCELLED"
  },
  {
    "id": "14",
    "transactionDate": 1625227458000,
    "transactionType": "Prepaid PLN",
    "fromName": "PT Toyota Motor Manufacturing Indonesia",
    "fromNumber": "0080-1439-5901",
    "destinationName": "Budi Setiawan",
    "destinationBank": "5455-0116-9998",
    "destinationNumber": "",
    "currency": "IDR",
    "amount": "503000",
    "status": "Rejected",
    "to": "/transaction-status/detail?type=topup&subtype=pln&progress=_REJECTED"
  },
  {
    "id": "15",
    "transactionDate": 1625227458000,
    "transactionType": "Credit Card",
    "fromName": "PT Toyota Motor Manufacturing Indonesia",
    "fromNumber": "0080-1439-5901",
    "destinationName": "Permata Credit Card",
    "destinationBank": "",
    "destinationNumber": "0812-8879-700",
    "currency": "IDR",
    "amount": "501000",
    "status": "Expired",
    "to": "/transaction-status/detail?type=billing&subtype=credit-card-permata&progress=_EXPIRED"
  },
  {
    "id": "16",
    "transactionDate": 1625227458000,
    "transactionType": "Credit Card",
    "fromName": "PT Toyota Motor Manufacturing Indonesia",
    "fromNumber": "0080-1439-5901",
    "destinationName": "Other Bank",
    "destinationBank": "",
    "destinationNumber": "0812-8879-700",
    "currency": "IDR",
    "amount": "501000",
    "status": "Expired",
    "to": "/transaction-status/detail?type=billing&subtype=credit-card-other&progress=_EXPIRED"
  },
  {
    "id": "17",
    "transactionDate": 1625227458000,
    "transactionType": "Telco Telkom",
    "fromName": "PT Toyota Motor Manufacturing Indonesia",
    "fromNumber": "0080-1439-5901",
    "destinationName": "Budi Setiawan",
    "destinationBank": "",
    "destinationNumber": "0812-8879-700",
    "currency": "IDR",
    "amount": "501000",
    "status": "Expired",
    "to": "/transaction-status/detail?type=billing&subtype=telco&progress=_EXPIRED"
  },
  {
    "id": "18",
    "transactionDate": 1625227458000,
    "transactionType": "Postpaid Handphone",
    "fromName": "PT Toyota Motor Manufacturing Indonesia",
    "fromNumber": "0080-1439-5901",
    "destinationName": "Budi Setiawan",
    "destinationBank": "",
    "destinationNumber": "0812-8879-700",
    "currency": "IDR",
    "amount": "501000",
    "status": "Expired",
    "to": "/transaction-status/detail?type=billing&subtype=postpaid-handphone&progress=_EXPIRED"
  },
  {
    "id": "19",
    "transactionDate": 1625227458000,
    "transactionType": "PLN Postpaid",
    "fromName": "PT Toyota Motor Manufacturing Indonesia",
    "fromNumber": "0080-1439-5901",
    "destinationName": "Budi Setiawan",
    "destinationBank": "",
    "destinationNumber": "0812-8879-700",
    "currency": "IDR",
    "amount": "501000",
    "status": "Failed",
    "to": "/transaction-status/detail?type=billing&subtype=pln&progress=FAILED"
  },
  {
    "id": "20",
    "transactionDate": 1625227458000,
    "transactionType": "PLN Postpaid",
    "fromName": "PT Toyota Motor Manufacturing Indonesia",
    "fromNumber": "0080-1439-5901",
    "destinationName": "Budi Setiawan",
    "destinationBank": "",
    "destinationNumber": "0812-8879-700",
    "currency": "IDR",
    "amount": "501000",
    "status": "Rejected",
    "to": "/transaction-status/detail?type=billing&subtype=pln&progress=_REJECTED"
  },
  {
    "id": "21",
    "transactionDate": 1625227458000,
    "transactionType": "PLN Postpaid",
    "fromName": "PT Toyota Motor Manufacturing Indonesia",
    "fromNumber": "0080-1439-5901",
    "destinationName": "Budi Setiawan",
    "destinationBank": "",
    "destinationNumber": "0812-8879-700",
    "currency": "IDR",
    "amount": "501000",
    "status": "Expired",
    "to": "/transaction-status/detail?type=billing&subtype=pln&progress=_EXPIRED"
  },
  {
    "id": "22",
    "transactionDate": 1625227458000,
    "transactionType": "PLN Postpaid",
    "fromName": "PT Toyota Motor Manufacturing Indonesia",
    "fromNumber": "0080-1439-5901",
    "destinationName": "Budi Setiawan",
    "destinationBank": "",
    "destinationNumber": "0812-8879-700",
    "currency": "IDR",
    "amount": "501000",
    "status": "Cancelled",
    "to": "/transaction-status/detail?type=billing&subtype=pln&progress=CANCELLED"
  }
]