[
  {
    "title": "LoanFinancingFacilityList",
    "type": "loan",
    "timedate": 1630387980000,
    "pages": "1",
    "footNote": "FacilityAvailableLimitIsSharedWithinCombinedFacilities",
    "dataHeader1": [
      {
        "text" : "facilityName",
        "value" : "Omnibus"
      },
      {
        "text" : "facilityNumber",
        "value" : "0085-5RLJ-0000-07"
      },
      {
        "text" : "Currency",
        "value" : "IDR"
      }
    ],
    "dataHeader2": [
      {
        "text" : "CombinedFacilityLimit",
        "value" : "15,000,000,000.00"
      },
      {
        "text" : "CombinedOutstandingBalance",
        "value" : "14,688,355,528.00"
      },
      {
        "text" : "CombinedAvailableLimit",
        "value" : "311,644,472.00"
      }
    ],
    "data": [
      {
        "id": "1",
        "faciltyNumber": "00855PIW000101",
        "faciltyName": "Post Import Financing",
        "currency": "IDR",
        "balance": "992208408410",
        "limit": "311644472",
        "sharedLimit": true,
        "to": "/accounts/loan/list"
      },
      {
        "id": "2",
        "faciltyNumber": "008551XR000200",
        "faciltyName": "LC 1",
        "currency": "IDR",
        "balance": "5459947118",
        "limit": "311644472",
        "sharedLimit": true,
        "to": "/accounts/loan/list"
      }
    ]
  }
]
