[
  {
    "id": "1",
    "variant": "time-deposit",
    "favorite": false,
    "accountName": "*PT Toyota Motor Manufacturing Indonesia A",
    "accountNumber": "008014395902",
    "accountProductInfo": "",
    "accountInterestRate": "3.15%",
    "accountPlacementDate": "21 Jun 2021",
    "accountMaturityDate": "22 Jul 2021",
    "accountCurrency": "IDR",
    "accountBalance": "385000000000",
    "to": "/accounts/time-deposit/detail"
  },
  {
    "id": "2",
    "variant": "time-deposit",
    "favorite": false,
    "accountName": "Operational 2 Bintaro B",
    "accountNumber": "008014395904",
    "accountProductInfo": "",
    "accountInterestRate": "3.15%",
    "accountPlacementDate": "23 Jun 2021",
    "accountMaturityDate": "23 Jul 2021",
    "accountCurrency": "USD",
    "accountBalance": "345000000000",
    "to": "/accounts/time-deposit/detail"
  },
  {
    "id": "3",
    "variant": "time-deposit",
    "favorite": false,
    "accountName": "Administration 2 Jakarta C",
    "accountNumber": "008014395903",
    "accountProductInfo": "",
    "accountInterestRate": "3.15%",
    "accountPlacementDate": "24 Jun 2021",
    "accountMaturityDate": "24 Jul 2021",
    "accountCurrency": "GBP",
    "accountBalance": "345000000000",
    "to": "/accounts/time-deposit/detail"
  },
  {
    "id": "4",
    "variant": "time-deposit",
    "favorite": false,
    "accountName": "Advanced Career Indonesia D",
    "accountNumber": "008014395901",
    "accountProductInfo": "",
    "accountInterestRate": "3.15%",
    "accountPlacementDate": "24 Jun 2021",
    "accountMaturityDate": "24 Jul 2021",
    "accountCurrency": "USD",
    "accountBalance": "316000000000",
    "to": "/accounts/time-deposit/detail"
  },
  {
    "id": "5",
    "variant": "time-deposit",
    "favorite": false,
    "accountName": "Astra International E",
    "accountNumber": "008014395905",
    "accountProductInfo": "",
    "accountInterestRate": "3.15%",
    "accountPlacementDate": "24 Jun 2021",
    "accountMaturityDate": "24 Jul 2021",
    "accountCurrency": "EUR",
    "accountBalance": "316000000000",
    "to": "/accounts/time-deposit/detail"
  },
  {
    "id": "6",
    "variant": "time-deposit",
    "favorite": false,
    "accountName": "Bintang Cemerlang F",
    "accountNumber": "008014395906",
    "accountProductInfo": "",
    "accountInterestRate": "3.15%",
    "accountPlacementDate": "24 Jun 2021",
    "accountMaturityDate": "24 Jul 2021",
    "accountCurrency": "EUR",
    "accountBalance": "316000000000",
    "to": "/accounts/time-deposit/detail"
  },
  {
    "id": "7",
    "variant": "time-deposit",
    "favorite": false,
    "accountName": "Buatan Guna Indonesia G",
    "accountNumber": "008014395907",
    "accountProductInfo": "",
    "accountInterestRate": "3.15%",
    "accountPlacementDate": "24 Jun 2021",
    "accountMaturityDate": "24 Jul 2021",
    "accountCurrency": "GBP",
    "accountBalance": "316000000000",
    "to": "/accounts/time-deposit/detail"
  },
  {
    "id": "8",
    "variant": "time-deposit",
    "favorite": false,
    "accountName": "Advanced Career Indonesia H",
    "accountNumber": "008014395908",
    "accountProductInfo": "",
    "accountInterestRate": "3.15%",
    "accountPlacementDate": "24 Jun 2021",
    "accountMaturityDate": "24 Jul 2021",
    "accountCurrency": "EUR",
    "accountBalance": "45000000000000",
    "to": "/accounts/time-deposit/detail"
  },
  {
    "id": "9",
    "variant": "time-deposit",
    "favorite": false,
    "accountName": "Mega Konstruksi Indonesia I",
    "accountNumber": "008014395909",
    "accountProductInfo": "",
    "accountInterestRate": "3.15%",
    "accountPlacementDate": "24 Jun 2021",
    "accountMaturityDate": "24 Jul 2021",
    "accountCurrency": "USD",
    "accountBalance": "385000000000",
    "to": "/accounts/time-deposit/detail"
  },
  {
    "id": "10",
    "variant": "time-deposit",
    "favorite": false,
    "accountName": "PT Toyota Motor Manufacturing Indonesia J",
    "accountNumber": "008014395910",
    "accountProductInfo": "",
    "accountInterestRate": "3.15%",
    "accountPlacementDate": "24 Jun 2021",
    "accountMaturityDate": "24 Jul 2021",
    "accountCurrency": "JPY",
    "accountBalance": "45000000000000",
    "to": "/accounts/time-deposit/detail"
  },
  {
    "id": "11",
    "variant": "time-deposit",
    "favorite": false,
    "accountName": "PT Toyota Motor Manufacturing Indonesia K",
    "accountNumber": "008014395921",
    "accountProductInfo": "",
    "accountInterestRate": "3.15%",
    "accountPlacementDate": "24 Jun 2021",
    "accountMaturityDate": "24 Jul 2021",
    "accountCurrency": "EUR",
    "accountBalance": "45000000000000",
    "to": "/accounts/time-deposit/detail"
  },
  {
    "id": "12",
    "variant": "time-deposit",
    "favorite": false,
    "accountName": "Operational 2 Bintaro L",
    "accountNumber": "008014395923",
    "accountProductInfo": "",
    "accountInterestRate": "3.15%",
    "accountPlacementDate": "24 Jun 2021",
    "accountMaturityDate": "24 Jul 2021",
    "accountCurrency": "USD",
    "accountBalance": "385000000000",
    "to": "/accounts/time-deposit/detail"
  },
  {
    "id": "13",
    "variant": "time-deposit",
    "favorite": false,
    "accountName": "Advanced Career Indonesia M",
    "accountNumber": "008014395922",
    "accountProductInfo": "",
    "accountInterestRate": "3.15%",
    "accountPlacementDate": "24 Jun 2021",
    "accountMaturityDate": "24 Jul 2021",
    "accountCurrency": "IDR",
    "accountBalance": "45000000000000",
    "to": "/accounts/time-deposit/detail"
  },
  {
    "id": "14",
    "variant": "time-deposit",
    "favorite": false,
    "accountName": "Mega Konstruksi Indonesia N",
    "accountNumber": "008014395925",
    "accountProductInfo": "",
    "accountInterestRate": "3.15%",
    "accountPlacementDate": "24 Jun 2021",
    "accountMaturityDate": "24 Jul 2021",
    "accountCurrency": "USD",
    "accountBalance": "385000000000",
    "to": "/accounts/time-deposit/detail"
  },
  {
    "id": "15",
    "variant": "time-deposit",
    "favorite": false,
    "accountName": "PT Toyota Motor Manufacturing Indonesia O",
    "accountNumber": "008014395924",
    "accountProductInfo": "",
    "accountInterestRate": "3.15%",
    "accountPlacementDate": "24 Jun 2021",
    "accountMaturityDate": "24 Jul 2021",
    "accountCurrency": "JPY",
    "accountBalance": "45000000000000",
    "to": "/accounts/time-deposit/detail"
  },
  {
    "id": "16",
    "variant": "time-deposit",
    "favorite": false,
    "accountName": "PT Toyota Motor Manufacturing Indonesia P",
    "accountNumber": "008014395926",
    "accountProductInfo": "",
    "accountInterestRate": "3.15%",
    "accountPlacementDate": "24 Jun 2021",
    "accountMaturityDate": "24 Jul 2021",
    "accountCurrency": "IDR",
    "accountBalance": "45000000000000",
    "to": "/accounts/time-deposit/detail"
  },
  {
    "id": "17",
    "variant": "time-deposit",
    "favorite": false,
    "accountName": "Operational 2 Bintaro Q",
    "accountNumber": "008014395927",
    "accountProductInfo": "",
    "accountInterestRate": "3.15%",
    "accountPlacementDate": "24 Jun 2021",
    "accountMaturityDate": "24 Jul 2021",
    "accountCurrency": "USD",
    "accountBalance": "385000000000",
    "to": "/accounts/time-deposit/detail"
  },
  {
    "id": "18",
    "variant": "time-deposit",
    "favorite": false,
    "accountName": "Advanced Career Indonesia R",
    "accountNumber": "008014395928",
    "accountProductInfo": "",
    "accountInterestRate": "3.15%",
    "accountPlacementDate": "24 Jun 2021",
    "accountMaturityDate": "24 Jul 2021",
    "accountCurrency": "IDR",
    "accountBalance": "45000000000000",
    "to": "/accounts/time-deposit/detail"
  },
  {
    "id": "19",
    "variant": "time-deposit",
    "favorite": false,
    "accountName": "Mega Konstruksi Indonesia S",
    "accountNumber": "008014395930",
    "accountProductInfo": "",
    "accountInterestRate": "3.15%",
    "accountPlacementDate": "24 Jun 2021",
    "accountMaturityDate": "24 Jul 2021",
    "accountCurrency": "USD",
    "accountBalance": "385000000000",
    "to": "/accounts/time-deposit/detail"
  },
  {
    "id": "20",
    "variant": "time-deposit",
    "favorite": false,
    "accountName": "PT Toyota Motor Manufacturing Indonesia T",
    "accountNumber": "008014395931",
    "accountProductInfo": "",
    "accountInterestRate": "1.10%",
    "accountPlacementDate": "24 Jun 2021",
    "accountMaturityDate": "24 Jul 2021",
    "accountCurrency": "JPY",
    "accountBalance": "45000000000000",
    "to": "/accounts/time-deposit/detail"
  },
  {
    "id": "21",
    "variant": "time-deposit",
    "favorite": false,
    "accountName": "PT Toyota Motor Manufacturing Indonesia U",
    "accountNumber": "008014395929",
    "accountProductInfo": "",
    "accountInterestRate": "1.10%",
    "accountPlacementDate": "24 Jun 2021",
    "accountMaturityDate": "24 Jul 2021",
    "accountCurrency": "GBP",
    "accountBalance": "45000000000000",
    "to": "/accounts/time-deposit/detail"
  },
  {
    "id": "22",
    "variant": "time-deposit",
    "favorite": false,
    "accountName": "Operational 2 Bintaro V",
    "accountNumber": "008014395931",
    "accountProductInfo": "",
    "accountInterestRate": "1.10%",
    "accountPlacementDate": "24 Jun 2021",
    "accountMaturityDate": "24 Jul 2021",
    "accountCurrency": "USD",
    "accountBalance": "385000000000",
    "to": "/accounts/time-deposit/detail"
  },
  {
    "id": "23",
    "variant": "time-deposit",
    "favorite": false,
    "accountName": "PT Toyota Motor Manufacturing Indonesia A",
    "accountNumber": "008014395902",
    "accountProductInfo": "",
    "accountInterestRate": "3.15%",
    "accountPlacementDate": "21 Jun 2021",
    "accountMaturityDate": "22 Jul 2021",
    "accountCurrency": "IDR",
    "accountBalance": "385000000000",
    "to": "/accounts/time-deposit/detail"
  },
  {
    "id": "24",
    "variant": "time-deposit",
    "favorite": false,
    "accountName": "Operational 2 Bintaro B",
    "accountNumber": "008014395904",
    "accountProductInfo": "",
    "accountInterestRate": "3.15%",
    "accountPlacementDate": "23 Jun 2021",
    "accountMaturityDate": "23 Jul 2021",
    "accountCurrency": "USD",
    "accountBalance": "345000000000",
    "to": "/accounts/time-deposit/detail"
  },
  {
    "id": "25",
    "variant": "time-deposit",
    "favorite": false,
    "accountName": "Administration 2 Jakarta C",
    "accountNumber": "008014395903",
    "accountProductInfo": "",
    "accountInterestRate": "3.15%",
    "accountPlacementDate": "24 Jun 2021",
    "accountMaturityDate": "24 Jul 2021",
    "accountCurrency": "GBP",
    "accountBalance": "345000000000",
    "to": "/accounts/time-deposit/detail"
  },
  {
    "id": "26",
    "variant": "time-deposit",
    "favorite": false,
    "accountName": "Advanced Career Indonesia D",
    "accountNumber": "008014395901",
    "accountProductInfo": "",
    "accountInterestRate": "3.15%",
    "accountPlacementDate": "24 Jun 2021",
    "accountMaturityDate": "24 Jul 2021",
    "accountCurrency": "USD",
    "accountBalance": "316000000000",
    "to": "/accounts/time-deposit/detail"
  },
  {
    "id": "27",
    "variant": "time-deposit",
    "favorite": false,
    "accountName": "Astra International E",
    "accountNumber": "008014395905",
    "accountProductInfo": "",
    "accountInterestRate": "3.15%",
    "accountPlacementDate": "24 Jun 2021",
    "accountMaturityDate": "24 Jul 2021",
    "accountCurrency": "EUR",
    "accountBalance": "316000000000",
    "to": "/accounts/time-deposit/detail"
  },
  {
    "id": "28",
    "variant": "time-deposit",
    "favorite": false,
    "accountName": "Bintang Cemerlang F",
    "accountNumber": "008014395906",
    "accountProductInfo": "",
    "accountInterestRate": "3.15%",
    "accountPlacementDate": "24 Jun 2021",
    "accountMaturityDate": "24 Jul 2021",
    "accountCurrency": "EUR",
    "accountBalance": "316000000000",
    "to": "/accounts/time-deposit/detail"
  },
  {
    "id": "29",
    "variant": "time-deposit",
    "favorite": false,
    "accountName": "Buatan Guna Indonesia G",
    "accountNumber": "008014395907",
    "accountProductInfo": "",
    "accountInterestRate": "3.15%",
    "accountPlacementDate": "24 Jun 2021",
    "accountMaturityDate": "24 Jul 2021",
    "accountCurrency": "GBP",
    "accountBalance": "316000000000",
    "to": "/accounts/time-deposit/detail"
  },
  {
    "id": "30",
    "variant": "time-deposit",
    "favorite": false,
    "accountName": "Advanced Career Indonesia H",
    "accountNumber": "008014395908",
    "accountProductInfo": "",
    "accountInterestRate": "3.15%",
    "accountPlacementDate": "24 Jun 2021",
    "accountMaturityDate": "24 Jul 2021",
    "accountCurrency": "EUR",
    "accountBalance": "45000000000000",
    "to": "/accounts/time-deposit/detail"
  }
]