[
  {
    "title": "PENDINGTRANSACTIONS",
    "type": "loan",
    "timedate": 1636569002000,
    "pages": "1",
    "footNote": "EquivalentInIDRBasedOnIndicativeRate",
    "data": [
      {
        "id": "1",
        "transactionDate": "24 Jun 2021",
        "transactionType": "LLG",
        "fromName": "PT Toyota Motor Manufacturing Indonesia",
        "fromNumber": "0080-1439-5901",
        "destinationName": "ABC Regional",
        "destinationBank": "Bank Central Asia",
        "destinationNumber": "9911-2132-11",
        "currency": "IDR",
        "amount": "200000000",
        "tat": "Pass",
        "status": "Pending Approval"
      },
      {
        "id": "2",
        "transactionDate": "24 Jun 2021",
        "transactionType": "LLG",
        "fromName": "PT Toyota Motor Manufacturing Indonesia",
        "fromNumber": "0080-1439-5901",
        "destinationName": "PT Toyota Astra International",
        "destinationBank": "BANK OCBC NISP",
        "destinationNumber": "9911-2132-11",
        "currency": "IDR",
        "amount": "400000000",
        "tat": "Pass",
        "status": "Pending Approval"
      },
      {
        "id": "3",
        "transactionDate": "24 Jun 2021",
        "transactionType": "Overbooking",
        "fromName": "PT Toyota Motor Manufacturing Indonesia",
        "fromNumber": "0080-1439-5901",
        "destinationName": "ABC Regional",
        "destinationBank": "PermataBank",
        "destinationNumber": "9911-2132-11",
        "currency": "IDR",
        "amount": "850000000",
        "tat": "Failed",
        "status": "Pending Approval"
      },
      {
        "id": "4",
        "transactionDate": "24 Jun 2021",
        "transactionType": "Overbooking",
        "fromName": "PT. Jaya Regional",
        "fromNumber": "0080-1439-5901",
        "destinationName": "Operational Account",
        "destinationBank": "PermataBank",
        "destinationNumber": "9911-2132-11",
        "currency": "IDR",
        "amount": "100000000",
        "tat": "Failed",
        "status": "Pending Approval"
      },
      {
        "id": "5",
        "transactionDate": "28 Jun 2021",
        "transactionType": "Overbooking",
        "fromName": "PT. Jaya Regional",
        "fromNumber": "0080-1439-5901",
        "destinationName": "Operational Account",
        "destinationBank": "ABC Regional",
        "destinationNumber": "9911-2132-11",
        "currency": "IDR",
        "amount": "65000000",
        "tat": "Pass",
        "status": "Pending Approval"
      },
      {
        "id": "6",
        "transactionDate": "19 Jun 2021",
        "transactionType": "SWIFT",
        "fromName": "PT. Sentosa Nasional",
        "fromNumber": "0080-1439-5901",
        "destinationName": "Operational Account",
        "destinationBank": "ABC Regional",
        "destinationNumber": "9911-2132-11",
        "currency": "USD",
        "amount": "58000",
        "tat": "Pass",
        "status": "Pending Release"
      },
      {
        "id": "7",
        "transactionDate": "30 Jun 2021",
        "transactionType": "Bulk Payment",
        "fromName": "Multiple Accounts",
        "fromBank": "PermataBank",
        "destinationName": "Multiple Accounts",
        "destinationBank": "Multiple Banks",
        "destinationNumber": "9911-2132-11",
        "currency": "Multiple",
        "amount": "225000000",
        "amountDesc": "(equivalent in IDR)*",
        "tat": "Failed",
        "status": "Pending Release"
      },
      {
        "id": "8",
        "transactionDate": "01 Jul 2021",
        "transactionType": "Bill Payment",
        "fromName": "PT Astra Indonesia",
        "fromNumber": "0042-8820-1229",
        "destinationName": "Credit Card",
        "destinationBank": "Multiple Banks",
        "destinationNumber": "0041-2321-4123-2222",
        "currency": "IDR",
        "amount": "30000000",
        "tat": "Pass",
        "status": "Pending Release"
      },
      {
        "id": "9",
        "transactionDate": "01 Jul 2021",
        "transactionType": "Tax Payment",
        "fromName": "Branch Regional",
        "fromNumber": "0042-8820-1229",
        "destinationName": "ABC Regional",
        "destinationBank": "DJP",
        "destinationNumber": "9087-3862-12",
        "currency": "IDR",
        "amount": "150000000",
        "tat": "Pass",
        "status": "Pending Release"
      },
      {
        "id": "10",
        "transactionDate": "02 Jul 2021",
        "transactionType": "Cheque Book Request",
        "fromName": "PT Toyota Motor Manufacturing Indonesia",
        "fromNumber": "0042-8820-1229",
        "destinationName": "",
        "destinationBank": "",
        "destinationNumber": "",
        "currency": "",
        "amount": "0",
        "tat": "Pass",
        "status": "Pending Release"
      }
    ]
  }
]
