[
  {
    "current": [
      {
        "id": "1",
        "transactionDate": 1612512280000,
        "transactionType": "LLG",
        "fromName": "PT Toyota Motor Manufacturing Indonesia",
        "fromNumber": "0080-1439-5901",
        "destinationName": "PT ABC",
        "destinationBank": "OCBC NISP",
        "destinationNumber": "7280-1234-5670",
        "currency": "IDR",
        "multipleCurrency": false,
        "currencyList": [],
        "amount": "50000000",
        "tat": "Ready to proceed",
        "status": "Pending Approval",
        "closeCutOffTime": true,
        "to": "/transaction-status/transaction-detail"
      }
    ],
    "previous": [
      {
        "id": "1",
        "transactionDate": 1612512280000,
        "transactionType": "LLG",
        "typeNumber": "1234-1234-1234-1234",
        "fromName": "PT Toyota Motor Manufacturing Indonesia",
        "fromNumber": "0080-1439-5901",
        "destinationName": "Toyota Auto Finance",
        "destinationBank": "Bank Mandiri",
        "destinationNumber": "0800-1234-6400",
        "currency": "IDR",
        "multipleCurrency": false,
        "currencyList": [],
        "amount": "240000000",
        "tat": "Successful",
        "status": "Pending Approval",
        "closeCutOffTime": true,
        "to": "/transaction-status/transaction-detail"
      },
      {
        "id": "2",
        "transactionDate": 1624508780000,
        "transactionType": "RTGS",
        "typeNumber": "4444-1234-1234-1234",
        "fromName": "PT Toyota Motor Manufacturing Indonesia",
        "fromNumber": "0080-1439-5901",
        "destinationName": "Karawang 2",
        "destinationBank": "BRI",
        "destinationNumber": "7281-1234-6666",
        "currency": "IDR",
        "multipleCurrency": false,
        "currencyList": [],
        "amount": "10000000000",
        "tat": "Pending Release",
        "status": "Pending Approval",
        "closeCutOffTime": true,
        "to": "/transaction-status/transaction-detail"
      },
      {
        "id": "3",
        "transactionDate": 1611512780000,
        "transactionType": "Online",
        "typenumber": "3333-1234-1234-1234",
        "fromName": "PT Toyota Motor Manufacturing Indonesia",
        "fromNumber": "0080-1439-5901",
        "destinationName": "Rajawali Persero",
        "destinationBank": "BRI",
        "destinationNumber": "7280-1234-1111",
        "currency": "IDR",
        "multipleCurrency": false,
        "currencyList": [],
        "amount": "845000000",
        "tat": "Pending Approval",
        "status": "Pending Release",
        "closeCutOffTime": false,
        "to": "/transaction-status/transaction-detail"
      }
    ]
  }
]