[
  {
    "title": "FORREPAIRTRANSACTIONS",
    "type": "loan",
    "timedate": 1636569002000,
    "pages": "1",
    "footNote": "EquivalentInIDRBasedOnIndicativeRate",
    "data": [
      {
        "id": "16",
        "transactionDate": 1611512780000,
        "transactionType": "Credit Card",
        "fromName": "PT Astra Indonesia",
        "fromNumber": "0042-8820-122",
        "destinationName": "Other Bank",
        "destinationBank": "0041-2321-4123-2222",
        "destinationNumber": "",
        "currency": "IDR",
        "multipleCurrency": false,
        "currencyList": [],
        "amount": "30000000",
        "closeCutOffTime": false,
        "to": "/transaction-status/detail?type=billing&subtype=credit-card-other&progress=FOR_REPAIR"
      },
      {
        "id": "17",
        "transactionDate": 1611512780000,
        "transactionType": "Credit Card",
        "fromName": "PT Toyota Motor Manufacturing Indonesia",
        "fromNumber": "0080-1439-5901",
        "destinationName": "Permata Credit Card",
        "destinationBank": "9911-2132-1123",
        "destinationNumber": "",
        "currency": "IDR",
        "multipleCurrency": false,
        "currencyList": [],
        "amount": "30000000",
        "closeCutOffTime": false,
        "to": "/transaction-status/detail?type=billing&subtype=credit-card-permata&progress=FOR_REPAIR"
      },
      {
        "id": "18",
        "transactionDate": 1611512780000,
        "transactionType": "Telco Telkom",
        "fromName": "PT Toyota Motor Manufacturing Indonesia",
        "fromNumber": "0080-1439-5901",
        "destinationName": "Rama Gunawan",
        "destinationBank": "",
        "destinationNumber": "0213-1565-592",
        "currency": "IDR",
        "multipleCurrency": false,
        "currencyList": [],
        "amount": "503000",
        "closeCutOffTime": false,
        "to": "/transaction-status/detail?type=billing&subtype=telco&progress=FOR_REPAIR"
      },
      {
        "id": "1",
        "transactionDate": 1611512780000,
        "transactionType": "Phone Top Up",
        "fromName": "PT. Toyota Motor Manufacturing Indonesia",
        "fromNumber": "0080-1439-5901",
        "destinationName": "0811-2234-344",
        "destinationBank": "",
        "destinationNumber": "",
        "currency": "IDR",
        "multipleCurrency": false,
        "currencyList": [],
        "amount": "101500",
        "closeCutOffTime": true,
        "to": "/transaction-status/detail?type=topup&subtype=phone-top-up&progress=FOR_REPAIR"
      },
      {
        "id": "2",
        "transactionDate": 1611512780000,
        "transactionType": "Mobile Data Package",
        "fromName": "PT Toyota Motor Manufacturing Indonesia",
        "fromNumber": "0080-1439-5901",
        "destinationName": "0877-8834-3442",
        "destinationBank": "",
        "destinationNumber": "",
        "currency": "IDR",
        "multipleCurrency": false,
        "currencyList": [],
        "amount": "130000",
        "closeCutOffTime": false,
        "to": "/transaction-status/detail?type=topup&subtype=mobile-data-package&progress=FOR_REPAIR"
      },
      {
        "id": "3",
        "transactionDate": 1611512780000,
        "transactionType": "Prepaid PLN",
        "fromName": "PT Toyota Motor Manufacturing Indonesia",
        "fromNumber": "0080-1439-5901",
        "destinationName": "Budi Setiawan",
        "destinationBank": "",
        "destinationNumber": "5455-0116-9998",
        "currency": "IDR",
        "multipleCurrency": false,
        "currencyList": [],
        "amount": "503000",
        "closeCutOffTime": true,
        "to": "/transaction-status/detail?type=pln&subtype=phone-top-up&progress=FOR_REPAIR"
      },
      {
        "id": "4",
        "transactionDate": 1611512780000,
        "transactionType": "OVO",
        "fromName": "PT Jaya Regional",
        "fromNumber": "0032-8820-2000",
        "destinationName": "OVO Bu** Se***an",
        "destinationBank": "",
        "destinationNumber": "0812-8879-700",
        "currency": "IDR",
        "multipleCurrency": false,
        "currencyList": [],
        "amount": "501000",
        "closeCutOffTime": false,
        "to": "/transaction-status/detail?type=topup&subtype=ovo&progress=FOR_REPAIR"
      },
      {
        "id": "5",
        "transactionDate": 1611512780000,
        "transactionType": "GoPay",
        "fromName": "PT Jaya Regional",
        "fromNumber": "0032-8820-2000",
        "destinationName": "GOPAY BUDI SETIAWAN",
        "destinationBank": "",
        "destinationNumber": "0812-8879-700",
        "currency": "IDR",
        "multipleCurrency": false,
        "currencyList": [],
        "amount": "501000",
        "closeCutOffTime": false,
        "to": "/transaction-status/detail?type=topup&subtype=gopay&progress=FOR_REPAIR"
      },
      {
        "id": "6",
        "transactionDate": 1611512780000,
        "transactionType": "DANA",
        "fromName": "PT Sentosa Nasional",
        "fromNumber": "0080-1439-2000",
        "destinationName": "Danatopup Irm****",
        "destinationBank": "",
        "destinationNumber": "0812-8879-700",
        "currency": "IDR",
        "multipleCurrency": false,
        "currencyList": [],
        "amount": "501000",
        "closeCutOffTime": false,
        "to": "/transaction-status/detail?type=topup&subtype=dana&progress=FOR_REPAIR"
      },
      {
        "id": "7",
        "transactionDate": 1611512780000,
        "transactionType": "AstraPay",
        "fromName": "PT Astra Indonesia",
        "fromNumber": "0042-8820-1229",
        "destinationName": "Budi Setiawan",
        "destinationBank": "",
        "destinationNumber": "0812-8879-700",
        "currency": "IDR",
        "multipleCurrency": false,
        "currencyList": [],
        "amount": "501000",
        "closeCutOffTime": false,
        "to": "/transaction-status/detail?type=topup&subtype=astrapay&progress=FOR_REPAIR"
      },
      {
        "id": "8",
        "transactionDate": 1611512780000,
        "transactionType": "ShopeePay",
        "fromName": "PT Astra Indonesia",
        "fromNumber": "0042-8820-1229",
        "destinationName": "SHOPEEPAY/R****N",
        "destinationBank": "",
        "destinationNumber": "0812-8879-700",
        "currency": "IDR",
        "multipleCurrency": false,
        "currencyList": [],
        "amount": "501000",
        "closeCutOffTime": false,
        "to": "/transaction-status/detail?type=topup&subtype=shopee-pay&progress=FOR_REPAIR"
      },
      {
        "id": "9",
        "transactionDate": 1611512780000,
        "transactionType": "Indosat PayPro",
        "fromName": "PT Toyota Motor Manufacturing Indonesia",
        "fromNumber": "0080-1439-5901",
        "destinationName": "Budi Setiawan",
        "destinationBank": "",
        "destinationNumber": "0812-8879-700",
        "currency": "IDR",
        "multipleCurrency": false,
        "currencyList": [],
        "amount": "501000",
        "closeCutOffTime": false,
        "to": "/transaction-status/detail?type=topup&subtype=ovo&progress=FOR_REPAIR"
      },
      {
        "id": "10",
        "transactionDate": 1611512780000,
        "transactionType": "DOKU",
        "fromName": "PT Toyota Motor Manufacturing Indonesia",
        "fromNumber": "0080-1439-5901",
        "destinationName": "Budi Setiawan",
        "destinationBank": "",
        "destinationNumber": "0812-8879-700",
        "currency": "IDR",
        "multipleCurrency": false,
        "currencyList": [],
        "amount": "501000",
        "closeCutOffTime": false,
        "to": "/transaction-status/detail?type=topup&subtype=doku&progress=FOR_REPAIR"
      },
      {
        "id": "11",
        "transactionDate": 1611512780000,
        "transactionType": "Steam Wallet",
        "fromName": "PT. Toyota Motor Manufacturing Indonesia",
        "fromNumber": "0080-1439-5901",
        "destinationName": "",
        "destinationBank": "",
        "destinationNumber": "",
        "currency": "IDR",
        "multipleCurrency": false,
        "currencyList": [],
        "amount": "53000",
        "closeCutOffTime": false,
        "to": "/transaction-status/detail?type=topup&subtype=steam-wallet&progress=FOR_REPAIR"
      },
      {
        "id": "12",
        "transactionDate": 1611512780000,
        "transactionType": "Steam Key",
        "fromName": "PT Toyota Motor Manufacturing Indonesia",
        "fromNumber": "0080-1439-5901",
        "destinationName": "",
        "destinationBank": "",
        "destinationNumber": "",
        "currency": "IDR",
        "multipleCurrency": false,
        "currencyList": [],
        "amount": "215000",
        "closeCutOffTime": false,
        "to": "/transaction-status/detail?type=topup&subtype=steam-key&progress=FOR_REPAIR"
      },
      {
        "id": "13",
        "transactionDate": 1611512780000,
        "transactionType": "Diamonds",
        "fromName": "PT Toyota Motor Manufacturing Indonesia",
        "fromNumber": "0080-1439-5901",
        "destinationName": "2558-1762-8 (2258)",
        "destinationBank": "",
        "destinationNumber": "",
        "currency": "IDR",
        "multipleCurrency": false,
        "currencyList": [],
        "amount": "28000",
        "closeCutOffTime": false,
        "to": "/transaction-status/detail?type=topup&subtype=mobile-legend&progress=FOR_REPAIR"
      },
      {
        "id": "14",
        "transactionDate": 1624512780000,
        "transactionType": "LLG",
        "fromName": "PT Toyota Motor Manufacturing Indonesia",
        "fromNumber": "0080-1439-5901",
        "destinationName": "PT. Toyota Astra International",
        "destinationBank": "Bank OCBC NISP",
        "destinationNumber": "9911-2132-11",
        "currency": "IDR",
        "multipleCurrency": false,
        "currencyList": [],
        "amount": "400000000",
        "closeCutOffTime": false,
        "to": "/transaction-status/detail?progress=FOR_REPAIR"
      },
      {
        "id": "15",
        "transactionDate": 1624512780000,
        "transactionType": "Top Up",
        "fromName": "PT Toyota Motor Manufacturing Indonesia",
        "fromNumber": "0080-1439-5901",
        "destinationName": "PT. Toyota Astra International",
        "destinationBank": "Bank OCBC NISP",
        "destinationNumber": "9911-2132-11",
        "currency": "IDR",
        "multipleCurrency": false,
        "currencyList": [],
        "amount": "400000000",
        "closeCutOffTime": false,
        "to": "/transaction-status/detail?progress=FOR_REPAIR"
      }
    ]
  },
  {
    "title": "FORREPAIRTRANSACTIONS",
    "type": "loan",
    "timedate": 1636569002000,
    "pages": "2",
    "footNote": "Equivalent in IDR based on Indicative Rate Page #2",
    "data": [
      {
        "id": "16",
        "transactionDate": 1611512780000,
        "transactionType": "Credit Card",
        "fromName": "PT Astra Indonesia",
        "fromNumber": "0042-8820-122",
        "destinationName": "Other Bank",
        "destinationBank": "0041-2321-4123-2222",
        "destinationNumber": "",
        "currency": "IDR",
        "multipleCurrency": false,
        "currencyList": [],
        "amount": "30000000",
        "closeCutOffTime": false,
        "to": "/transaction-status/detail?type=billing&subtype=credit-card-other&progress=FOR_REPAIR"
      },
      {
        "id": "17",
        "transactionDate": 1611512780000,
        "transactionType": "Credit Card",
        "fromName": "PT Toyota Motor Manufacturing Indonesia",
        "fromNumber": "0080-1439-5901",
        "destinationName": "Permata Credit Card",
        "destinationBank": "9911-2132-1123",
        "destinationNumber": "",
        "currency": "IDR",
        "multipleCurrency": false,
        "currencyList": [],
        "amount": "30000000",
        "closeCutOffTime": false,
        "to": "/transaction-status/detail?type=billing&subtype=credit-card-permata&progress=FOR_REPAIR"
      },
      {
        "id": "18",
        "transactionDate": 1611512780000,
        "transactionType": "Telco Telkom",
        "fromName": "PT Toyota Motor Manufacturing Indonesia",
        "fromNumber": "0080-1439-5901",
        "destinationName": "Rama Gunawan",
        "destinationBank": "",
        "destinationNumber": "0213-1565-592",
        "currency": "IDR",
        "multipleCurrency": false,
        "currencyList": [],
        "amount": "503000",
        "closeCutOffTime": false,
        "to": "/transaction-status/detail?type=billing&subtype=telco&progress=FOR_REPAIR"
      },
      {
        "id": "1",
        "transactionDate": 1611512780000,
        "transactionType": "Phone Top Up",
        "fromName": "PT. Toyota Motor Manufacturing Indonesia",
        "fromNumber": "0080-1439-5901",
        "destinationName": "0811-2234-344",
        "destinationBank": "",
        "destinationNumber": "",
        "currency": "IDR",
        "multipleCurrency": false,
        "currencyList": [],
        "amount": "101500",
        "closeCutOffTime": true,
        "to": "/transaction-status/detail?type=topup&subtype=phone-top-up&progress=FOR_REPAIR"
      },
      {
        "id": "2",
        "transactionDate": 1611512780000,
        "transactionType": "Mobile Data Package",
        "fromName": "PT Toyota Motor Manufacturing Indonesia",
        "fromNumber": "0080-1439-5901",
        "destinationName": "0877-8834-3442",
        "destinationBank": "",
        "destinationNumber": "",
        "currency": "IDR",
        "multipleCurrency": false,
        "currencyList": [],
        "amount": "130000",
        "closeCutOffTime": false,
        "to": "/transaction-status/detail?type=topup&subtype=mobile-data-package&progress=FOR_REPAIR"
      },
      {
        "id": "3",
        "transactionDate": 1611512780000,
        "transactionType": "Prepaid PLN",
        "fromName": "PT Toyota Motor Manufacturing Indonesia",
        "fromNumber": "0080-1439-5901",
        "destinationName": "Budi Setiawan",
        "destinationBank": "",
        "destinationNumber": "5455-0116-9998",
        "currency": "IDR",
        "multipleCurrency": false,
        "currencyList": [],
        "amount": "503000",
        "closeCutOffTime": true,
        "to": "/transaction-status/detail?type=pln&subtype=phone-top-up&progress=FOR_REPAIR"
      },
      {
        "id": "4",
        "transactionDate": 1611512780000,
        "transactionType": "OVO",
        "fromName": "PT Jaya Regional",
        "fromNumber": "0032-8820-2000",
        "destinationName": "OVO Bu** Se***an",
        "destinationBank": "",
        "destinationNumber": "0812-8879-700",
        "currency": "IDR",
        "multipleCurrency": false,
        "currencyList": [],
        "amount": "501000",
        "closeCutOffTime": false,
        "to": "/transaction-status/detail?type=topup&subtype=ovo&progress=FOR_REPAIR"
      },
      {
        "id": "5",
        "transactionDate": 1611512780000,
        "transactionType": "GoPay",
        "fromName": "PT Jaya Regional",
        "fromNumber": "0032-8820-2000",
        "destinationName": "GOPAY BUDI SETIAWAN",
        "destinationBank": "",
        "destinationNumber": "0812-8879-700",
        "currency": "IDR",
        "multipleCurrency": false,
        "currencyList": [],
        "amount": "501000",
        "closeCutOffTime": false,
        "to": "/transaction-status/detail?type=topup&subtype=gopay&progress=FOR_REPAIR"
      },
      {
        "id": "6",
        "transactionDate": 1611512780000,
        "transactionType": "DANA",
        "fromName": "PT Sentosa Nasional",
        "fromNumber": "0080-1439-2000",
        "destinationName": "Danatopup Irm****",
        "destinationBank": "",
        "destinationNumber": "0812-8879-700",
        "currency": "IDR",
        "multipleCurrency": false,
        "currencyList": [],
        "amount": "501000",
        "closeCutOffTime": false,
        "to": "/transaction-status/detail?type=topup&subtype=dana&progress=FOR_REPAIR"
      },
      {
        "id": "7",
        "transactionDate": 1611512780000,
        "transactionType": "AstraPay",
        "fromName": "PT Astra Indonesia",
        "fromNumber": "0042-8820-1229",
        "destinationName": "Budi Setiawan",
        "destinationBank": "",
        "destinationNumber": "0812-8879-700",
        "currency": "IDR",
        "multipleCurrency": false,
        "currencyList": [],
        "amount": "501000",
        "closeCutOffTime": false,
        "to": "/transaction-status/detail?type=topup&subtype=astrapay&progress=FOR_REPAIR"
      },
      {
        "id": "8",
        "transactionDate": 1611512780000,
        "transactionType": "ShopeePay",
        "fromName": "PT Astra Indonesia",
        "fromNumber": "0042-8820-1229",
        "destinationName": "SHOPEEPAY/R****N",
        "destinationBank": "",
        "destinationNumber": "0812-8879-700",
        "currency": "IDR",
        "multipleCurrency": false,
        "currencyList": [],
        "amount": "501000",
        "closeCutOffTime": false,
        "to": "/transaction-status/detail?type=topup&subtype=shopee-pay&progress=FOR_REPAIR"
      },
      {
        "id": "9",
        "transactionDate": 1611512780000,
        "transactionType": "Indosat PayPro",
        "fromName": "PT Toyota Motor Manufacturing Indonesia",
        "fromNumber": "0080-1439-5901",
        "destinationName": "Budi Setiawan",
        "destinationBank": "",
        "destinationNumber": "0812-8879-700",
        "currency": "IDR",
        "multipleCurrency": false,
        "currencyList": [],
        "amount": "501000",
        "closeCutOffTime": false,
        "to": "/transaction-status/detail?type=topup&subtype=ovo&progress=FOR_REPAIR"
      },
      {
        "id": "10",
        "transactionDate": 1611512780000,
        "transactionType": "DOKU",
        "fromName": "PT Toyota Motor Manufacturing Indonesia",
        "fromNumber": "0080-1439-5901",
        "destinationName": "Budi Setiawan",
        "destinationBank": "",
        "destinationNumber": "0812-8879-700",
        "currency": "IDR",
        "multipleCurrency": false,
        "currencyList": [],
        "amount": "501000",
        "closeCutOffTime": false,
        "to": "/transaction-status/detail?type=topup&subtype=doku&progress=FOR_REPAIR"
      },
      {
        "id": "11",
        "transactionDate": 1611512780000,
        "transactionType": "Steam Wallet",
        "fromName": "PT. Toyota Motor Manufacturing Indonesia",
        "fromNumber": "0080-1439-5901",
        "destinationName": "",
        "destinationBank": "",
        "destinationNumber": "",
        "currency": "IDR",
        "multipleCurrency": false,
        "currencyList": [],
        "amount": "53000",
        "closeCutOffTime": false,
        "to": "/transaction-status/detail?type=topup&subtype=steam-wallet&progress=FOR_REPAIR"
      },
      {
        "id": "12",
        "transactionDate": 1611512780000,
        "transactionType": "Steam Key",
        "fromName": "PT Toyota Motor Manufacturing Indonesia",
        "fromNumber": "0080-1439-5901",
        "destinationName": "",
        "destinationBank": "",
        "destinationNumber": "",
        "currency": "IDR",
        "multipleCurrency": false,
        "currencyList": [],
        "amount": "215000",
        "closeCutOffTime": false,
        "to": "/transaction-status/detail?type=topup&subtype=steam-key&progress=FOR_REPAIR"
      },
      {
        "id": "13",
        "transactionDate": 1611512780000,
        "transactionType": "Diamonds",
        "fromName": "PT Toyota Motor Manufacturing Indonesia",
        "fromNumber": "0080-1439-5901",
        "destinationName": "2558-1762-8 (2258)",
        "destinationBank": "",
        "destinationNumber": "",
        "currency": "IDR",
        "multipleCurrency": false,
        "currencyList": [],
        "amount": "28000",
        "closeCutOffTime": false,
        "to": "/transaction-status/detail?type=topup&subtype=mobile-legend&progress=FOR_REPAIR"
      },
      {
        "id": "14",
        "transactionDate": 1624512780000,
        "transactionType": "LLG",
        "fromName": "PT Toyota Motor Manufacturing Indonesia",
        "fromNumber": "0080-1439-5901",
        "destinationName": "PT. Toyota Astra International",
        "destinationBank": "Bank OCBC NISP",
        "destinationNumber": "9911-2132-11",
        "currency": "IDR",
        "multipleCurrency": false,
        "currencyList": [],
        "amount": "400000000",
        "closeCutOffTime": false,
        "to": "/transaction-status/detail?progress=FOR_REPAIR"
      },
      {
        "id": "15",
        "transactionDate": 1624512780000,
        "transactionType": "Top Up",
        "fromName": "PT Toyota Motor Manufacturing Indonesia",
        "fromNumber": "0080-1439-5901",
        "destinationName": "PT. Toyota Astra International",
        "destinationBank": "Bank OCBC NISP",
        "destinationNumber": "9911-2132-11",
        "currency": "IDR",
        "multipleCurrency": false,
        "currencyList": [],
        "amount": "400000000",
        "closeCutOffTime": false,
        "to": "/transaction-status/detail?progress=FOR_REPAIR"
      }
    ]
  }
]
