[
  {
    "id": "1",
    "variant": "loan",
    "favorite": true,
    "accountFacility": "Revolving Loan",
    "accountFacilityNumber": "00855RL3000003",
    "accountLimitType": "Standalone",
    "accountOutstandingBalance": "20000000000",
    "accountCurrency": "IDR",
    "accountAvailableLimit": "-",
    "to": "/"
  },
  {
    "id": "2",
    "variant": "loan",
    "favorite": true,
    "accountFacility": "Pinjaman Rekening Koran Commercial",
    "accountFacilityNumber": "000612282099",
    "accountLimitType": "Standalone",
    "accountOutstandingBalance": "1203788670.38",
    "accountCurrency": "IDR",
    "accountAvailableLimit": "266362341.62",
    "to": "/"
  },
  {
    "id": "3",
    "variant": "loan",
    "favorite": false,
    "accountFacility": "Payable Services",
    "accountFacilityNumber": "00846RCF000036",
    "accountLimitType": "Standalone",
    "accountOutstandingBalance": "45246488178.00",
    "accountCurrency": "IDR",
    "accountAvailableLimit": "254753511822.00",
    "to": "/"
  },
  {
    "id": "4",
    "variant": "loan",
    "favorite": false,
    "accountFacility": "Permata Quick Cash",
    "accountFacilityNumber": "000701527437",
    "accountLimitType": "Standalone",
    "accountOutstandingBalance": " 292185716.00 ",
    "accountCurrency": "IDR",
    "accountAvailableLimit": "707814284.00",
    "to": "/"
  },
  {
    "id": "5",
    "variant": "loan",
    "favorite": false,
    "accountFacility": "Post Import Financing",
    "accountFacilityNumber": "00855PIW000101",
    "accountLimitType": "Omnibus",
    "accountOutstandingBalance": "9208408410.00",
    "accountCurrency": "IDR",
    "accountAvailableLimit": "331644472.00",
    "to": "/"
  },
  {
    "id": "6",
    "variant": "loan",
    "favorite": false,
    "accountFacility": "Post Import Financing",
    "accountFacilityNumber": "00855PIW000125",
    "accountLimitType": "Omnibus",
    "accountOutstandingBalance": "19812365984.00",
    "accountCurrency": "IDR",
    "accountAvailableLimit": "967641401.00",
    "to": "/"
  },
  {
    "id": "7",
    "variant": "loan",
    "favorite": false,
    "accountFacility": "Pre Shipment Financing ",
    "accountFacilityNumber": "000887PS000004",
    "accountLimitType": "Standalone",
    "accountOutstandingBalance": "25000000000",
    "accountCurrency": "IDR",
    "accountAvailableLimit": "-",
    "to": "/"
  },
  {
    "id": "8",
    "variant": "loan",
    "favorite": false,
    "accountFacility": "Receivable Financing",
    "accountFacilityNumber": "000887ON000002",
    "accountLimitType": "Standalone",
    "accountOutstandingBalance": " 94596590.00 ",
    "accountCurrency": "IDR",
    "accountAvailableLimit": "39905403410.00",
    "to": "/"
  },
  {
    "id": "9",
    "variant": "loan",
    "favorite": false,
    "accountFacility": "Receivable Services Without Recourse",
    "accountFacilityNumber": "000887IN000002",
    "accountLimitType": "Standalone",
    "accountOutstandingBalance": "2654710164.00",
    "accountCurrency": "IDR",
    "accountAvailableLimit": "17345289836.00",
    "to": "/"
  },
  {
    "id": "10",
    "variant": "loan",
    "favorite": false,
    "accountFacility": "Receivable Services With Recourse",
    "accountFacilityNumber": "000887IN000002",
    "accountLimitType": "Standalone",
    "accountOutstandingBalance": "221225847.00",
    "accountCurrency": "IDR",
    "accountAvailableLimit": "9778774153.00",
    "to": "/"
  },
  {
    "id": "11",
    "variant": "loan",
    "favorite": false,
    "accountFacility": "Term Loan",
    "accountFacilityNumber": "00855TL3000809",
    "accountLimitType": "Standalone",
    "accountOutstandingBalance": "118470894.00",
    "accountCurrency": "IDR",
    "accountAvailableLimit": "4931529106.00",
    "to": "/"
  },
  {
    "id": "12",
    "variant": "loan",
    "favorite": false,
    "accountFacility": "Term Loan",
    "accountFacilityNumber": "00855TL3000856",
    "accountLimitType": "Standalone",
    "accountOutstandingBalance": "731416685.00",
    "accountCurrency": "IDR",
    "accountAvailableLimit": "8118583315.00",
    "to": "/"
  }
]