[
  {
    "title": "CasaAccountHolding",
    "type": "casa",
    "timedate": 1636569002000,
    "pages": "1",
    "data": [
      {
        "id": "1",
        "variant": "casa",
        "favorite": true,
        "accountName": "PT Toyota Motor Manufacturing Indonesia A fawe few f ewf EWA VR WAF E feaw vea feaw ffsd",
        "accountNumber": "008014395902",
        "accountProductInfo": "Savings Account",
        "accountInterestRate": "",
        "accountPlacementDate": "",
        "accountMaturityDate": "",
        "accountCurrency": "IDR",
        "accountBalance": "45000000000000",
        "to": "/accounts/casa/detail"
      },
      {
        "id": "2",
        "variant": "casa",
        "favorite": true,
        "accountName": "Operational 2 Bintaro B",
        "accountNumber": "008014395903",
        "accountProductInfo": "Current Account",
        "accountInterestRate": "",
        "accountPlacementDate": "",
        "accountMaturityDate": "",
        "accountCurrency": "JPY",
        "accountBalance": "385000000000",
        "to": "/accounts/casa/detail"
      },
      {
        "id": "3",
        "variant": "casa",
        "favorite": true,
        "accountName": "Advanced Career Indonesia C",
        "accountNumber": "008014395904",
        "accountProductInfo": "Savings Account",
        "accountInterestRate": "",
        "accountPlacementDate": "",
        "accountMaturityDate": "",
        "accountCurrency": "IDR",
        "accountBalance": "45000000000000",
        "to": "/accounts/casa/detail"
      },
      {
        "id": "4",
        "variant": "casa",
        "favorite": true,
        "accountName": "Mega Konstruksi Indonesia D fewagewa fewfgwafafargreag rew feargrtehtg rferwfae agreahgt rdjuyfjujncfyjn dthntrh dhbtdhbt bhtrshbtrg btrsts bhtegv regvresgsgresg regvrgsrez",
        "accountNumber": "008014395905",
        "accountProductInfo": "Current Account",
        "accountInterestRate": "",
        "accountPlacementDate": "",
        "accountMaturityDate": "",
        "accountCurrency": "JPY",
        "accountBalance": "385000000000",
        "to": "/accounts/casa/detail"
      },
      {
        "id": "5",
        "variant": "casa",
        "favorite": true,
        "accountName": "PT Toyota Motor Manufacturing Indonesia E",
        "accountNumber": "008014395901",
        "accountProductInfo": "Current Account",
        "accountInterestRate": "",
        "accountPlacementDate": "",
        "accountMaturityDate": "",
        "accountCurrency": "JPY",
        "accountBalance": "45000000000000",
        "to": "/accounts/casa/detail"
      },
      {
        "id": "6",
        "variant": "casa",
        "favorite": false,
        "accountName": "PT Toyota Motor Manufacturing Indonesia F",
        "accountNumber": "008014395907",
        "accountProductInfo": "Savings Account",
        "accountInterestRate": "",
        "accountPlacementDate": "",
        "accountMaturityDate": "",
        "accountCurrency": "JPY",
        "accountBalance": "45000000000000",
        "to": "/accounts/casa/detail"
      },
      {
        "id": "7",
        "variant": "casa",
        "favorite": false,
        "accountName": "Operational 2 Bintaro G",
        "accountNumber": "008014395911",
        "accountProductInfo": "Current Account",
        "accountInterestRate": "",
        "accountPlacementDate": "",
        "accountMaturityDate": "",
        "accountCurrency": "EUR",
        "accountBalance": "385000000000",
        "to": "/accounts/casa/detail"
      },
      {
        "id": "8",
        "variant": "casa",
        "favorite": false,
        "accountName": "Advanced Career Indonesia H",
        "accountNumber": "008014395906",
        "accountProductInfo": "Current Account",
        "accountInterestRate": "",
        "accountPlacementDate": "",
        "accountMaturityDate": "",
        "accountCurrency": "EUR",
        "accountBalance": "45000000000000",
        "to": "/accounts/casa/detail"
      },
      {
        "id": "9",
        "variant": "casa",
        "favorite": false,
        "accountName": "Mega Konstruksi Indonesia I",
        "accountNumber": "008014395908",
        "accountProductInfo": "Current Account",
        "accountInterestRate": "",
        "accountPlacementDate": "",
        "accountMaturityDate": "",
        "accountCurrency": "USD",
        "accountBalance": "385000000000",
        "to": "/accounts/casa/detail"
      },
      {
        "id": "10",
        "variant": "casa",
        "favorite": false,
        "accountName": "PT Toyota Motor Manufacturing Indonesia J",
        "accountNumber": "008014395912",
        "accountProductInfo": "Current Account",
        "accountInterestRate": "",
        "accountPlacementDate": "",
        "accountMaturityDate": "",
        "accountCurrency": "JPY",
        "accountBalance": "45000000000000",
        "to": "/accounts/casa/detail"
      },
      {
        "id": "11",
        "variant": "casa",
        "favorite": false,
        "accountName": "PT Toyota Motor Manufacturing Indonesia K",
        "accountNumber": "008014395909",
        "accountProductInfo": "Current Account",
        "accountInterestRate": "",
        "accountPlacementDate": "",
        "accountMaturityDate": "",
        "accountCurrency": "EUR",
        "accountBalance": "45000000000000",
        "to": "/accounts/casa/detail"
      },
      {
        "id": "12",
        "variant": "casa",
        "favorite": false,
        "accountName": "Operational 2 Bintaro L",
        "accountNumber": "008014395910",
        "accountProductInfo": "Current Account",
        "accountInterestRate": "",
        "accountPlacementDate": "",
        "accountMaturityDate": "",
        "accountCurrency": "USD",
        "accountBalance": "385000000000",
        "to": "/accounts/casa/detail"
      },
      {
        "id": "13",
        "variant": "casa",
        "favorite": false,
        "accountName": "Advanced Career Indonesia M",
        "accountNumber": "008014395913",
        "accountProductInfo": "Savings Account",
        "accountInterestRate": "",
        "accountPlacementDate": "",
        "accountMaturityDate": "",
        "accountCurrency": "IDR",
        "accountBalance": "45000000000000",
        "to": "/accounts/casa/detail"
      },
      {
        "id": "14",
        "variant": "casa",
        "favorite": false,
        "accountName": "Mega Konstruksi Indonesia N",
        "accountNumber": "008014395914",
        "accountProductInfo": "Current Account",
        "accountInterestRate": "",
        "accountPlacementDate": "",
        "accountMaturityDate": "",
        "accountCurrency": "USD",
        "accountBalance": "385000000000",
        "to": "/accounts/casa/detail"
      },
      {
        "id": "15",
        "variant": "casa",
        "favorite": false,
        "accountName": "PT Toyota Motor Manufacturing Indonesia O",
        "accountNumber": "008014395915",
        "accountProductInfo": "Current Account",
        "accountInterestRate": "",
        "accountPlacementDate": "",
        "accountMaturityDate": "",
        "accountCurrency": "JPY",
        "accountBalance": "45000000000000",
        "to": "/accounts/casa/detail"
      },
      {
        "id": "16",
        "variant": "casa",
        "favorite": false,
        "accountName": "PT Toyota Motor Manufacturing Indonesia P",
        "accountNumber": "008014395916",
        "accountProductInfo": "Current Account",
        "accountInterestRate": "",
        "accountPlacementDate": "",
        "accountMaturityDate": "",
        "accountCurrency": "IDR",
        "accountBalance": "45000000000000",
        "to": "/accounts/casa/detail"
      },
      {
        "id": "17",
        "variant": "casa",
        "favorite": false,
        "accountName": "Operational 2 Bintaro Q",
        "accountNumber": "008014395917",
        "accountProductInfo": "Current Account",
        "accountInterestRate": "",
        "accountPlacementDate": "",
        "accountMaturityDate": "",
        "accountCurrency": "USD",
        "accountBalance": "385000000000",
        "to": "/accounts/casa/detail"
      },
      {
        "id": "18",
        "variant": "casa",
        "favorite": false,
        "accountName": "Advanced Career Indonesia R",
        "accountNumber": "008014395918",
        "accountProductInfo": "Current Account",
        "accountInterestRate": "",
        "accountPlacementDate": "",
        "accountMaturityDate": "",
        "accountCurrency": "IDR",
        "accountBalance": "45000000000000",
        "to": "/accounts/casa/detail"
      },
      {
        "id": "19",
        "variant": "casa",
        "favorite": false,
        "accountName": "Mega Konstruksi Indonesia S",
        "accountNumber": "008014395919",
        "accountProductInfo": "Current Account",
        "accountInterestRate": "",
        "accountPlacementDate": "",
        "accountMaturityDate": "",
        "accountCurrency": "USD",
        "accountBalance": "385000000000",
        "to": "/accounts/casa/detail"
      },
      {
        "id": "20",
        "variant": "casa",
        "favorite": false,
        "accountName": "PT Toyota Motor Manufacturing Indonesia T",
        "accountNumber": "008014395920",
        "accountProductInfo": "Current Account",
        "accountInterestRate": "",
        "accountPlacementDate": "",
        "accountMaturityDate": "",
        "accountCurrency": "JPY",
        "accountBalance": "45000000000000",
        "to": "/accounts/casa/detail"
      },
      {
        "id": "21",
        "variant": "casa",
        "favorite": false,
        "accountName": "PT Toyota Motor Manufacturing Indonesia T",
        "accountNumber": "008014395920",
        "accountProductInfo": "Current Account",
        "accountInterestRate": "",
        "accountPlacementDate": "",
        "accountMaturityDate": "",
        "accountCurrency": "JPY",
        "accountBalance": "45000000000000",
        "to": "/accounts/casa/detail"
      },
      {
        "id": "22",
        "variant": "casa",
        "favorite": false,
        "accountName": "PT Toyota Motor Manufacturing Indonesia T",
        "accountNumber": "008014395920",
        "accountProductInfo": "Current Account",
        "accountInterestRate": "",
        "accountPlacementDate": "",
        "accountMaturityDate": "",
        "accountCurrency": "JPY",
        "accountBalance": "45000000000000",
        "to": "/accounts/casa/detail"
      },
      {
        "id": "23",
        "variant": "casa",
        "favorite": false,
        "accountName": "PT Toyota Motor Manufacturing Indonesia T",
        "accountNumber": "008014395920",
        "accountProductInfo": "Current Account",
        "accountInterestRate": "",
        "accountPlacementDate": "",
        "accountMaturityDate": "",
        "accountCurrency": "JPY",
        "accountBalance": "45000000000000",
        "to": "/accounts/casa/detail"
      },
      {
        "id": "24",
        "variant": "casa",
        "favorite": false,
        "accountName": "PT Toyota Motor Manufacturing Indonesia T",
        "accountNumber": "008014395920",
        "accountProductInfo": "Current Account",
        "accountInterestRate": "",
        "accountPlacementDate": "",
        "accountMaturityDate": "",
        "accountCurrency": "JPY",
        "accountBalance": "45000000000000",
        "to": "/accounts/casa/detail"
      },
      {
        "id": "25",
        "variant": "casa",
        "favorite": false,
        "accountName": "PT Toyota Motor Manufacturing Indonesia T",
        "accountNumber": "008014395920",
        "accountProductInfo": "Current Account",
        "accountInterestRate": "",
        "accountPlacementDate": "",
        "accountMaturityDate": "",
        "accountCurrency": "JPY",
        "accountBalance": "45000000000000",
        "to": "/accounts/casa/detail"
      },
      {
        "id": "26",
        "variant": "casa",
        "favorite": false,
        "accountName": "PT Toyota Motor Manufacturing Indonesia T",
        "accountNumber": "008014395920",
        "accountProductInfo": "Current Account",
        "accountInterestRate": "",
        "accountPlacementDate": "",
        "accountMaturityDate": "",
        "accountCurrency": "JPY",
        "accountBalance": "45000000000000",
        "to": "/accounts/casa/detail"
      },
      {
        "id": "27",
        "variant": "casa",
        "favorite": false,
        "accountName": "PT Toyota Motor Manufacturing Indonesia T",
        "accountNumber": "008014395920",
        "accountProductInfo": "Current Account",
        "accountInterestRate": "",
        "accountPlacementDate": "",
        "accountMaturityDate": "",
        "accountCurrency": "JPY",
        "accountBalance": "45000000000000",
        "to": "/accounts/casa/detail"
      },
      {
        "id": "28",
        "variant": "casa",
        "favorite": false,
        "accountName": "PT Toyota Motor Manufacturing Indonesia Z",
        "accountNumber": "008014395920",
        "accountProductInfo": "Current Account",
        "accountInterestRate": "",
        "accountPlacementDate": "",
        "accountMaturityDate": "",
        "accountCurrency": "JPY",
        "accountBalance": "45000000000000",
        "to": "/accounts/casa/detail"
      },
      {
        "id": "29",
        "variant": "casa",
        "favorite": false,
        "accountName": "PT Toyota Motor Manufacturing Indonesia 1",
        "accountNumber": "008014395920",
        "accountProductInfo": "Current Account",
        "accountInterestRate": "",
        "accountPlacementDate": "",
        "accountMaturityDate": "",
        "accountCurrency": "JPY",
        "accountBalance": "45000000000000",
        "to": "/accounts/casa/detail"
      },
      {
        "id": "30",
        "variant": "casa",
        "favorite": false,
        "accountName": "PT Toyota Motor Manufacturing Indonesia 2",
        "accountNumber": "008014395920",
        "accountProductInfo": "Current Account",
        "accountInterestRate": "",
        "accountPlacementDate": "",
        "accountMaturityDate": "",
        "accountCurrency": "JPY",
        "accountBalance": "45000000000000",
        "to": "/accounts/casa/detail"
      }
    ]
  }
]
