[
  {
    "title": "ForRepair",
    "type": "loan",
    "timedate": 1636569002000,
    "pages": "1",
    "data": [
      {
        "id": "1",
        "transactionDate": "24 Jun 2021",
        "transactionType": "LLG",
        "fromName": "PT Toyota Motor Manufacturing Indonesia",
        "fromNumber": "0080-1439-5901",
        "destinationName": "PT Toyota Astra International",
        "destinationBank": "BANK OCBC NISP",
        "destinationNumber": "9911-2132-11",
        "currency": "IDR",
        "amount": "400000000"
      }
    ]
  }
]
