{
  "favoriteDetail": {
    "lock": {
      "show": false,
      "disabled": false,
      "active": false
    },
    "items": [
      {
        "label": "FavoriteName",
        "value": "Dana Irma"
      },
      {
        "label": "PaymentType",
        "value": "Topup"
      },
      {
        "label": "ShareFavoriteWith",
        "value": "User Group"
      },
      {
        "label": "CreatedBy",
        "value": "Reza Octavia",
        "noteLabel": "rezaocta",
        "noteValue": ""
      },
      {
        "label": "CreatedDate",
        "value": "24 Jun 2022"
      }
    ]
  },
  "fromAccount": {
    "lock": {
      "show": false,
      "disabled": false,
      "active": false
    },
    "items": [
      {
        "label": "Account",
        "value": "-",
        "lock": true,
        "lockDisabled": true
      }
    ]
  },
  "payeeDetails": {
    "lock": {
      "show": true,
      "disabled": false,
      "active": false
    },
    "items": [
      {
        "label": "Category",
        "value": "DANA",
        "lock": false,
        "lockDisabled": false,
        "lockActive": false,
        "disabled": false
      },
      {
        "label": "DanaMobileNumbre",
        "value": "0812-8879-700",
        "lock": false,
        "lockDisabled": false,
        "lockActive": false,
        "disabled": false
      },
      {
        "label": "CustomerName",
        "value": "Reza Octavia",
        "lock": false,
        "lockDisabled": false,
        "lockActive": false,
        "disabled": false
      }
    ]
  },
  "transactionDetails": {
    "lock": {
      "show": false,
      "disabled": false,
      "active": false
    },
    "items": [
      {
        "label": "MobileDataPackage",
        "value": "-",
        "lock": true,
        "lockDisabled": true,
        "lockActive": false,
        "disabled": false
      }
    ]
  },
  "additionalDetails": {
    "lock": {
      "show": false,
      "disabled": false,
      "active": false
    },
    "items": [
      {
        "label": "RecipientEmail",
        "value": "-",
        "lock": true,
        "lockDisabled": true
      },
      {
        "label": "RecipientWhatsAppNumber1",
        "value": "-",
        "lock": true,
        "lockDisabled": true
      }
    ]
  }
}
