{
  "favoriteDetail": {
    "lock": {
      "show": false,
      "disabled": false,
      "active": false
    },
    "items": [
      {
        "label": "FavoriteName",
        "value": "Sparepart"
      },
      {
        "label": "PaymentType",
        "value": "Foreign Currency Transfer"
      },
      {
        "label": "ShareFavoriteWith",
        "value": "User Group"
      },
      {
        "label": "CreatedBy",
        "value": "Christin Oen",
        "noteLabel": "christinoen90",
        "noteValue": ""
      },
      {
        "label": "CreatedDate",
        "value": "24 Jun 2022"
      }
    ]
  },
  "fromAccount": {
    "lock": {
      "show": false,
      "disabled": false,
      "active": false
    },
    "items": [
      {
        "label": "Account",
        "value": "PT Toyota Motor Manufacturing Indonesia | 0080-1439-5901 | IDR",
        "lock": true
      }
    ]
  },
  "beneficiaryDetails": {
    "lock": {
      "show": true,
      "disabled": false,
      "active": false
    },
    "items": [
      {
        "label": "BankName",
        "value": "PermataBank"
      },
      {
        "label": "AccountNumber",
        "value": "0034-4412-5123"
      },
      {
        "label": "AccountName",
        "value": "PT International TBK"
      }
    ]
  },
  "transactionDetails": {
    "lock": {
      "show": false,
      "disabled": true,
      "active": false
    },
    "items": [
      {
        "label": "Amount",
        "value": "USD 5,000.00",
        "lock": true,
        "lockDisabled": false
      },
      {
        "label": "TransferType",
        "value": "Overbooking",
        "lock": true,
        "lockDisabled": false
      }
    ]
  },
  "additionalDetails": {
    "lock": {
      "show": false,
      "disabled": true,
      "active": false
    },
    "items": [
      {
        "label": "RecipientEmail",
        "value": "-",
        "lock": true,
        "lockDisabled": true
      },
      {
        "label": "RecipientWhatsAppNumber1",
        "value": "-",
        "lock": true,
        "lockDisabled": true
      }
    ]
  }
}