{
  "stepList": [
    {
      "variant": "current",
      "number": 2,
      "textInfo": "FromAccountOptional",
      "anchorId": "fromAccount",
      "confAnchorId": "ConfirmationfromAccount",
      "activated": false
    },
    {
      "variant": "inactive",
      "number": 3,
      "textInfo": "BeneficiaryDetails",
      "anchorId": "beneficiaryDetails",
      "confAnchorId": "ConfirmationbeneficiaryDetails",
      "activated": false
    },
    {
      "variant": "inactive",
      "number": 4,
      "textInfo": "TransactionDetailsOptional",
      "anchorId": "transactionDetails",
      "confAnchorId": "ConfirmationtransactionDetails",
      "activated": false
    },
    {
      "variant": "inactive",
      "number": 5,
      "textInfo": "AdditionalDetailsOptional",
      "anchorId": "additionalDetails",
      "confAnchorId": "ConfirmationadditionalDetails",
      "activated": false
    }
  ]
}
