{
  "favoriteDetail": {
    "lock": {
      "show": false,
      "disabled": false,
      "active": false
    },
    "items": [
      {
        "label": "FavoriteName",
        "value": "Sparepart"
      },
      {
        "label": "PaymentType",
        "value": "Foreign Currency Transfer"
      },
      {
        "label": "ShareFavoriteWith",
        "value": "User Group"
      },
      {
        "label": "CreatedBy",
        "value": "Christin Oen",
        "noteLabel": "christinoen90",
        "noteValue": ""
      },
      {
        "label": "CreatedDate",
        "value": "24 Jun 2022"
      }
    ]
  },
  "fromAccount": {
    "lock": {
      "show": false,
      "disabled": false,
      "active": false
    },
    "items": [
      {
        "label": "Account",
        "value": "PT Toyota Motor Manufacturing Indonesia | 0080-1439-5901 | IDR",
        "lock": true,
        "lockDisabled": false
      }
    ]
  },
  "beneficiaryDetails": {
    "lock": {
      "show": true,
      "disabled": false,
      "active": false
    },
    "items": [
      {
        "label": "BankName",
        "value": "Bank of America"
      },
      {
        "label": "BankCode",
        "value": "BOFAUS3NXXX"
      },
      {
        "label": "BankAddress",
        "value": "Los Angeles"
      },
      {
        "label": "BankCountry",
        "value": "United States"
      },
      {
        "label": "BeneficiaryAccountNumber",
        "value": "8014-3959-01"
      },
      {
        "label": "BeneficiaryAccountName",
        "value": "Sammy Gunawan"
      },
      {
        "label": "BeneficiaryAddress1",
        "value": "3457 Wilshire Blvd"
      },
      {
        "label": "BeneficiaryAddress2",
        "value": "Los Angeles"
      },
      {
        "label": "BeneficiaryCitizenship",
        "value": "Resident - Citizen"
      },
      {
        "label": "BeneficiaryCategory",
        "value": "Individual"
      }
    ]
  },
  "transactionDetails": {
    "lock": {
      "show": false,
      "disabled": false,
      "active": false
    },
    "items": [
      {
        "label": "Amount",
        "value": "USD 5,000.00",
        "lock": true,
        "lockDisabled": false
      },
      {
        "label": "TransferType",
        "value": "Telegraphic Transfer",
        "lock": true,
        "lockDisabled": false
      },
      {
        "label": "ChargeInstruction",
        "value": "FAG - Full Amount Guarantee",
        "lock": true,
        "lockDisabled": false
      },
      {
        "label": "RemitterBeneficiaryRelationship",
        "value": "Affiliated",
        "lock": true,
        "lockDisabled": false
      },
      {
        "label": "IsRemitterSameAsBeneficiary",
        "value": "Yes",
        "lock": true,
        "lockDisabled": false
      }
    ]
  },
  "additionalDetails": {
    "lock": {
      "show": false,
      "disabled": true,
      "active": false
    },
    "items": [
      {
        "label": "RecipientEmail",
        "value": "-",
        "lock": true,
        "lockDisabled": true
      },
      {
        "label": "RecipientWhatsAppNumber1",
        "value": "-",
        "lock": true,
        "lockDisabled": true
      }
    ]
  }
}