{
  "favoriteDetail": {
    "lock": {
      "show": false,
      "disabled": false,
      "active": false
    },
    "items": [
      {
        "label": "FavoriteName",
        "value": "PLN Office"
      },
      {
        "label": "PaymentType",
        "value": "Topup"
      },
      {
        "label": "ShareFavoriteWith",
        "value": "User Group"
      },
      {
        "label": "CreatedBy",
        "value": "Reza Octavia",
        "noteLabel": "rezaocta",
        "noteValue": ""
      },
      {
        "label": "CreatedDate",
        "value": "24 Jun 2022"
      }
    ]
  },
  "fromAccount": {
    "lock": {
      "show": false,
      "disabled": false,
      "active": false
    },
    "items": [
      {
        "label": "Account",
        "value": "-",
        "lock": true,
        "lockDisabled": true
      }
    ]
  },
  "payeeDetails": {
    "lock": {
      "show": true,
      "disabled": false,
      "active": false
    },
    "items": [
      {
        "label": "Category",
        "value": "Prepaid PLN",
        "lock": false,
        "lockDisabled": false,
        "lockActive": false,
        "disabled": false
      },
      {
        "label": "PLNCustomerID",
        "value": "5455-0116-9998",
        "lock": false,
        "lockDisabled": false,
        "lockActive": false,
        "disabled": false
      },
      {
        "label": "CustomerName",
        "value": "Budi Setiawan",
        "lock": false,
        "lockDisabled": false,
        "lockActive": false,
        "disabled": false
      },
      {
        "label": "MeterNumber",
        "value": "60010652158",
        "lock": false,
        "lockDisabled": false,
        "lockActive": false,
        "disabled": false
      },
      {
        "label": "TarifDaya",
        "value": "R1/2200",
        "lock": false,
        "lockDisabled": false,
        "lockActive": false,
        "disabled": false
      },
      {
        "label": "TokenAvail1",
        "value": "-",
        "lock": false,
        "lockDisabled": false,
        "lockActive": false,
        "disabled": false
      },
      {
        "label": "TokenAvail2",
        "value": "-",
        "lock": false,
        "lockDisabled": false,
        "lockActive": false,
        "disabled": false
      }
    ]
  },
  "transactionDetails": {
    "lock": {
      "show": false,
      "disabled": false,
      "active": false
    },
    "items": [
      {
        "label": "MobileDataPackage",
        "value": "-",
        "lock": true,
        "lockDisabled": true,
        "lockActive": false,
        "disabled": false
      }
    ]
  },
  "additionalDetails": {
    "lock": {
      "show": false,
      "disabled": false,
      "active": false
    },
    "items": [
      {
        "label": "RecipientEmail",
        "value": "-",
        "lock": true,
        "lockDisabled": true
      },
      {
        "label": "RecipientWhatsAppNumber1",
        "value": "-",
        "lock": true,
        "lockDisabled": true
      }
    ]
  }
}
