{
  "favoriteDetail": {
    "lock": {
      "show": false,
      "disabled": false,
      "active": false
    },
    "items": [
      {
        "label": "FavoriteName",
        "value": "Operational Q4"
      },
      {
        "label": "PaymentType",
        "value": "Local Currency Transfer"
      },
      {
        "label": "ShareFavoriteWith",
        "value": "User Group"
      },
      {
        "label": "CreatedBy",
        "value": "Christin Oen",
        "noteLabel": "christinoen90",
        "noteValue": ""
      },
      {
        "label": "CreatedDate",
        "value": "24 Jun 2022"
      }
    ]
  },
  "fromAccount": {
    "lock": {
      "show": false,
      "disabled": false,
      "active": false
    },
    "items": [
      {
        "label": "Account",
        "value": "PT Toyota Motor Manufacturing Indonesia | 0080-1439-5901 | IDR",
        "lock": true,
        "lockDisabled": false,
        "lockActive": false
      }
    ]
  },
  "beneficiaryDetails": {
    "lock": {
      "show": true,
      "disabled": false,
      "active": false
    },
    "items": [
      {
        "label": "BankName",
        "value": "Bank OCBC NISP"
      },
      {
        "label": "AccountNumber",
        "value": "9911-2132-11"
      },
      {
        "label": "AccountName",
        "value": "PT. Toyota Astra International"
      }
    ]
  },
  "transactionDetails": {
    "lock": {
      "show": false,
      "disabled": false,
      "active": false
    },
    "items": [
      {
        "label": "Amount",
        "value": "IDR 400,000,000.00",
        "lock": true,
        "lockDisabled": false,
        "lockActive": false,
        "disabled": false
      },
      {
        "label": "TransferType",
        "value": "LLG",
        "lock": true,
        "lockDisabled": false,
        "lockActive": false,
        "disabled": false
      },
      {
        "label": "ChargeTransactionFeeTo",
        "value": "Remitter",
        "lock": true,
        "lockDisabled": false,
        "lockActive": false,
        "disabled": false
      },
      {
        "label": "BeneficiaryCitizenship",
        "value": "Resident - Citizen",
        "lock": true,
        "lockDisabled": false,
        "lockActive": false,
        "disabled": false
      },
      {
        "label": "BeneficiaryCategory",
        "value": "Corporate",
        "lock": true,
        "lockDisabled": false,
        "lockActive": false,
        "disabled": false
      }
    ]
  },
  "additionalDetails": {
    "lock": {
      "show": false,
      "disabled": false,
      "active": false
    },
    "items": [
      {
        "label": "RecipientEmail",
        "value": "-",
        "lock": true,
        "lockDisabled": true
      },
      {
        "label": "RecipientWhatsAppNumber1",
        "value": "-",
        "lock": true,
        "lockDisabled": true
      }
    ]
  }
}