{
  "favoriteDetail": {
    "lock": {
      "show": false,
      "disabled": false,
      "active": false
    },
    "items": [
      {
        "label": "FavoriteName",
        "value": "VA Shopee"
      },
      {
        "label": "PaymentType",
        "value": "Bill Payment"
      },
      {
        "label": "ShareFavoriteWith",
        "value": "Only Me"
      },
      {
        "label": "CreatedBy",
        "value": "Christin Oen",
        "noteLabel": "christinoen90",
        "noteValue": ""
      },
      {
        "label": "CreatedDate",
        "value": "24 Jun 2022"
      }
    ]
  },
  "fromAccount": {
    "lock": {
      "show": false,
      "disabled": false,
      "active": false
    },
    "items": [
      {
        "label": "Account",
        "value": "-",
        "lock": true,
        "lockDisabled": true
      }
    ]
  },
  "payeeDetails": {
    "lock": {
      "show": true,
      "disabled": false,
      "active": false
    },
    "items": [
      {
        "label": "Category",
        "value": "Virtual Account",
        "disabled": true
      },
      {
        "label": "VirtualAccountNumber",
        "value": "7040-8778-4908-203",
        "disabled": true
      },
      {
        "label": "VirtualAccount",
        "value": "Shopee - A*********D",
        "disabled": true
      }
    ]
  },
  "additionalDetails": {
    "lock": {
      "show": false,
      "disabled": false,
      "active": false
    },
    "items": [
      {
        "label": "RecipientEmail",
        "value": "-",
        "lock": true,
        "lockDisabled": true
      },
      {
        "label": "RecipientWhatsAppNumber1",
        "value": "-",
        "lock": true,
        "lockDisabled": true
      }
    ]
  }
}
