{
  "favoriteDetail": {
    "lock": {
      "show": false,
      "disabled": false,
      "active": false
    },
    "items": [
      {
        "label": "FavoriteName",
        "value": "CC BCA"
      },
      {
        "label": "PaymentType",
        "value": "Bill Payment"
      },
      {
        "label": "ShareFavoriteWith",
        "value": "Only Me"
      },
      {
        "label": "CreatedBy",
        "value": "Christin Oen",
        "noteLabel": "christinoen90",
        "noteValue": ""
      },
      {
        "label": "CreatedDate",
        "value": "24 Jun 2022"
      }
    ]
  },
  "fromAccount": {
    "lock": {
      "show": false,
      "disabled": false,
      "active": false
    },
    "items": [
      {
        "label": "Account",
        "value": "-",
        "lock": true,
        "lockDisabled": true
      }
    ]
  },
  "payeeDetails": {
    "lock": {
      "show": true,
      "disabled": false,
      "active": false
    },
    "items": [
      {
        "label": "Category",
        "value": "Credit Card",
        "disabled": false
      },
      {
        "label": "CreditCard",
        "value": "Other Credit Card",
        "disabled": false
      },
      {
        "label": "CreditCardNumber",
        "value": "0041-2321-4123-2222",
        "disabled": false
      }
    ]
  },
  "additionalDetails": {
    "lock": {
      "show": false,
      "disabled": false,
      "active": false
    },
    "items": [
      {
        "label": "RecipientEmail",
        "value": "-",
        "lock": true,
        "lockDisabled": true
      },
      {
        "label": "RecipientWhatsAppNumber1",
        "value": "-",
        "lock": true,
        "lockDisabled": true
      }
    ]
  }
}
