[
  {
    "id": "1",
    "favoriteLocked": true,
    "favoriteTitle": "Annual Service",
    "favoriteAccountName": "PT Toyota Astra International",
    "favoriteAccountNumber": "9911-2132-11 ",
    "favoriteBank": "Bank Central Asia",
    "favoriteLink": "/bill-payment",
    "favoriteDetails": [
      {
        "id": "1",
        "isLocked": false,
        "title": "FromAccount",
        "decription": "PT Toyota Motor Manufacturing Indonesia",
        "valueAmount": "",
        "valueCurrency": "",
        "noteValue": "0080-1439-5901",
        "noteCurrency": "IDR"
      },
      {
        "id": "2",
        "isLocked": false,
        "title": "Amount",
        "decription": "",
        "valueAmount": "400000000",
        "valueCurrency": "IDR",
        "noteValue": "",
        "noteCurrency": ""
      },
      {
        "id": "3",
        "isLocked": true,
        "title": "PaymentMethod",
        "decription": "LLG",
        "valueAmount": "",
        "valueCurrency": "",
        "noteValue": "",
        "noteCurrency": ""
      },
      {
        "id": "4",
        "isLocked": false,
        "title": "ChargeTransactionFeeTo",
        "decription": "Remitter",
        "valueAmount": "",
        "valueCurrency": "",
        "noteValue": "",
        "noteCurrency": ""
      },
      {
        "id": "5",
        "isLocked": false,
        "title": "BeneficiaryCitizenship",
        "decription": "Resident - Citizen",
        "valueAmount": "",
        "valueCurrency": "",
        "noteValue": "",
        "noteCurrency": ""
      },
      {
        "id": "6",
        "isLocked": true,
        "title": "BeneficiaryCategory",
        "decription": "Corporate",
        "valueAmount": "",
        "valueCurrency": "",
        "noteValue": "",
        "noteCurrency": ""
      }
    ]
  },
  {
    "id": "2",
    "favoriteLocked": true,
    "favoriteTitle": "Annual Service 2",
    "favoriteAccountName": "PT Toyota Astra International",
    "favoriteAccountNumber": "9911-2132-11 ",
    "favoriteBank": "Bank Central Asia",
    "favoriteLink": "/bill-payment",
    "favoriteDetails": [
      {
        "id": "1",
        "isLocked": false,
        "title": "FromAccount",
        "decription": "PT Toyota Motor Manufacturing Indonesia",
        "valueAmount": "",
        "valueCurrency": "",
        "noteValue": "0080-1439-5901",
        "noteCurrency": "IDR"
      },
      {
        "id": "2",
        "isLocked": false,
        "title": "Amount",
        "decription": "",
        "valueAmount": "400000000",
        "valueCurrency": "IDR",
        "noteValue": "",
        "noteCurrency": ""
      },
      {
        "id": "3",
        "isLocked": true,
        "title": "PaymentMethod",
        "decription": "LLG",
        "valueAmount": "",
        "valueCurrency": "",
        "noteValue": "",
        "noteCurrency": ""
      },
      {
        "id": "4",
        "isLocked": false,
        "title": "ChargeTransactionFeeTo",
        "decription": "Remitter",
        "valueAmount": "",
        "valueCurrency": "",
        "noteValue": "",
        "noteCurrency": ""
      },
      {
        "id": "5",
        "isLocked": false,
        "title": "BeneficiaryCitizenship",
        "decription": "Resident - Citizen",
        "valueAmount": "",
        "valueCurrency": "",
        "noteValue": "",
        "noteCurrency": ""
      },
      {
        "id": "6",
        "isLocked": true,
        "title": "BeneficiaryCategory",
        "decription": "Corporate",
        "valueAmount": "",
        "valueCurrency": "",
        "noteValue": "",
        "noteCurrency": ""
      }
    ]
  },
  {
    "id": "3",
    "favoriteLocked": false,
    "favoriteTitle": "Astra Monthly Payment",
    "favoriteAccountName": "Astra International II",
    "favoriteAccountNumber": "9911-2132-11 ",
    "favoriteBank": "Bank OCBC NISP",
    "favoriteLink": "/bill-payment",
    "favoriteDetails": [
      {
        "id": "1",
        "isLocked": false,
        "title": "FromAccount",
        "decription": "PT International TBK ",
        "valueAmount": "",
        "valueCurrency": "",
        "noteValue": "0080-1439-5901",
        "noteCurrency": "IDR"
      },
      {
        "id": "2",
        "isLocked": false,
        "title": "Amount",
        "decription": "",
        "valueAmount": "20000000",
        "valueCurrency": "IDR",
        "noteValue": "",
        "noteCurrency": ""
      },
      {
        "id": "3",
        "isLocked": false,
        "title": "PaymentMethod",
        "decription": "Online",
        "valueAmount": "",
        "valueCurrency": "",
        "noteValue": "",
        "noteCurrency": ""
      },
      {
        "id": "4",
        "isLocked": false,
        "title": "ChargeTransactionFeeTo",
        "decription": "Remitter",
        "valueAmount": "",
        "valueCurrency": "",
        "noteValue": "",
        "noteCurrency": ""
      },
      {
        "id": "5",
        "isLocked": false,
        "title": "BeneficiaryCitizenship",
        "decription": "",
        "valueAmount": "",
        "valueCurrency": "",
        "noteValue": "",
        "noteCurrency": ""
      },
      {
        "id": "6",
        "isLocked": true,
        "title": "BeneficiaryCategory",
        "decription": "",
        "valueAmount": "",
        "valueCurrency": "",
        "noteValue": "",
        "noteCurrency": ""
      }
    ]
  },
  {
    "id": "3",
    "favoriteLocked": false,
    "favoriteTitle": "Astra Monthly Payment I",
    "favoriteAccountName": "Astra International II",
    "favoriteAccountNumber": "9911-2132-11 ",
    "favoriteBank": "Bank OCBC NISP",
    "favoriteLink": "/bill-payment",
    "favoriteDetails": [
      {
        "id": "1",
        "isLocked": false,
        "title": "FromAccount",
        "decription": "PT International TBK ",
        "valueAmount": "",
        "valueCurrency": "",
        "noteValue": "0080-1439-5901",
        "noteCurrency": "IDR"
      },
      {
        "id": "2",
        "isLocked": false,
        "title": "Amount",
        "decription": "",
        "valueAmount": "20000000",
        "valueCurrency": "IDR",
        "noteValue": "",
        "noteCurrency": ""
      },
      {
        "id": "3",
        "isLocked": false,
        "title": "PaymentMethod",
        "decription": "Online",
        "valueAmount": "",
        "valueCurrency": "",
        "noteValue": "",
        "noteCurrency": ""
      },
      {
        "id": "4",
        "isLocked": false,
        "title": "ChargeTransactionFeeTo",
        "decription": "Remitter",
        "valueAmount": "",
        "valueCurrency": "",
        "noteValue": "",
        "noteCurrency": ""
      },
      {
        "id": "5",
        "isLocked": false,
        "title": "BeneficiaryCitizenship",
        "decription": "",
        "valueAmount": "",
        "valueCurrency": "",
        "noteValue": "",
        "noteCurrency": ""
      },
      {
        "id": "6",
        "isLocked": true,
        "title": "BeneficiaryCategory",
        "decription": "",
        "valueAmount": "",
        "valueCurrency": "",
        "noteValue": "",
        "noteCurrency": ""
      }
    ]
  },
  {
    "id": "3",
    "favoriteLocked": false,
    "favoriteTitle": "Astra Monthly Payment II",
    "favoriteAccountName": "Astra International II",
    "favoriteAccountNumber": "9911-2132-11 ",
    "favoriteBank": "Bank OCBC NISP",
    "favoriteLink": "/bill-payment",
    "favoriteDetails": [
      {
        "id": "1",
        "isLocked": false,
        "title": "FromAccount",
        "decription": "PT International TBK ",
        "valueAmount": "",
        "valueCurrency": "",
        "noteValue": "0080-1439-5901",
        "noteCurrency": "IDR"
      },
      {
        "id": "2",
        "isLocked": false,
        "title": "Amount",
        "decription": "",
        "valueAmount": "20000000",
        "valueCurrency": "IDR",
        "noteValue": "",
        "noteCurrency": ""
      },
      {
        "id": "3",
        "isLocked": false,
        "title": "PaymentMethod",
        "decription": "Online",
        "valueAmount": "",
        "valueCurrency": "",
        "noteValue": "",
        "noteCurrency": ""
      },
      {
        "id": "4",
        "isLocked": false,
        "title": "ChargeTransactionFeeTo",
        "decription": "Remitter",
        "valueAmount": "",
        "valueCurrency": "",
        "noteValue": "",
        "noteCurrency": ""
      },
      {
        "id": "5",
        "isLocked": false,
        "title": "BeneficiaryCitizenship",
        "decription": "",
        "valueAmount": "",
        "valueCurrency": "",
        "noteValue": "",
        "noteCurrency": ""
      },
      {
        "id": "6",
        "isLocked": true,
        "title": "BeneficiaryCategory",
        "decription": "",
        "valueAmount": "",
        "valueCurrency": "",
        "noteValue": "",
        "noteCurrency": ""
      }
    ]
  },
  {
    "id": "3",
    "favoriteLocked": false,
    "favoriteTitle": "BCA Payment",
    "favoriteAccountName": "PT. Toyota Astra International",
    "favoriteAccountNumber": "9911-2132-11 ",
    "favoriteBank": "Bank OCBC NISP",
    "favoriteLink": "/bill-payment",
    "favoriteDetails": [
      {
        "id": "1",
        "isLocked": false,
        "title": "FromAccount",
        "decription": "",
        "valueAmount": "",
        "valueCurrency": "",
        "noteValue": "",
        "noteCurrency": ""
      },
      {
        "id": "2",
        "isLocked": false,
        "title": "Amount",
        "decription": "",
        "valueAmount": "",
        "valueCurrency": "",
        "noteValue": "",
        "noteCurrency": ""
      },
      {
        "id": "3",
        "isLocked": false,
        "title": "PaymentMethod",
        "decription": "",
        "valueAmount": "",
        "valueCurrency": "",
        "noteValue": "",
        "noteCurrency": ""
      },
      {
        "id": "4",
        "isLocked": false,
        "title": "ChargeTransactionFeeTo",
        "decription": "",
        "valueAmount": "",
        "valueCurrency": "",
        "noteValue": "",
        "noteCurrency": ""
      },
      {
        "id": "5",
        "isLocked": false,
        "title": "BeneficiaryCitizenship",
        "decription": "",
        "valueAmount": "",
        "valueCurrency": "",
        "noteValue": "",
        "noteCurrency": ""
      },
      {
        "id": "6",
        "isLocked": true,
        "title": "BeneficiaryCategory",
        "decription": "",
        "valueAmount": "",
        "valueCurrency": "",
        "noteValue": "",
        "noteCurrency": ""
      }
    ]
  },
  {
    "id": "3",
    "favoriteLocked": false,
    "favoriteTitle": "BCA Payment January",
    "favoriteAccountName": "PT. Toyota Astra International",
    "favoriteAccountNumber": "9911-2132-11 ",
    "favoriteBank": "Bank OCBC NISP",
    "favoriteLink": "/bill-payment",
    "favoriteDetails": [
      {
        "id": "1",
        "isLocked": false,
        "title": "FromAccount",
        "decription": "",
        "valueAmount": "",
        "valueCurrency": "",
        "noteValue": "",
        "noteCurrency": ""
      },
      {
        "id": "2",
        "isLocked": false,
        "title": "Amount",
        "decription": "",
        "valueAmount": "",
        "valueCurrency": "",
        "noteValue": "",
        "noteCurrency": ""
      },
      {
        "id": "3",
        "isLocked": false,
        "title": "PaymentMethod",
        "decription": "",
        "valueAmount": "",
        "valueCurrency": "",
        "noteValue": "",
        "noteCurrency": ""
      },
      {
        "id": "4",
        "isLocked": false,
        "title": "ChargeTransactionFeeTo",
        "decription": "",
        "valueAmount": "",
        "valueCurrency": "",
        "noteValue": "",
        "noteCurrency": ""
      },
      {
        "id": "5",
        "isLocked": false,
        "title": "BeneficiaryCitizenship",
        "decription": "",
        "valueAmount": "",
        "valueCurrency": "",
        "noteValue": "",
        "noteCurrency": ""
      },
      {
        "id": "6",
        "isLocked": true,
        "title": "BeneficiaryCategory",
        "decription": "",
        "valueAmount": "",
        "valueCurrency": "",
        "noteValue": "",
        "noteCurrency": ""
      }
    ]
  },
  {
    "id": "3",
    "favoriteLocked": false,
    "favoriteTitle": "BCA Payment February",
    "favoriteAccountName": "PT. Toyota Astra International",
    "favoriteAccountNumber": "9911-2132-11 ",
    "favoriteBank": "Bank OCBC NISP",
    "favoriteLink": "/bill-payment",
    "favoriteDetails": [
      {
        "id": "1",
        "isLocked": false,
        "title": "FromAccount",
        "decription": "",
        "valueAmount": "",
        "valueCurrency": "",
        "noteValue": "",
        "noteCurrency": ""
      },
      {
        "id": "2",
        "isLocked": false,
        "title": "Amount",
        "decription": "",
        "valueAmount": "",
        "valueCurrency": "",
        "noteValue": "",
        "noteCurrency": ""
      },
      {
        "id": "3",
        "isLocked": false,
        "title": "PaymentMethod",
        "decription": "",
        "valueAmount": "",
        "valueCurrency": "",
        "noteValue": "",
        "noteCurrency": ""
      },
      {
        "id": "4",
        "isLocked": false,
        "title": "ChargeTransactionFeeTo",
        "decription": "",
        "valueAmount": "",
        "valueCurrency": "",
        "noteValue": "",
        "noteCurrency": ""
      },
      {
        "id": "5",
        "isLocked": false,
        "title": "BeneficiaryCitizenship",
        "decription": "",
        "valueAmount": "",
        "valueCurrency": "",
        "noteValue": "",
        "noteCurrency": ""
      },
      {
        "id": "6",
        "isLocked": true,
        "title": "BeneficiaryCategory",
        "decription": "",
        "valueAmount": "",
        "valueCurrency": "",
        "noteValue": "",
        "noteCurrency": ""
      }
    ]
  },
  {
    "id": "4",
    "favoriteLocked": false,
    "favoriteTitle": "Operational Q4",
    "favoriteAccountName": "PT. Toyota Astra International",
    "favoriteAccountNumber": "9911-2132-11 ",
    "favoriteBank": "Bank OCBC NISP",
    "favoriteLink": "/bill-payment",
    "favoriteDetails": [
      {
        "id": "1",
        "isLocked": false,
        "title": "FromAccount",
        "decription": "PT International TBK ",
        "valueAmount": "",
        "valueCurrency": "",
        "noteValue": "0080-1439-5901",
        "noteCurrency": "IDR"
      },
      {
        "id": "2",
        "isLocked": false,
        "title": "Amount",
        "decription": "",
        "valueAmount": "40000000",
        "valueCurrency": "IDR",
        "noteValue": "",
        "noteCurrency": ""
      },
      {
        "id": "3",
        "isLocked": true,
        "title": "PaymentMethod",
        "decription": "LLG",
        "valueAmount": "",
        "valueCurrency": "",
        "noteValue": "",
        "noteCurrency": ""
      },
      {
        "id": "4",
        "isLocked": false,
        "title": "ChargeTransactionFeeTo",
        "decription": "Remitter",
        "valueAmount": "",
        "valueCurrency": "",
        "noteValue": "",
        "noteCurrency": ""
      },
      {
        "id": "5",
        "isLocked": false,
        "title": "BeneficiaryCitizenship",
        "decription": "Resident - Citizen",
        "valueAmount": "",
        "valueCurrency": "",
        "noteValue": "",
        "noteCurrency": ""
      },
      {
        "id": "6",
        "isLocked": true,
        "title": "BeneficiaryCategory",
        "decription": "Corporate",
        "valueAmount": "",
        "valueCurrency": "",
        "noteValue": "",
        "noteCurrency": ""
      }
    ]
  },
  {
    "id": "4",
    "favoriteLocked": false,
    "favoriteTitle": "Operational Q4 2020",
    "favoriteAccountName": "PT. Toyota Astra International",
    "favoriteAccountNumber": "9911-2132-11 ",
    "favoriteBank": "Bank OCBC NISP",
    "favoriteLink": "/bill-payment",
    "favoriteDetails": [
      {
        "id": "1",
        "isLocked": false,
        "title": "FromAccount",
        "decription": "PT International TBK ",
        "valueAmount": "",
        "valueCurrency": "",
        "noteValue": "0080-1439-5901",
        "noteCurrency": "IDR"
      },
      {
        "id": "2",
        "isLocked": false,
        "title": "Amount",
        "decription": "",
        "valueAmount": "40000000",
        "valueCurrency": "IDR",
        "noteValue": "",
        "noteCurrency": ""
      },
      {
        "id": "3",
        "isLocked": true,
        "title": "PaymentMethod",
        "decription": "LLG",
        "valueAmount": "",
        "valueCurrency": "",
        "noteValue": "",
        "noteCurrency": ""
      },
      {
        "id": "4",
        "isLocked": false,
        "title": "ChargeTransactionFeeTo",
        "decription": "Remitter",
        "valueAmount": "",
        "valueCurrency": "",
        "noteValue": "",
        "noteCurrency": ""
      },
      {
        "id": "5",
        "isLocked": false,
        "title": "BeneficiaryCitizenship",
        "decription": "Resident - Citizen",
        "valueAmount": "",
        "valueCurrency": "",
        "noteValue": "",
        "noteCurrency": ""
      },
      {
        "id": "6",
        "isLocked": true,
        "title": "BeneficiaryCategory",
        "decription": "Corporate",
        "valueAmount": "",
        "valueCurrency": "",
        "noteValue": "",
        "noteCurrency": ""
      }
    ]
  },
  {
    "id": "4",
    "favoriteLocked": false,
    "favoriteTitle": "Operational Q4 2021",
    "favoriteAccountName": "PT. Toyota Astra International",
    "favoriteAccountNumber": "9911-2132-11 ",
    "favoriteBank": "Bank OCBC NISP",
    "favoriteLink": "/bill-payment",
    "favoriteDetails": [
      {
        "id": "1",
        "isLocked": false,
        "title": "FromAccount",
        "decription": "PT International TBK ",
        "valueAmount": "",
        "valueCurrency": "",
        "noteValue": "0080-1439-5901",
        "noteCurrency": "IDR"
      },
      {
        "id": "2",
        "isLocked": false,
        "title": "Amount",
        "decription": "",
        "valueAmount": "40000000",
        "valueCurrency": "IDR",
        "noteValue": "",
        "noteCurrency": ""
      },
      {
        "id": "3",
        "isLocked": true,
        "title": "PaymentMethod",
        "decription": "LLG",
        "valueAmount": "",
        "valueCurrency": "",
        "noteValue": "",
        "noteCurrency": ""
      },
      {
        "id": "4",
        "isLocked": false,
        "title": "ChargeTransactionFeeTo",
        "decription": "Remitter",
        "valueAmount": "",
        "valueCurrency": "",
        "noteValue": "",
        "noteCurrency": ""
      },
      {
        "id": "5",
        "isLocked": false,
        "title": "BeneficiaryCitizenship",
        "decription": "Resident - Citizen",
        "valueAmount": "",
        "valueCurrency": "",
        "noteValue": "",
        "noteCurrency": ""
      },
      {
        "id": "6",
        "isLocked": true,
        "title": "BeneficiaryCategory",
        "decription": "Corporate",
        "valueAmount": "",
        "valueCurrency": "",
        "noteValue": "",
        "noteCurrency": ""
      }
    ]
  },
  {
    "id": "5",
    "favoriteLocked": false,
    "favoriteTitle": "Sparepart",
    "favoriteAccountName": "PT. Toyota Astra International",
    "favoriteAccountNumber": "9911-2132-11 ",
    "favoriteBank": "Bank OCBC NISP",
    "favoriteLink": "/bill-payment",
    "favoriteDetails": [
      {
        "id": "1",
        "isLocked": false,
        "title": "FromAccount",
        "decription": "PT International TBK ",
        "valueAmount": "",
        "valueCurrency": "",
        "noteValue": "0080-1439-5901",
        "noteCurrency": "IDR"
      },
      {
        "id": "2",
        "isLocked": false,
        "title": "Amount",
        "decription": "",
        "valueAmount": "40000000",
        "valueCurrency": "IDR",
        "noteValue": "",
        "noteCurrency": ""
      },
      {
        "id": "3",
        "isLocked": false,
        "title": "PaymentMethod",
        "decription": "Overbooking",
        "valueAmount": "",
        "valueCurrency": "",
        "noteValue": "",
        "noteCurrency": ""
      },
      {
        "id": "4",
        "isLocked": false,
        "title": "ChargeTransactionFeeTo",
        "decription": "Remitter",
        "valueAmount": "",
        "valueCurrency": "",
        "noteValue": "",
        "noteCurrency": ""
      },
      {
        "id": "5",
        "isLocked": false,
        "title": "BeneficiaryCitizenship",
        "decription": "",
        "valueAmount": "",
        "valueCurrency": "",
        "noteValue": "",
        "noteCurrency": ""
      },
      {
        "id": "6",
        "isLocked": true,
        "title": "BeneficiaryCategory",
        "decription": "",
        "valueAmount": "",
        "valueCurrency": "",
        "noteValue": "",
        "noteCurrency": ""
      }
    ]
  },
  {
    "id": "5",
    "favoriteLocked": false,
    "favoriteTitle": "Sparepart 1",
    "favoriteAccountName": "PT. Toyota Astra International",
    "favoriteAccountNumber": "9911-2132-11 ",
    "favoriteBank": "Bank OCBC NISP",
    "favoriteLink": "/bill-payment",
    "favoriteDetails": [
      {
        "id": "1",
        "isLocked": false,
        "title": "FromAccount",
        "decription": "PT International TBK ",
        "valueAmount": "",
        "valueCurrency": "",
        "noteValue": "0080-1439-5901",
        "noteCurrency": "IDR"
      },
      {
        "id": "2",
        "isLocked": false,
        "title": "Amount",
        "decription": "",
        "valueAmount": "40000000",
        "valueCurrency": "IDR",
        "noteValue": "",
        "noteCurrency": ""
      },
      {
        "id": "3",
        "isLocked": false,
        "title": "PaymentMethod",
        "decription": "Overbooking",
        "valueAmount": "",
        "valueCurrency": "",
        "noteValue": "",
        "noteCurrency": ""
      },
      {
        "id": "4",
        "isLocked": false,
        "title": "ChargeTransactionFeeTo",
        "decription": "Remitter",
        "valueAmount": "",
        "valueCurrency": "",
        "noteValue": "",
        "noteCurrency": ""
      },
      {
        "id": "5",
        "isLocked": false,
        "title": "BeneficiaryCitizenship",
        "decription": "",
        "valueAmount": "",
        "valueCurrency": "",
        "noteValue": "",
        "noteCurrency": ""
      },
      {
        "id": "6",
        "isLocked": true,
        "title": "BeneficiaryCategory",
        "decription": "",
        "valueAmount": "",
        "valueCurrency": "",
        "noteValue": "",
        "noteCurrency": ""
      }
    ]
  },
  {
    "id": "5",
    "favoriteLocked": false,
    "favoriteTitle": "Sparepart 2",
    "favoriteAccountName": "PT. Toyota Astra International",
    "favoriteAccountNumber": "9911-2132-11 ",
    "favoriteBank": "Bank OCBC NISP",
    "favoriteLink": "/bill-payment",
    "favoriteDetails": [
      {
        "id": "1",
        "isLocked": false,
        "title": "FromAccount",
        "decription": "PT International TBK ",
        "valueAmount": "",
        "valueCurrency": "",
        "noteValue": "0080-1439-5901",
        "noteCurrency": "IDR"
      },
      {
        "id": "2",
        "isLocked": false,
        "title": "Amount",
        "decription": "",
        "valueAmount": "40000000",
        "valueCurrency": "IDR",
        "noteValue": "",
        "noteCurrency": ""
      },
      {
        "id": "3",
        "isLocked": false,
        "title": "PaymentMethod",
        "decription": "Overbooking",
        "valueAmount": "",
        "valueCurrency": "",
        "noteValue": "",
        "noteCurrency": ""
      },
      {
        "id": "4",
        "isLocked": false,
        "title": "ChargeTransactionFeeTo",
        "decription": "Remitter",
        "valueAmount": "",
        "valueCurrency": "",
        "noteValue": "",
        "noteCurrency": ""
      },
      {
        "id": "5",
        "isLocked": false,
        "title": "BeneficiaryCitizenship",
        "decription": "",
        "valueAmount": "",
        "valueCurrency": "",
        "noteValue": "",
        "noteCurrency": ""
      },
      {
        "id": "6",
        "isLocked": true,
        "title": "BeneficiaryCategory",
        "decription": "",
        "valueAmount": "",
        "valueCurrency": "",
        "noteValue": "",
        "noteCurrency": ""
      }
    ]
  }
]
