{
  "favoriteDetails":[
    {
      "label": "FavoriteName",
      "value": "Operational Q4"
    },
    {
      "label": "PaymentType",
      "value": "Local Currency Transfer"
    },
    {
      "label": "ShareFavoriteWith",
      "value": "User Group"
    },
    {
      "label": "CreatedBy",
      "value": "Christin Oen",
      "noteLabel": "chirstineoen90"
    },
    {
      "label": "CreatedDate",
      "value": "24 Jun 2022"
    },
    {
      "label": "RequestExpiryDate",
      "value": "08 Jul 2022"
    }
  ],
  "fromAcccount": [
    {
      "label": "Account",
      "value": "PT Toyota Motor Manufacturing Indonesia | 0080-1439-5901 | IDR",
      "isLocked": true,
      "isLockActive": false,
      "isLockDisable": true
    }
  ],
  "beneficiaryDetails": [
    {
      "label": "BankName",
      "value": "Bank OCBC NISP"
    },
    {
      "label": "AccountNumber",
      "value": "9911-2132-11"
    },
    {
      "label": "AccountName",
      "value": "PT. Toyota Astra Internasional"
    }
  ],
  "transactionDetails": [
    {
      "label": "Amount",
      "value": "IDR 400.000.000,00",
      "isLocked": true,
      "isLockActive": false,
      "isLockDisable": true
    },
    {
      "label": "TransferType",
      "value": "LLG",
      "isLocked": true,
      "isLockActive": true,
      "isLockDisable": true
    },
    {
      "label": "ChargeTransactionFeeTo",
      "value": "Remitter",
      "isLocked": true,
      "isLockActive": false,
      "isLockDisable": true
    },
    {
      "label": "BeneficiaryCitizenship",
      "value": "Resident - Citizen",
      "isLocked": true,
      "isLockActive": false,
      "isLockDisable": true
    },
    {
      "label": "BeneficiaryCategory",
      "value": "Corporate",
      "isLocked": true,
      "isLockActive": true,
      "isLockDisable": true
    }
  ],
  "additionalDetails": [
    {
      "label": "RecipientEmail",
      "value": "-",
      "isLocked": true,
      "isLockActive": false,
      "isLockDisable": true
    },
    {
      "label": "RecipientWhatsAppNumber1",
      "value": "-",
      "isLocked": true,
      "isLockActive": false,
      "isLockDisable": true
    }
  ]
}
