{
  "favoriteDetail": {
    "lock": {
      "show": false,
      "disabled": false,
      "active": false
    },
    "items": [
      {
        "label": "FavoriteName",
        "value": "Postpaid HP"
      },
      {
        "label": "PaymentType",
        "value": "Bill Payment"
      },
      {
        "label": "ShareFavoriteWith",
        "value": "Only Me"
      },
      {
        "label": "CreatedBy",
        "value": "Christin Oen",
        "noteLabel": "christinoen90",
        "noteValue": ""
      },
      {
        "label": "CreatedDate",
        "value": "24 Jun 2022"
      }
    ]
  },
  "fromAccount": {
    "lock": {
      "show": false,
      "disabled": false,
      "active": false
    },
    "items": [
      {
        "label": "Account",
        "value": "-",
        "lock": true,
        "lockDisabled": true
      }
    ]
  },
  "payeeDetails": {
    "lock": {
      "show": true,
      "disabled": false,
      "active": false
    },
    "items": [
      {
        "label": "Category",
        "value": "Postpaid Handphone",
        "disabled": true
      },
      {
        "label": "MobileNumber",
        "value": "0811-2234-334",
        "disabled": true
      },
      {
        "label": "Provider",
        "value": "Telkomsel",
        "disabled": true
      },
      {
        "label": "CustomerName",
        "value": "Christin Oen",
        "disabled": true
      }
    ]
  },
  "additionalDetails": {
    "lock": {
      "show": false,
      "disabled": false,
      "active": false
    },
    "items": [
      {
        "label": "RecipientEmail",
        "value": "-",
        "lock": true,
        "lockDisabled": true
      },
      {
        "label": "RecipientWhatsAppNumber1",
        "value": "-",
        "lock": true,
        "lockDisabled": true
      }
    ]
  }
}
