{
  "favoriteDetail": {
    "lock": {
      "show": false,
      "disabled": false,
      "active": false
    },
    "items": [
      {
        "label": "FavoriteName",
        "value": "Internet FM"
      },
      {
        "label": "PaymentType",
        "value": "Bill Payment"
      },
      {
        "label": "ShareFavoriteWith",
        "value": "Only Me"
      },
      {
        "label": "CreatedBy",
        "value": "Christin Oen",
        "noteLabel": "christinoen90",
        "noteValue": ""
      },
      {
        "label": "CreatedDate",
        "value": "24 Jun 2022"
      }
    ]
  },
  "fromAccount": {
    "lock": {
      "show": false,
      "disabled": false,
      "active": false
    },
    "items": [
      {
        "label": "Account",
        "value": "-",
        "lock": true,
        "lockDisabled": true
      }
    ]
  },
  "payeeDetails": {
    "lock": {
      "show": true,
      "disabled": false,
      "active": false
    },
    "items": [
      {
        "label": "Category",
        "value": "Internet",
        "disabled": true
      },
      {
        "label": "InternetServiceProvider",
        "value": "First Media",
        "disabled": true
      },
      {
        "label": "InternetSubscriptionID",
        "value": "1122-3344-1234",
        "disabled": true
      },
      {
        "label": "InternetSubscription",
        "value": "Christin Oen",
        "disabled": true
      }
    ]
  },
  "additionalDetails": {
    "lock": {
      "show": false,
      "disabled": false,
      "active": false
    },
    "items": [
      {
        "label": "RecipientEmail",
        "value": "-",
        "lock": true,
        "lockDisabled": true
      },
      {
        "label": "RecipientWhatsAppNumber1",
        "value": "-",
        "lock": true,
        "lockDisabled": true
      }
    ]
  }
}
