{
  "fromAcccount": [
    {
      "label": "Account",
      "value": "PT Toyota Motor Manufacturing Indonesia | 0023-1921-2344 | IDR"
    }
  ],
  "beneficiaryDetails": [
    {
      "label": "BankName",
      "value": "Bank of America"
    },
    {
      "label": "BankCode",
      "value": "BOFAUS3NXXX"
    },
    {
      "label": "BankAddress",
      "value": "Los Angeles"
    },
    {
      "label": "BankCountry",
      "value": "United States"
    },
    {
      "label": "CitizenCountry",
      "value": "United States"
    },
    {
      "label": "BeneficiaryAccountNumber",
      "value": "0012-2131-4123"
    },
    {
      "label": "BeneficiaryAccountName",
      "value": "Sammy Gunawan"
    },
    {
      "label": "BeneficiaryAddress",
      "value": "3457 Wilshire Blvd, Los Angeles, CA 90010."
    },
    {
      "label": "BeneficiaryCitizenship",
      "value": "Resident - Citizen"
    },
    {
      "label": "BeneficiaryCategory",
      "value": "Individual"
    }
  ],
  "transactionDetails": [
    {
      "label": "Amount",
      "value": "USD 5.000,00"
    },
    {
      "label": "TransferType",
      "value": "Telegraphic Transfer"
    },
    {
      "label": "Rate",
      "value": "Counter Rate | 1 USD = IDR 14,730.00",
      "noteLabel": "Indicative as of 24 Jun 2021 | 09:12:00."
    },
    {
      "label": "CableFee",
      "value": "USD 10.00",
      "noteLabel": "ApproximateTo",
      "noteValue": "IDR 143,659.00."
    },
    {
      "label": "FullAmountFee",
      "value": "USD 10.00",
      "noteLabel": "ApproximateTo",
      "noteValue": "IDR 143,659.00."
    },
    {
      "label": "TotalDebitAmount",
      "value": "USD 5,020.00",
      "noteLabel": "ApproximateTo",
      "noteValue": "IDR 72,271,040.00."
    },
    {
      "label": "ChargeInstruction",
      "value": "FAG - Full Amount Guarantee"
    },
    {
      "label": "TransactionDate",
      "value": "24 Jun 2021"
    },
    {
      "label": "RemitterBeneficiaryRelationship",
      "value": "Affiliated"
    },
    {
      "label": "IsRemitterSameAsBeneficiary",
      "value": "Yes"
    },
    {
      "label": "UnderlyingDocument",
      "value": "0022 INVOICE"
    },
    {
      "label": "PurposeOfTransaction",
      "value": "2012 - Other Service Transaction"
    },
    {
      "label": "ShortMessage",
      "value": "2012//4231141214225312(100000000)"
    },
    {
      "label": "TransactionReferenceNo",
      "value": "1231-2412-4141-2333"
    }
  ],
  "additionalDetails": [
    {
      "label": "DealNumber",
      "value": "1234-123"
    },
    {
      "label": "CustomerReferenceDetail",
      "value": "-"
    },
    {
      "label": "RecipientEmail",
      "value": "-"
    },
    {
      "label": "RecipientWhatsAppNumber1",
      "value": "+62 8123-4567-8"
    }
  ],
  "recurring": [
    {
      "label": "Frequency",
      "value": "Weekly"
    },
    {
      "label": "DaysInWeek",
      "value": "Monday"
    },
    {
      "label": "StartDate",
      "value": "28 Jun 2021"
    },
    {
      "label": "EndDate",
      "value": "28 Jul 2021"
    },
    {
      "label": "TransactionDateOnHoliday",
      "value": "Proceed the Working Day before"
    }
  ]
}