[
  {
    "title": "Disbursement Advice",
    "type": "disbursement",
    "transaction": {
      "transactionDate": "02 Aug 2021",
      "transactionNumber": "0000-0000-384",
      "transactionChannel": "",
      "transactionCustomerNumber": ""
    },
    "fromaccount": {
      "facilityNumber": "0085-5TL3-0008-09",
      "accountNumber": "8553-1010-0001-5831",
      "facility": "Term Loan"
    },
    "beneficiary": {
      "accountNumber": "6122-8208-8",
      "accountName": "PT DIAMETR INV",
      "bankName": "PermataBank"
    },
    "disbursement": {
      "amount": "4975778500",
      "gracePeriod": "15 Jan 2021",
      "installmentDate": "16 Oct 2014",
      "installmentAmount": "59235459",
      "rate": "9.75",
      "maturityDate": "20 Nov 2021",
      "currency": "IDR"
    },
    "description": "Disbursement"
  }
]
