[{
  "datas": [
    {
      "title": "Maker",
      "status": "Completed",
      "numberOfChecker": 0,
      "checkerType": "Maker",
      "action": "completed",
      "accordionOpen": true,
      "datas": [
        {
          "company": "Toyota Motor Finance 2",
          "name": "Irmawati",
          "status": "Completed",
          "contact": {
            "phone": "0812-3422-8912",
            "email": "tomygun@toyota.com"
          },
          "start": {
            "date": "24 Jun 2021",
            "time": "08:00:00"
          },
          "end": {
            "date": "24 Jun 2021",
            "time": "08:30:00"
          },
          "actualtat": {
            "day": "0 Day",
            "time": "0 H : 30 M"
          },
          "sla": {
            "day": "0 Day",
            "time": "0 H : 30 M"
          },
          "tat": "Pass"
        }
      ]
    },
    {
      "title": "Approval 1",
      "numberOfChecker": 1,
      "checkerType": "Approver",
      "status": "Waiting",
      "action": "running",
      "accordionOpen": false,
      "showGroupIcon": true,
      "datas": [
        {
          "company": "Toyota Motor 1 Karawang",
          "name": "Ferry Irawan",
          "status": "Waiting",
          "contact": null,
          "start": {
            "date": "24 Jun 2021",
            "time": "08:30:00"
          },
          "end": null,
          "actualtat": null,
          "sla": {
            "day": "0 Day",
            "time": "0 H : 30 M"
          },
          "tat": null
        }
      ]
    },
    {
      "title": "Approval 2",
      "numberOfChecker": 1,
      "checkerType": "Approver",
      "status": "Waiting",
      "action": "waiting",
      "accordionOpen": false,
      "datas": [
        {
          "company": "Toyota Motor Finance 2",
          "name": "Irmawati",
          "status": "Waiting",
          "contact": {
            "phone": "0812-3422-8922",
            "email": "irmawati@toyota.com"
          },
          "start": null,
          "end": null,
          "actualtat": null,
          "sla": {
            "day": "0 Day",
            "time": "0 H : 30 M"
          },
          "tat": null
        },
        {
          "company": "Toyota Motor Finance 2",
          "name": "Anton Hartanto",
          "status": "Waiting",
          "contact": {
            "phone": "0812-3422-8944",
            "email": "anton@toyota.com"
          },
          "start": null,
          "end": null,
          "actualtat": null,
          "sla": {
            "day": "0 Day",
            "time": "0 H : 30 M"
          },
          "tat": null
        },
        {
          "company": "Toyota Motor Finance 2",
          "name": "Richard",
          "status": "Waiting",
          "contact": {
            "phone": "0812-3422-8955",
            "email": "richard@toyota.com"
          },
          "start": null,
          "end": null,
          "actualtat": null,
          "sla": {
            "day": "0 Day",
            "time": "0 H : 30 M"
          },
          "tat": null
        }
      ]
    },
    {
      "title": "Releaser",
      "numberOfChecker": 1,
      "checkerType": "Releaser",
      "status": "Waiting",
      "action": "waiting",
      "accordionOpen": false,
      "datas": [
        {
          "company": "Toyota Motor Finance 2",
          "name": "Dessi Sulistiawati",
          "status": "Waiting",
          "contact": {
            "phone": "0812-3422-8922",
            "email": "dessiwirawati@toyota.com"
          },
          "start": null,
          "end": null,
          "actualtat": null,
          "sla": {
            "day": "0 Day",
            "time": "0 H : 30 M"
          },
          "tat": null
        },
        {
          "company": "Toyota Motor Finance 2",
          "name": "Kevin",
          "status": "Waiting",
          "contact": {
            "phone": "0812-3422-8944",
            "email": "kevin@toyota.com"
          },
          "start": null,
          "end": null,
          "actualtat": null,
          "sla": {
            "day": "0 Day",
            "time": "0 H : 30 M"
          },
          "tat": null
        },
        {
          "company": "Toyota Motor Finance 2",
          "name": "Gery",
          "status": "Waiting",
          "contact": {
            "phone": "0812-3422-8955",
            "email": "gery@toyota.com"
          },
          "start": null,
          "end": null,
          "actualTat": null,
          "sla": {
            "day": "0 Day",
            "time": "0 H : 30 M"
          },
          "tat": null
        }
      ]
    }
  ],
  "totalActualTat": {
    "day": "0 Day",
    "time": "0 H : 30 M"
  },
  "totalSla": {
    "day": "0 Day",
    "time": "2 H : 0 M"
  },
  "tat": "Pass"
}]
