[
  {
    "id": 1,
    "textDictionary": "Home",
    "linkTo": "/dashboard/home",
    "url_active_flag": "/dashboard/home"
  },
  {
    "id": 2,
    "textDictionary": "Todo",
    "linkTo": "/request/repair",
    "url_active_flag": "/request/"
  },
  {
    "id": 3,
    "textDictionary": "TransactionStatus",
    "linkTo": "/transaction-status/for-repair",
    "url_active_flag": "/transaction-status/"
  },
  {
    "id": 4,
    "textDictionary": "Accounts",
    "linkTo": "/accounts/casa",
    "url_active_flag": "/accounts/"
  },
  {
    "id": 5,
    "textDictionary": "Services",
    "linkTo": "/services",
    "url_active_flag": "/services"
  }
]