[
  {
    "id": 1,
    "value": "12 Diamonds",
    "icon": "",
    "text": "12 Diamonds",
    "subtext": "IDR 5,200.00"
  },
  {
    "id": 2,
    "value": "28 Diamonds",
    "icon": "",
    "text": "28 Diamonds",
    "subtext": "IDR 10,500.00"
  },
  {
    "id": 3,
    "value": "36 Diamonds",
    "icon": "",
    "text": "36 Diamonds",
    "subtext": "IDR 12,200.00"
  },
  {
    "id": 4,
    "value": "59 Diamonds",
    "icon": "",
    "text": "59 Diamonds",
    "subtext": "IDR 19,000.00"
  },
  {
    "id": 5,
    "value": "72 Diamonds",
    "icon": "",
    "text": "72 Diamonds",
    "subtext": "IDR 29,000.00"
  },
  {
    "id": 6,
    "value": "100 Diamonds",
    "icon": "",
    "text": "100 Diamonds",
    "subtext": "IDR 45,000.00"
  },
  {
    "id": 7,
    "value": "150 Diamonds",
    "icon": "",
    "text": "150 Diamonds",
    "subtext": "IDR 65,000.00"
  },
  {
    "id": 8,
    "value": "200 Diamonds",
    "icon": "",
    "text": "200 Diamonds",
    "subtext": "IDR 95,000.00"
  }
]
