[
  {
    "id": 1,
    "value": "HotRod 1.5GB",
    "icon": "",
    "text": "HotRod 1.5GB",
    "subtext": "IDR 16,500.00"
  },
  {
    "id": 2,
    "value": "HotRod 3GB",
    "icon": "",
    "text": "HotRod 3GB",
    "subtext": "IDR 60,000.00"
  },
  {
    "id": 3,
    "value": "HotRod 6GB",
    "icon": "",
    "text": "HotRod 6GB",
    "subtext": "IDR 100,000.00"
  },
  {
    "id": 4,
    "value": "HotRod 8GB",
    "icon": "",
    "text": "HotRod 8GB",
    "subtext": "IDR 130,000.00"
  },
  {
    "id": 5,
    "value": "Paket Data 1GB",
    "icon": "",
    "text": "Paket Data 1GB",
    "subtext": "IDR 100,000.00"
  },
  {
    "id": 6,
    "value": "Paket Data 2GB",
    "icon": "",
    "text": "Paket Data 2GB",
    "subtext": "IDR 200,000.00"
  },
  {
    "id": 7,
    "value": "Paket Data 3GB",
    "icon": "",
    "text": "Paket Data 3GB",
    "subtext": "IDR 300,000.00"
  },
  {
    "id": 8,
    "value": "Paket Data 4GB",
    "icon": "",
    "text": "Paket Data 4GB",
    "subtext": "IDR 400,000.00"
  },
  {
    "id": 9,
    "value": "Paket Data 5GB",
    "icon": "",
    "text": "Paket Data 5GB",
    "subtext": "IDR 500,000.00"
  },
  {
    "id": 10,
    "value": "Paket Data 6GB",
    "icon": "",
    "text": "Paket Data 6GB",
    "subtext": "IDR 600,000.00"
  }
]
