[
  {
    "title": "DebitAdvice",
    "type": "debit",
    "transaction": {
      "transactionDate": "25 Jun 2022",
      "transactionNumber": "1239-2913-0330-2222",
      "transactionChannel": "Permata e-Business",
      "transactionCustomerNumber": "INVOICEA001"
    },
    "beneficiary": {
      "accountNumber": "0012-5678-8080",
      "accountName": "PT Toyota Motor Manufacturing Indonesia",
      "accountBank": "PermataBank"
    },
    "account": {
      "accountNumber": "0012-5678-9090",
      "accountName": "PT Toyota Motor Manufacturing Indonesia",
      "accountBank": "PermataBank"
    },
    "payment": {
      "paymentAmount": 395568,
      "paymentType": "LLG",
      "currency": "IDR"
    },
    "description": "Debet TD Interest"
  },
  {
    "title": "DebitAdvice",
    "type": "debit",
    "transaction": {
      "transactionDate": "25 Jun 2022",
      "transactionNumber": "1239-2913-0330-2222",
      "transactionChannel": "Permata e-Business",
      "transactionCustomerNumber": "INVOICEA001"
    },
    "beneficiary": {
      "accountNumber": "0012-5678-8080",
      "accountName": "PT Toyota Motor Manufacturing Indonesia",
      "accountBank": "PermataBank"
    },
    "account": {
      "accountNumber": "0012-5678-9090",
      "accountName": "PT Toyota Motor Manufacturing Indonesia",
      "accountBank": "PermataBank"
    },
    "payment": {
      "paymentAmount": 300802720,
      "paymentType": "LLG",
      "currency": "IDR"
    },
    "description": "Debet TD Balance"
  },
  {
    "title": "CreditAdvice",
    "type": "credit",
    "transaction": {
      "transactionDate": "25 May 2022",
      "transactionNumber": "1239-2913-0120-1212",
      "transactionChannel": "ICS",
      "transactionCustomerNumber": "-"
    },
    "beneficiary": {
      "accountNumber": "1020-0020-4060-8",
      "accountName": "PT Toyota Motor Manufacturing Indonesia",
      "accountBank": "Bank Mandiri"
    },
    "account": {
      "accountNumber": "0012-5678-9090",
      "accountName": "PT Toyota Motor Manufacturing Indonesia",
      "accountBank": "PermataBank"
    },
    "payment": {
      "paymentAmount": 408208,
      "paymentType": "LLG",
      "currency": "IDR"
    },
    "description": "Bunga Deposito Rollover"
  }
]
