[
  {
    "title": "CreditAdvice",
    "type": "credit",
    "transaction": {
      "transactionDate": "24 Jun 2021",
      "transactionNumber": "1239-2913-0120",
      "transactionChannel": "ICS",
      "transactionCustomerNumber": ""
    },
    "beneficiary": {
      "accountNumber": "0080-1439-5901",
      "accountName": "PT Toyota Motor Manufacturing Indonesia",
      "accountBank": "PermataBank"
    },
    "account": {
      "accountNumber": "2120-1439-3939",
      "accountName": "PT Toyota Motor Manufacturing Indonesia",
      "accountBank": "Citibank"
    },
    "payment": {
      "paymentAmount": 1415000,
      "paymentType": "LLG",
      "currency": "IDR"
    },
    "description": "Transfer dari Rekening PT Toyota Motor Manufacturing Indonesia Citibank ATM Prima (BANK PERMATA TBK) 18:33:24"
  },
  {
    "title": "DebitAdvice",
    "type": "debit",
    "transaction": {
      "transactionDate": "23 Jun 2021",
      "transactionNumber": "1239-2913-0120-1222",
      "transactionChannel": "Permata e-Business",
      "transactionCustomerNumber": "INVOICEA001"
    },
    "beneficiary": {
      "accountNumber": "2120-1439-3939",
      "accountName": "PT Toyota Motor Manufacturing Indonesia",
      "accountBank": "Citibank"
    },
    "account": {
      "accountNumber": "0080-1439-5901",
      "accountName": "PT Toyota Motor Manufacturing Indonesia",
      "accountBank": "PermataBank"
    },
    "payment": {
      "paymentAmount": 1415000,
      "paymentType": "LLG",
      "currency": "IDR"
    },
    "description": "Payroll Payment Confirmation June 2021 with reference number #123488881929 "
  },
  {
    "title": "CreditAdvice",
    "type": "credit",
    "transaction": {
      "transactionDate": "22 Jun 2021",
      "transactionNumber": "1239-2913-0120-1212",
      "transactionChannel": "ICS",
      "transactionCustomerNumber": ""
    },
    "beneficiary": {
      "accountNumber": "0080-1439-5901",
      "accountName": "PT Toyota Motor Manufacturing Indonesia",
      "accountBank": "PermataBank"
    },
    "account": {
      "accountNumber": "2120-1439-3939",
      "accountName": "PT Toyota Motor Manufacturing Indonesia",
      "accountBank": "Citibank"
    },
    "payment": {
      "paymentAmount": 4405000,
      "paymentType": "LLG",
      "currency": "IDR"
    },
    "description": "Transfer dari Rekening PT Toyota Motor Manufacturing Indonesia Citibank ATM Prima (BANK PERMATA TBK) 18:33:24"
  },
  {
    "title": "DebitAdvice",
    "type": "debit",
    "transaction": {
      "transactionDate": "21 Jun 2021",
      "transactionNumber": "1239-2913-0120-2222",
      "transactionChannel": "Permata e-Business",
      "transactionCustomerNumber": "INVOICEA001"
    },
    "beneficiary": {
      "accountNumber": "2120-1439-3939",
      "accountName": "PT Toyota Motor Manufacturing Indonesia",
      "accountBank": "Citibank"
    },
    "account": {
      "accountNumber": "0080-1439-5901",
      "accountName": "PT Toyota Motor Manufacturing Indonesia",
      "accountBank": "PermataBank"
    },
    "payment": {
      "paymentAmount": 1415000,
      "paymentType": "LLG",
      "currency": "IDR"
    },
    "description": "Payroll Payment Confirmation June 2021 with reference number #123488881929 "
  }
]
