[
  {
      "title": "CreditAdvice",
      "type": "credit",
      "transaction": {
          "transactionDate": "24 Jun 2021",
          "transactionNumber": "1239-2913-0120",
          "transactionChannel": "",
          "transactionCustomerNumber": ""
      },
      "beneficiary": {
          "beneficiaryNumber": "0080-1439-5901",
          "beneficiaryName": "PT Toyota Motor Manufacturing Indonesia",
          "beneficiaryBank": "PermataBank"
      },
      "account": {
          "accountNumber": "",
          "accountName": "",
          "accountBank": ""
      },
      "remitter": {
          "remitterNumber": "0080-1439-5901",
          "remitterName": "PT Toyota Motor Manufacturing Indonesia",
          "remitterBank": "Citibank"
      },
      "payment": {
          "paymentAmount": 1415000,
          "paymentType": "LLG",
          "currency": "IDR"
      },
      "description": "Transfer dari PT Toyota Motor Manufacturing Citibank ATM Prima (BANK PERMATA TBK) 06:33:24 PM."
  },
  {
      "title": "CreditAdvice",
      "type": "credit",
      "transaction": {
          "transactionDate": "24 Jun 2021",
          "transactionNumber": "1239-2913-0120",
          "transactionChannel": "",
          "transactionCustomerNumber": ""
      },
      "beneficiary": {
          "beneficiaryNumber": "0080-1439-5901",
          "beneficiaryName": "PT Toyota Motor Manufacturing Indonesia",
          "beneficiaryBank": "PermataBank"
      },
      "account": {
          "accountNumber": "",
          "accountName": "",
          "accountBank": ""
      },
      "remitter": {
          "remitterNumber": "0080-1439-5901",
          "remitterName": "PT Toyota Motor Manufacturing Indonesia",
          "remitterBank": "Citibank"
      },
      "payment": {
          "paymentAmount": 1415000,
          "paymentType": "LLG",
          "currency": "IDR"
      },
      "description": "Transfer dari PT Toyota Motor Manufacturing Citibank ATM Prima (BANK PERMATA TBK) 06:33:24 PM."
  },
  {
      "title": "DebitAdvice",
      "type": "debit",
      "transaction": {
          "transactionDate": "24 Jun 2021",
          "transactionNumber": "1239-2913-0120",
          "transactionChannel": "Permatae-Business",
          "transactionCustomerNumber": "INVOICEA001"
      },
      "beneficiary": {
          "beneficiaryNumber": "0080-1439-5901",
          "beneficiaryName": "PT Toyota Motor Manufacturing Indonesia",
          "beneficiaryBank": "Citibank"
      },
      "account": {
          "accountNumber": "0080-1439-5901",
          "accountName": "PT Toyota Motor Manufacturing Indonesia",
          "accountBank": "PermataBank"
      },
      "remitter": {
          "remitterNumber": "",
          "remitterName": "",
          "remitterBank": ""
      },
      "payment": {
          "paymentAmount": 1415000,
          "paymentType": "LLG",
          "currency": "IDR"
      },
      "description": "Payroll Payment Confirmation June 2021 with reference number #123488881929 '"
  },
  {
      "title": "DebitAdvice",
      "type": "debit",
      "transaction": {
          "transactionDate": "24 Jun 2021",
          "transactionNumber": "1239-2913-0120",
          "transactionChannel": "Permatae-Business",
          "transactionCustomerNumber": "INVOICEA001"
      },
      "beneficiary": {
          "beneficiaryNumber": "0080-1439-5901",
          "beneficiaryName": "PT Toyota Motor Manufacturing Indonesia",
          "beneficiaryBank": "Citibank"
      },
      "account": {
          "accountNumber": "0080-1439-5901",
          "accountName": "PT Toyota Motor Manufacturing Indonesia",
          "accountBank": "PermataBank"
      },
      "remitter": {
          "remitterNumber": "",
          "remitterName": "",
          "remitterBank": ""
      },
      "payment": {
          "paymentAmount": 1415000,
          "paymentType": "LLG",
          "currency": "IDR"
      },
      "description": "Payroll Payment Confirmation June 2021 with reference number #123488881929 "
  },
  {
      "title": "CreditAdvice",
      "type": "credit",
      "transaction": {
          "transactionDate": "24 Jun 2021",
          "transactionNumber": "1239-2913-0120",
          "transactionChannel": "",
          "transactionCustomerNumber": ""
      },
      "beneficiary": {
          "beneficiaryNumber": "0080-1439-5901",
          "beneficiaryName": "PT Toyota Motor Manufacturing Indonesia",
          "beneficiaryBank": "PermataBank"
      },
      "account": {
          "accountNumber": "",
          "accountName": "",
          "accountBank": ""
      },
      "remitter": {
          "remitterNumber": "0080-1439-5901",
          "remitterName": "PT Toyota Motor Manufacturing Indonesia",
          "remitterBank": "Citibank"
      },
      "payment": {
          "paymentAmount": 1415000,
          "paymentType": "LLG",
          "currency": "IDR"
      },
      "description": "Transfer dari PT Toyota Motor Manufacturing Citibank ATM Prima (BANK PERMATA TBK) 06:33:24 PM."
  },
  {
      "title": "DebitAdvice",
      "type": "debit",
      "transaction": {
          "transactionDate": "24 Jun 2021",
          "transactionNumber": "1239-2913-0120",
          "transactionChannel": "Permatae-Business",
          "transactionCustomerNumber": "INVOICEA001"
      },
      "beneficiary": {
          "beneficiaryNumber": "0080-1439-5901",
          "beneficiaryName": "PT Toyota Motor Manufacturing Indonesia",
          "beneficiaryBank": "Citibank"
      },
      "account": {
          "accountNumber": "0080-1439-5901",
          "accountName": "PT Toyota Motor Manufacturing Indonesia",
          "accountBank": "PermataBank"
      },
      "remitter": {
          "remitterNumber": "",
          "remitterName": "",
          "remitterBank": ""
      },
      "payment": {
          "paymentAmount": 1415000,
          "paymentType": "LLG",
          "currency": "IDR"
      },
      "description": "Payroll Payment Confirmation June 2021 with reference number #123488881929 "
  },
  {
      "title": "CreditAdvice",
      "type": "credit",
      "transaction": {
          "transactionDate": "24 Jun 2021",
          "transactionNumber": "1239-2913-0120",
          "transactionChannel": "",
          "transactionCustomerNumber": ""
      },
      "beneficiary": {
          "beneficiaryNumber": "0080-1439-5901",
          "beneficiaryName": "PT Toyota Motor Manufacturing Indonesia",
          "beneficiaryBank": "PermataBank"
      },
      "account": {
          "accountNumber": "",
          "accountName": "",
          "accountBank": ""
      },
      "remitter": {
          "remitterNumber": "0080-1439-5901",
          "remitterName": "PT Toyota Motor Manufacturing Indonesia",
          "remitterBank": "Citibank"
      },
      "payment": {
          "paymentAmount": 1415000,
          "paymentType": "LLG",
          "currency": "IDR"
      },
      "description": "Transfer dari PT Toyota Motor Manufacturing Citibank ATM Prima (BANK PERMATA TBK) 06:33:24 PM."
  },
  {
      "title": "CreditAdvice",
      "type": "credit",
      "transaction": {
          "transactionDate": "24 Jun 2021",
          "transactionNumber": "1239-2913-0120",
          "transactionChannel": "",
          "transactionCustomerNumber": ""
      },
      "beneficiary": {
          "beneficiaryNumber": "0080-1439-5901",
          "beneficiaryName": "PT Toyota Motor Manufacturing Indonesia",
          "beneficiaryBank": "PermataBank"
      },
      "account": {
          "accountNumber": "",
          "accountName": "",
          "accountBank": ""
      },
      "remitter": {
          "remitterNumber": "0080-1439-5901",
          "remitterName": "PT Toyota Motor Manufacturing Indonesia",
          "remitterBank": "Citibank"
      },
      "payment": {
          "paymentAmount": 1415000,
          "paymentType": "LLG",
          "currency": "IDR"
      },
      "description": "Transfer dari PT Toyota Motor Manufacturing Citibank ATM Prima (BANK PERMATA TBK) 06:33:24 PM."
  },
  {
      "title": "DebitAdvice",
      "type": "debit",
      "transaction": {
          "transactionDate": "24 Jun 2021",
          "transactionNumber": "1239-2913-0120",
          "transactionChannel": "Permatae-Business",
          "transactionCustomerNumber": "INVOICEA001"
      },
      "beneficiary": {
          "beneficiaryNumber": "0080-1439-5901",
          "beneficiaryName": "PT Toyota Motor Manufacturing Indonesia",
          "beneficiaryBank": "Citibank"
      },
      "account": {
          "accountNumber": "0080-1439-5901",
          "accountName": "PT Toyota Motor Manufacturing Indonesia",
          "accountBank": "PermataBank"
      },
      "remitter": {
          "remitterNumber": "",
          "remitterName": "",
          "remitterBank": ""
      },
      "payment": {
          "paymentAmount": 1415000,
          "paymentType": "LLG",
          "currency": "IDR"
      },
      "description": "Payroll Payment Confirmation June 2021 with reference number #123488881929 "
  },
  {
      "title": "DebitAdvice",
      "type": "debit",
      "transaction": {
          "transactionDate": "24 Jun 2021",
          "transactionNumber": "1239-2913-0120",
          "transactionChannel": "Permatae-Business",
          "transactionCustomerNumber": "INVOICEA001"
      },
      "beneficiary": {
          "beneficiaryNumber": "0080-1439-5901",
          "beneficiaryName": "PT Toyota Motor Manufacturing Indonesia",
          "beneficiaryBank": "Citibank"
      },
      "account": {
          "accountNumber": "0080-1439-5901",
          "accountName": "PT Toyota Motor Manufacturing Indonesia",
          "accountBank": "PermataBank"
      },
      "remitter": {
          "remitterNumber": "",
          "remitterName": "",
          "remitterBank": ""
      },
      "payment": {
          "paymentAmount": 1415000,
          "paymentType": "LLG",
          "currency": "IDR"
      },
      "description": "Payroll Payment Confirmation June 2021 with reference number #123488881929 "
  }
]
