[
  {
    "title": "DebitAdvice",
    "type": "debit",
    "transaction": {
      "transactionDate": "15 Sep 2021",
      "transactionNumber": "0000-0000-384",
      "transactionChannel": "-",
      "transactionRemitterReference": "-"
    },
    "account": {
      "accountNumber": "0070-1726-022",
      "accountName": "PT DIAMETR INV",
      "accountBank": "PermataBank"
    },
    "beneficiary": {
      "accountNumber": "8833-0100-00",
      "accountName": "PT UNITED TRACTORS",
      "accountBank": "PermataBank"
    },
    "payment": {
      "paymentAmount": 17898034,
      "transferType": "Overbooking",
      "currency": "IDR"
    },
    "description": "PB KE UNITED TRACTORS, PT."
  },
  {
    "title": "CreditAdvice",
    "type": "credit",
    "transaction": {
      "transactionDate": "15 Sep 2021",
      "transactionNumber": "0000-0000-384",
      "transactionChannel": "Permata e-Business",
      "transactionRemitterReference": "-"
    },
    "account": {
      "accountNumber": "8840-0132-213",
      "accountName": "PT MULTI GUNA MARITIM",
      "accountBank": "PermataBank"
    },
    "beneficiary": {
      "accountNumber": "0070-1726-022",
      "accountName": "PT DIAMETR INV",
      "accountBank": "PermataBank"
    },
    "payment": {
      "paymentAmount": 30000000,
      "transferType": "Overbooking",
      "currency": "IDR"
    },
    "description": "TRF DARI MULTI GUNA MARITIM PT"
  }
]
