[
  {
    "title": "PaymentAdvice",
    "type": "payment",
    "transaction": {
      "transactionDate": "11 Jan 2021",
      "transactionNumber": "0000-0000-385",
      "transactionChannel": "",
      "transactionCustomerNumber": ""
    },
    "beneficiary": {
      "facilityNumber": "0084-6RCF-0000-36",
      "accountNumber": "8021-2201-8110-0018",
      "product": "Revolving Loan"
    },
    "account": {
      "accountNumber": "0012-5678-9090",
      "accountName": "PT Toyota Motor Manufacturing Indonesia",
      "accountBank": "PermataBank"
    },
    "payment": {
      "paymentAmount": 6445325,
      "transferType": "Overbooking",
      "currency": "IDR"
    },
    "description": "Interest payment"
  },
  {
    "title": "DisbursementAdvice",
    "type": "disbursement",
    "transaction": {
      "transactionDate": "11 Jun 2019",
      "transactionNumber": "0000-0000-384",
      "transactionChannel": "",
      "transactionCustomerNumber": ""
    },
    "beneficiary": {
      "accountNumber": "0012-5678-8080",
      "accountName": "PT DIAMETR INV",
      "accountBank": "PermataBank"
    },
    "account": {
      "facilityNumber": "0084-6RCF-0000-36",
      "accountNumber": "8021-2201-8110-0018",
      "facility": "Receivable Financing"
    },
    "disbursement": {
      "amount": 156727374,
      "currency": "IDR",
      "gracePeriodDate": "-",
      "installmentDate": "11 Jul 2019",
      "installmentAmount": 6445325,
      "interestRate": "9,98%",
      "maturityDate": "11 Oct 2021"
    },
    "description": "Disbursement"
  }
]
