[
  {
    "title": "PaymentAdvice",
    "type": "payment",
    "transaction": {
      "transactionDate": "11 Jan 2021",
      "transactionNumber": "0000-0000-385",
      "transactionChannel": "",
      "transactionCustomerNumber": ""
    },
    "beneficiary": {
      "facilityNumber": "0008-87PS-0000-04",
      "accountNumber": "PSDT-PC21-0137-3",
      "product": "Receivable Services Without Recourse"
    },
    "account": {
      "accountNumber": "0012-5678-9090",
      "accountName": "PT Toyota Motor Manufacturing Indonesia",
      "accountBank": "PermataBank"
    },
    "payment": {
      "paymentAmount": 6445325,
      "transferType": "Overbooking",
      "currency": "IDR"
    },
    "description": "Settlement"
  },
  {
    "title": "DisbursementAdvice",
    "type": "disbursement",
    "transaction": {
      "transactionDate": "11 Jun 2019",
      "transactionNumber": "0000-0000-384",
      "transactionChannel": "",
      "transactionCustomerNumber": ""
    },
    "beneficiary": {
      "accountNumber": "0012-5678-8080",
      "accountName": "PT DIAMETR INV",
      "accountBank": "BCA"
    },
    "account": {
      "facilityNumber": "0084-6RCF-0000-36",
      "accountNumber": "8021-2201-8110-0018",
      "facility": "Receivable Services Without Recourse"
    },
    "disbursement": {
      "amount": 221225847,
      "currency": "IDR",
      "InterestInAdvanceAmount": 19560298,
      "TotalFee": 553065,
      "NetAmount": 201665549,
      "interestRate": "8,12%",
      "maturityDate": "18 Jan 2021"
    },
    "description": "Disbursement"
  }
]
