[
  {
    "title": "CreditAdvice",
    "type": "credit-syariah",
    "transaction": {
      "transactionDate": "24 Jun 2021",
      "transactionNumber": "1239-2913-0120",
      "transactionChannel": "",
      "transactionCustomerNumber": ""
    },
    "beneficiary": {
      "beneficiaryNumber": "0080-1439-5901",
      "beneficiaryName": "PT Toyota Motor Manufacturing Indonesia",
      "beneficiaryBank": "PermataBank"
    },
    "account": {
      "accountNumber": "2120-1439-3939",
      "accountName": "PT Toyota Motor Manufacturing Indonesia",
      "accountBank": "Citibank"
    },
    "remitter": {
      "remitterNumber": "0080-1439-5901",
      "remitterName": "PT Toyota Motor Manufacturing Indonesia",
      "remitterBank": "Citibank"
    },
    "payment": {
      "paymentAmount": 4465000,
      "paymentType": "LLG",
      "currency": "IDR"
    },
    "description": "Transfer dari PT Toyota Motor Manufacturing Citibank ATM Prima (BANK PERMATA TBK) 06:33:24 PM."
  },
  {
    "title": "CreditAdvice",
    "type": "credit-syariah",
    "transaction": {
      "transactionDate": "24 Jun 2021",
      "transactionNumber": "1239-2913-0120",
      "transactionChannel": "",
      "transactionCustomerNumber": ""
    },
    "beneficiary": {
      "beneficiaryNumber": "0080-1439-5901",
      "beneficiaryName": "PT Toyota Motor Manufacturing Indonesia",
      "beneficiaryBank": "PermataBank"
    },
    "account": {
      "accountNumber": "2120-1439-3939",
      "accountName": "PT Toyota Motor Manufacturing Indonesia",
      "accountBank": "Citibank"
    },
    "remitter": {
      "remitterNumber": "0080-1439-5901",
      "remitterName": "PT Toyota Motor Manufacturing Indonesia",
      "remitterBank": "Citibank"
    },
    "payment": {
      "paymentAmount": 4465000,
      "paymentType": "LLG",
      "currency": "IDR"
    },
    "description": "Transfer dari PT Toyota Motor Manufacturing Citibank ATM Prima (BANK PERMATA TBK) 06:33:24 PM."
  },
  {
    "title": "CreditAdvice",
    "type": "credit-syariah",
    "transaction": {
      "transactionDate": "24 Jun 2021",
      "transactionNumber": "1239-2913-0120",
      "transactionChannel": "",
      "transactionCustomerNumber": ""
    },
    "beneficiary": {
      "beneficiaryNumber": "0080-1439-5901",
      "beneficiaryName": "PT Toyota Motor Manufacturing Indonesia",
      "beneficiaryBank": "PermataBank"
    },
    "account": {
      "accountNumber": "2120-1439-3939",
      "accountName": "PT Toyota Motor Manufacturing Indonesia",
      "accountBank": "Citibank"
    },
    "remitter": {
      "remitterNumber": "0080-1439-5901",
      "remitterName": "PT Toyota Motor Manufacturing Indonesia",
      "remitterBank": "Citibank"
    },
    "payment": {
      "paymentAmount": 4465000,
      "paymentType": "LLG",
      "currency": "IDR"
    },
    "description": "Transfer dari PT Toyota Motor Manufacturing Citibank ATM Prima (BANK PERMATA TBK) 06:33:24 PM."
  },
  {
    "title": "CreditAdvice",
    "type": "credit-syariah",
    "transaction": {
      "transactionDate": "24 Jun 2021",
      "transactionNumber": "1239-2913-0120",
      "transactionChannel": "",
      "transactionCustomerNumber": ""
    },
    "beneficiary": {
      "beneficiaryNumber": "0080-1439-5901",
      "beneficiaryName": "PT Toyota Motor Manufacturing Indonesia",
      "beneficiaryBank": "PermataBank"
    },
    "account": {
      "accountNumber": "2120-1439-3939",
      "accountName": "PT Toyota Motor Manufacturing Indonesia",
      "accountBank": "Citibank"
    },
    "remitter": {
      "remitterNumber": "0080-1439-5901",
      "remitterName": "PT Toyota Motor Manufacturing Indonesia",
      "remitterBank": "Citibank"
    },
    "payment": {
      "paymentAmount": 4465000,
      "paymentType": "LLG",
      "currency": "IDR"
    },
    "description": "Transfer dari PT Toyota Motor Manufacturing Citibank ATM Prima (BANK PERMATA TBK) 06:33:24 PM."
  }
]
