[
  {
    "id": 1,
    "icon": "insights",
    "title": "ProductInsight",
    "active": false,
    "goTo": "#"
  },
  {
    "id": 2,
    "icon": "tabungan",
    "title": "ProductCasa",
    "active": false,
    "goTo": "/accounts/casa"
  },
  {
    "id": 3,
    "icon": "deposito",
    "title": "ProductTimeDeposit",
    "active": true,
    "goTo": "/accounts/time-deposit"
  },
  {
    "id": 4,
    "icon": "revolvingLoan",
    "title": "ProductLoan",
    "active": false,
    "goTo": "/accounts/loan"
  },
  {
    "id": 5,
    "icon": "tradeFinance",
    "title": "ProductTradeFinance",
    "active": false,
    "goTo": "#"
  },
  {
    "id": 6,
    "icon": "guarantee",
    "title": "ProductTradeGuarantee",
    "active": false,
    "goTo": "#"
  },
  {
    "id": 7,
    "icon": "valueChain",
    "title": "ProductValueChain",
    "active": false,
    "goTo": "#"
  },
  {
    "id": 8,
    "icon": "globalMarket",
    "title": "ProductTreasury",
    "active": false,
    "goTo": "#"
  }
]
