[
  {
    "id": 7,
    "favorite": true,
    "accountNumber": "008014395901",
    "accountCurrency": "IDR",
    "accountName": "PT Toyota Motor Manufacturing Indonesia"
  },
  {
    "id": 19,
    "favorite": true,
    "accountNumber": "08830018035",
    "accountCurrency": "IDR",
    "accountName": "PT ABC Maju Jaya"
  },
  {
    "id": 0,
    "favorite": true,
    "accountNumber": "123456789090",
    "accountCurrency": "IDR",
    "accountName": "PT Amerta Indah Otsuka Indonesia Sejahtera Makmur"
  },
  {
    "id": 1,
    "favorite": true,
    "accountNumber": "00855RLJ000007",
    "accountCurrency": "IDR",
    "accountName": "Omnibus"
  },
  {
    "id": 2,
    "favorite": true,
    "accountNumber": "007014395902",
    "accountCurrency": "IDR",
    "accountName": "Operational 2 Bintaro"
  },
  {
    "id": 3,
    "favorite": true,
    "accountNumber": "005014395903",
    "accountCurrency": "SGD",
    "accountName": "Administration 2 Jakarta"
  },
  {
    "id": 4,
    "favorite": true,
    "accountNumber": "003014395904",
    "accountCurrency": "IDR",
    "accountName": "Advanced Career Indonesia"
  },
  {
    "id": 5,
    "favorite": false,
    "accountNumber": "002014395905",
    "accountCurrency": "JPY",
    "accountName": "Amerta Indah Otsuka"
  },
  {
    "id": 6,
    "favorite": false,
    "accountNumber": "005014395903",
    "accountCurrency": "EUR",
    "accountName": "Administration 2 Jakarta"
  },
  {
    "id": 8,
    "favorite": false,
    "accountNumber": "002014395905",
    "accountCurrency": "SGD",
    "accountName": "Amerta Indah Otsuka"
  },
  {
    "id": 9,
    "favorite": false,
    "accountNumber": "002014395905",
    "accountCurrency": "SGD",
    "accountName": "Amerta Indah Otsuka"
  },
  {
    "id": 10,
    "favorite": false,
    "accountNumber": "008014395901",
    "accountCurrency": "IDR",
    "accountName": "PT Toyota Motor Manufacturing Indonesia"
  },
  {
    "id": 11,
    "favorite": false,
    "accountNumber": "883301000041382",
    "accountCurrency": "IDR",
    "accountName": "Revolving Loan"
  },
  {
    "id": 12,
    "favorite": false,
    "accountNumber": "884001000022509",
    "accountCurrency": "IDR",
    "accountName": "Post Import Financing"
  },
  {
    "id": 16,
    "favorite": false,
    "accountNumber": "PSDTPC2101373",
    "accountCurrency": "IDR",
    "accountName": "Payable Service"
  },
  {
    "id": 18,
    "favorite": false,
    "accountNumber": "8553101000015831",
    "accountCurrency": "IDR",
    "accountName": "Term Loan"
  }
]
