[
  {
    "date": "24 Dec 2021",
    "name": "Cuti bersama Natal"
  },
  {
    "date": "25 Dec 2021",
    "name": "Hari raya Natal"
  },
  {
    "date": "31 Dec 2021",
    "name": "Cuti bersama Tahun Baru"
  },
  {
    "date": "01 Jan 2022",
    "name": "Tahun Baru 2022"
  },
  {
    "date": "28 Jan 2022",
    "name": "Dummy Public Holiday"
  },
  {
    "date": "31 Jan 2022",
    "name": "Imlek 2022"
  },
  {
    "date": "8 Apr 2022",
    "name": "Test Holiday"
  },
  {
    "date": "15 Apr 2022",
    "name": "Test Holiday"
  },
  {
    "date": "18 Apr 2022",
    "name": "Test Holiday"
  }
]
