{
  "recurringDetail": {
    "lock": {
      "show": false,
      "disabled": false,
      "active": false
    },
    "items": [
      {
        "label": "PaymentType",
        "value": "Bill Payment"
      }
    ]
  },
  "fromAccount": {
    "lock": {
      "show": false,
      "disabled": false,
      "active": false
    },
    "items": [
      {
        "label": "Account",
        "value": "-"
      }
    ]
  },
  "payeeDetails": {
    "lock": {
      "show": false,
      "disabled": false,
      "active": false
    },
    "items": [
      {
        "label": "Category",
        "value": "Zakat",
        "disabled": false
      },
      {
        "label": "CharitableOrganization",
        "value": "Banda Wakaf Al Quran",
        "disabled": false
      }
    ]
  },
  "transactionDetails": {
    "lock": {
      "show": false,
      "disabled": false,
      "active": false
    },
    "items": [
      {
        "label": "Amount",
        "value": "IDR 1,500,000.00",
        "disabled": false
      },
      {
        "label": "TransactionFee",
        "value": "IDR 1,000.00",
        "disabled": false
      },
      {
        "label": "TotalDebitAmount",
        "value": "IDR 1,501,000.00",
        "disabled": false
      },
      {
        "label": "TransactionDate",
        "value": "24 Jun 2021",
        "disabled": false
      },
      {
        "label": "RequestExpiryDate",
        "value": "07 Jul 2021",
        "disabled": false
      },
      {
        "label": "TransactionReferenceNumber",
        "value": "1231-2412-4141-2333",
        "disabled": false
      }
    ]
  },
  "additionalDetails": {
    "lock": {
      "show": false,
      "disabled": false,
      "active": false
    },
    "items": [
      {
        "label": "ShortMessage",
        "value": "-"
      },
      {
        "label": "CustomerReferenceDetail",
        "value": "-"
      },
      {
        "label": "RecipientEmail",
        "value": "Rama@toyota.com"
      },
      {
        "label": "RecipientWhatsAppNumber1",
        "value": "+62 8123-4567-8"
      }
    ]
  },
  "recurringDetails": {
    "lock": {
      "show": false,
      "disabled": false,
      "active": false
    },
    "items": [
      {
        "label": "FrequencyType",
        "value": "Weekly"
      },
      {
        "label": "StartDate",
        "value": "04 Jul 2022",
        "noteLabel": "Approval needs to be at least 5 days before Start Date.",
        "noteValue": "",
        "noteLabelError": "Start Date can’t be before Transaction Date",
        "errorMessage": "Start Date can’t be before Transaction Date"
      },
      {
        "label": "Every",
        "value": "Monday"
      },
      {
        "label": "TransactionFrequency",
        "value": "4"
      },
      {
        "label": "EndDate",
        "value": "25 Jul 2022",
        "noteLabel": "Recurring date may change depending on holidays & BI announcement.",
        "noteValue": ""
      },
      {
        "label": "TransactionDateOnHoliday",
        "value": "Proceed the working day before"
      }
    ]
  }
}