{
  "recurringDetail": {
    "lock": {
      "show": false,
      "disabled": false,
      "active": false
    },
    "items": [
      {
        "label": "PaymentType",
        "value": "Foreign Currency Transfer"
      }
    ]
  },
  "fromAccount": {
    "lock": {
      "show": false,
      "disabled": false,
      "active": false
    },
    "items": [
      {
        "label": "Account",
        "value": "PT Toyota Motor Manufacturing Indonesia | 0080-1439-5901 | IDR"
      }
    ]
  },
  "beneficiaryDetails": {
    "lock": {
      "show": false,
      "disabled": false,
      "active": false
    },
    "items": [
      {
        "label": "BankName",
        "value": "PermataBank"
      },
      {
        "label": "AccountNumber",
        "value": "0034-4412-5123"
      },
      {
        "label": "AccountName",
        "value": "PT International TBK"
      }
    ]
  },
  "transactionDetails": {
    "lock": {
      "show": false,
      "disabled": false,
      "active": false
    },
    "items": [
      {
        "label": "Amount",
        "value": "IDR 400,000,000.00"
      },
      {
        "label": "TransferType",
        "value": "LLG"
      },
      {
        "label": "TransactionFee",
        "value": "IDR 3,500.00"
      },
      {
        "label": "TotalDebitAmount",
        "value": "IDR 400,003,500.00"
      },
      {
        "label": "ChargeTransactionFeeTo",
        "value": "Remitter"
      },
      {
        "label": "BeneficiaryCitizenship",
        "value": "Resident - Citizen"
      },
      {
        "label": "BeneficiaryCategory",
        "value": "Corporate"
      }
    ]
  },
  "additionalDetails": {
    "lock": {
      "show": false,
      "disabled": false,
      "active": false
    },
    "items": [
      {
        "label": "ShortMessage",
        "value": "-"
      },
      {
        "label": "CustomerReferenceDetail",
        "value": "-"
      },
      {
        "label": "RecipientEmail",
        "value": "Rama@toyota.com"
      },
      {
        "label": "RecipientWhatsAppNumber1",
        "value": "+62 8123-4567-8"
      }
    ]
  },
  "recurringDetails": {
    "lock": {
      "show": false,
      "disabled": false,
      "active": false
    },
    "items": [
      {
        "label": "FrequencyType",
        "value": "Weekly"
      },
      {
        "label": "StartDate",
        "value": "04 Jul 2022",
        "noteLabel": "Approval needs to be at least 5 days before Start Date."
      },
      {
        "label": "Every",
        "value": "Monday"
      },
      {
        "label": "TransactionFrequency",
        "value": "4"
      },
      {
        "label": "EndDate",
        "value": "25 Jul 2022"
      },
      {
        "label": "TransactionDateOnHoliday",
        "value": "Proceed the working day before",
        "noteLabel": "Recurring date may change depending on holidays & BI announcement."
      }
    ]
  },
  "recurringDetails": {
    "lock": {
      "show": false,
      "disabled": false,
      "active": false
    },
    "items": [
      {
        "label": "FrequencyType",
        "value": "Weekly"
      },
      {
        "label": "StartDate",
        "value": "04 Jul 2022",
        "noteLabel": "Approval needs to be at least 5 days before Start Date.",
        "noteValue": "",
        "noteLabelError": "Start Date can’t be before Transaction Date",
        "errorMessage": "Start Date can’t be before Transaction Date"
      },
      {
        "label": "Every",
        "value": "Monday"
      },
      {
        "label": "TransactionFrequency",
        "value": "4"
      },
      {
        "label": "EndDate",
        "value": "25 Jul 2022",
        "noteLabel": "Recurring date may change depending on holidays & BI announcement.",
        "noteValue": ""
      },
      {
        "label": "TransactionDateOnHoliday",
        "value": "Proceed the working day before"
      }
    ]
  }
}