{
  "recurringType": [
    {
      "label": "PaymentType",
      "value": "Local Currency Transfer"
    }
  ],
  "fromAcccount": [
    {
      "label": "Account",
      "value": "PT Toyota Motor Manufacturing Indonesia | 0080-1439-5901 | IDR",
      "currency": "IDR"
    }
  ],
  "beneficiaryDetails": [
    {
      "label": "BankName",
      "value": "Bank OCBC NISP"
    },
    {
      "label": "AccountNumber",
      "value": "9911-2132-11"
    },
    {
      "label": "AccountName",
      "value": "PT. Toyota Astra International"
    }
  ],
  "transactionDetails": [
    {
      "label": "Amount",
      "value": "IDR 400,000,000.00"
    },
    {
      "label": "TransferType",
      "value": "LLG"
    },
    {
      "label": "TransactionFee",
      "value": "IDR 3,500.00"
    },
    {
      "label": "TotalDebitAmount",
      "value": "IDR 400,003,500.00"
    },
    {
      "label": "ChargeTransferFeeTo",
      "value": "Remitter"
    },
    {
      "label": "BeneficiaryCitizenship",
      "value": "Resident - Citizen"
    },
    {
      "label": "BeneficiaryCategory",
      "value": "Corporate"
    }
  ],
  "additionalDetails": [
    {
      "label": "ShortMessage",
      "value": "-"
    },
    {
      "label": "CustomerReference",
      "value": "-"
    },
    {
      "label": "RecipientEmail",
      "value": "Rama@toyota.com"
    },
    {
      "label": "RecipientWhatsAppNumber1",
      "value": "+62 8123-4567-8"
    }
  ],
  "recurring": [
    {
      "label": "frequencyType",
      "value": "Weekly"
    },
    {
      "label": "StartDate",
      "value": "04 Jul 2021",
      "noteLabel": "Approval needs to be at least 5 days before Start Date."
    },
    {
      "label": "Every",
      "value": "Monday"
    },
    {
      "label": "TransactionFrequency",
      "value": "4"
    },
    {
      "label": "EndDate",
      "value": "25 Jul 2021",
      "noteLabel": "Recurring date may change depending on BI announcement."
    },
    {
      "label": "TransactionDateOnHoliday",
      "value": "Proceed the Working Day before",
      "isLast": true
    }
  ]
}