[
  {
    "id": "1",
    "transactionDate": 1636569002000,
    "transactionType": "LLG",
    "transactionNumber": "1234-4444-1234-4443",
    "transactionFrequency": "3 of 4 Recurrings",
    "status": "Successful",
    "actionDate": 1636569002000,
    "actionby": "Rama Setiawan",
    "to": ""
  },
  {
    "id": "2",
    "transactionDate": 1436569002000,
    "transactionType": "LLG",
    "transactionNumber": "1234-4444-1234-4443",
    "transactionFrequency": "2 of 4 Recurrings",
    "status": "Skipped",
    "actionDate": 1636569002000,
    "actionby": "System",
    "to": ""
  },
  {
    "id": "3",
    "transactionDate": 1336569002000,
    "transactionType": "LLG",
    "transactionNumber": "1234-4444-1234-4443",
    "transactionFrequency": "2 of 4 Recurrings",
    "status": "Failed",
    "actionDate": 1636569002000,
    "actionby": "System",
    "to": ""
  },
  {
    "id": "4",
    "transactionDate": 1136569002000,
    "transactionType": "LLG",
    "transactionNumber": "1234-4444-1234-4443",
    "transactionFrequency": "3 of 4 Recurrings",
    "status": "Successful",
    "actionDate": 1636569002000,
    "actionby": "Rama Setiawan",
    "to": ""
  }
]
