[
  {
    "icon": "",
    "title": "Affiliated",
    "decription": [
      "AffiliatedTooltip"
    ],
    "decriptionAPIdata": []
  },
  {
    "icon": "",
    "title": "Group",
    "decription": [
      "GroupDecTooltip"
    ],
    "decriptionAPIdata": []
  },
  {
    "icon": "",
    "title": "Non Affiliated",
    "decription": [
      "NonAffiliatedTooltip"
    ],
    "decriptionAPIdata": []
  },
  {
    "icon": "",
    "title": "Shared Holder",
    "decription": [
      "ShareHolderTooltip"
    ],
    "decriptionAPIdata": []
  }
]

