[
  {
    "id": "11",
    "transactionDate": 1612512280000,
    "transactionType": "FCY",
    "fromName": "PT Toyota Motor Manufacturing 1",
    "fromNumber": "0080-1439-5901",
    "destinationName": "PT. Toyota Astra International 1",
    "destinationBank": "Bank OCBC NISP",
    "destinationNumber": "9911-2132-11",
    "currency": "IDR",
    "multipleCurrency": false,
    "currencyList": [],
    "amount": "400000000000",
    "tat": "Pass",
    "status": "Pending Approval",
    "closeCutOffTime": false,
    "to": "/request/for-verify/detail?type=foreign-currency-transfer"
  },
  {
    "id": "1",
    "transactionDate": 1612512280000,
    "transactionType": "LLG",
    "fromName": "PT Toyota Motor Manufacturing 1",
    "fromNumber": "0080-1439-5901",
    "destinationName": "PT. Toyota Astra International 1",
    "destinationBank": "Bank OCBC NISP",
    "destinationNumber": "9911-2132-11",
    "currency": "IDR",
    "multipleCurrency": false,
    "currencyList": [],
    "amount": "400000000000",
    "tat": "Pass",
    "status": "Pending Approval",
    "closeCutOffTime": false,
    "to": "/request/repair/detail"
  },
  {
    "id": "2",
    "transactionDate": 1624508780000,
    "transactionType": "Overbooking",
    "fromName": "PT Toyota Motor Manufacturing 2",
    "fromNumber": "0080-1439-5901",
    "destinationName": "PT. Toyota Astra International 2",
    "destinationBank": "Bank OCBC NISP",
    "destinationNumber": "9911-2132-11",
    "currency": "IDR",
    "multipleCurrency": false,
    "currencyList": [],
    "amount": "12000000000",
    "tat": "Pass",
    "status": "Pending Approval",
    "closeCutOffTime": false,
    "to": "/request/repair/detail"
  },
  {
    "id": "3",
    "transactionDate": 1611512780000,
    "transactionType": "SWIFT",
    "fromName": "PT Toyota Motor Manufacturing 3",
    "fromNumber": "0080-1439-5901",
    "destinationName": "PT. Toyota Astra International 3",
    "destinationBank": "Bank OCBC NISP",
    "destinationNumber": "9911-2132-11",
    "currency": "IDR",
    "multipleCurrency": false,
    "currencyList": [],
    "amount": "3000000000",
    "tat": "Failed",
    "status": "Pending Release",
    "closeCutOffTime": true,
    "to": "/request/repair/detail"
  },
  {
    "id": "4",
    "transactionDate": 1611512780000,
    "transactionType": "SWIFT",
    "fromName": "PT Toyota Motor Manufacturing 3",
    "fromNumber": "0080-1439-5901",
    "destinationName": "",
    "destinationBank": "",
    "destinationNumber": "",
    "currency": "",
    "multipleCurrency": false,
    "currencyList": [],
    "amount": "",
    "tat": "Failed",
    "status": "Pending Release",
    "closeCutOffTime": false,
    "to": "/request/repair/detail"
  },
  {
    "id": "5",
    "transactionDate": 1610512780000,
    "transactionType": "Bulk Payment",
    "fromName": "Multiple Accounts",
    "fromBank": "Bank OCBC NISP",
    "fromNumber": "",
    "destinationName": "Multiple Accounts",
    "destinationBank": "Multiple Banks",
    "destinationNumber": "",
    "multipleCurrency": true,
    "currencyList": [
      "IDR",
      "USD"
    ],
    "currency": "Multiple",
    "amount": "700000000",
    "tat": "Pass",
    "status": "Pending Release",
    "closeCutOffTime": true,
    "to": "/request/repair/detail"
  }
]
