{
  "fromAcccount": [
    {
      "label": "Account",
      "value": "PT Toyota Motor Manufacturing Indonesia | 0080-1439-5901 | IDR"
    }
  ],
  "beneficiaryDetails": [
    {
      "label": "Category",
      "value": "PLN Postpaid"
    },
    {
      "label": "PLNCustomerID",
      "value": "5455-0116-9998"
    },
    {
      "label": "PLNSubscription",
      "value": "Budi Setiawan"
    },
    {
      "label": "TotalOutstanding",
      "value": "0 Month"
    },
    {
      "label": "MTYR",
      "value": "Jan 16"
    }
  ],
  "transactionDetails": [
    {
      "label": "Amount",
      "value": "IDR 500,000.00"
    },
    {
      "label": "TransactionFee",
      "value": "IDR 3,000.00"
    },
    {
      "label": "TotalDebitAmount",
      "value": "IDR 503,000.00"
    },
    {
      "label": "TransactionDate",
      "value": "24 Jun 2021"
    },
    {
      "label": "ExpiryDate",
      "value": "07 Jul 2021"
    }
  ],
  "additionalDetails": [
    {
      "label": "RecipientEmail",
      "value": "-"
    },
    {
      "label": "RecipientWhatsAppNumber1",
      "value": "+62 8123-4567-8"
    }
  ],
  "recurring": [
    {
      "label": "TransactionFrequency",
      "value": "Weekly",
      "type": "dropdown"
    },
    {
      "label": "DaysInWeek",
      "value": "Monday",
      "type": "dropdown"
    },
    {
      "label": "StartDate",
      "value": "28 Jun 2021",
      "type": "datepicker"
    },
    {
      "label": "EndDate",
      "value": "28 Jul 2021",
      "type": "datepicker"
    },
    {
      "label": "TransactionDateOnHoliday",
      "value": "Proceed the Working Day before",
      "type": "dropdown",
      "isLast": true
    }
  ]
}
