[
  {
    "id": "11",
    "isChecked": false,
    "transactionDate": 1624512780000,
    "transactionType": "FCY",
    "fromName": "PT Toyota Motor Manufacturing Indonesia",
    "fromNumber": "0080-1439-5901",
    "destinationName": "PT. Toyota Astra International",
    "destinationBank": "Bank OCBC NISP",
    "destinationNumber": "9911-2132-11",
    "currency": "IDR",
    "multipleCurrency": false,
    "currencyList": [],
    "amount": "400000000",
    "availableBalance": "400000000",
    "tat": "Pass",
    "sufficient": "success",
    "to": "/request/releaser/detail?type=foreign-currency-transfer"
  },
  {
    "id": "1",
    "isChecked": false,
    "transactionDate": 1624512780000,
    "transactionType": "LLG",
    "fromName": "PT Toyota Motor Manufacturing Indonesia",
    "fromNumber": "0080-1439-5901",
    "destinationName": "PT. Toyota Astra International",
    "destinationBank": "Bank OCBC NISP",
    "destinationNumber": "9911-2132-11",
    "currency": "IDR",
    "multipleCurrency": false,
    "currencyList": [],
    "amount": "400000000",
    "availableBalance": "400000000",
    "tat": "Pass",
    "sufficient": "success",
    "to": "/request/releaser/detail"
  },
  {
    "id": "2",
    "isChecked": false,
    "transactionDate": 1621512780000,
    "transactionType": "Overbooking",
    "fromName": "PT Toyota Motor Manufacturing Indonesia",
    "fromNumber": "0080-1439-5901",
    "destinationName": "PT. Toyota Astra International",
    "destinationBank": "Bank OCBC NISP",
    "destinationNumber": "9911-2132-11",
    "currency": "USD",
    "multipleCurrency": false,
    "currencyList": [],
    "amount": "120000000",
    "availableBalance": "400000000",
    "tat": "Pass",
    "sufficient": "success",
    "to": "/request/releaser/detail"
  },
  {
    "id": "3",
    "isChecked": false,
    "transactionDate": 1620512780000,
    "transactionType": "SWIFT",
    "fromName": "PT Toyota Motor Manufacturing Indonesia",
    "fromNumber": "0080-1439-5901",
    "destinationName": "PT. Toyota Astra International",
    "destinationBank": "Bank OCBC NISP",
    "destinationNumber": "9911-2132-11",
    "currency": "JPY",
    "multipleCurrency": false,
    "currencyList": [],
    "amount": "4343000000",
    "availableBalance": "400000000",
    "tat": "Pass",
    "sufficient": "success",
    "to": "/request/releaser/detail"
  },
  {
    "id": "4",
    "isChecked": false,
    "transactionDate": 1618512780000,
    "transactionType": "Bill Payment",
    "fromName": "PT Toyota Motor Manufacturing Indonesia",
    "fromNumber": "0080-1439-5901",
    "destinationName": "PT. Toyota Astra International",
    "destinationBank": "Bank OCBC NISP",
    "destinationNumber": "9911-2132-11",
    "currency": "IDR",
    "multipleCurrency": false,
    "currencyList": [],
    "amount": "630000000",
    "availableBalance": "400000000",
    "tat": "Pass",
    "sufficient": "success",
    "to": "/request/releaser/detail"
  },
  {
    "id": "5",
    "isChecked": false,
    "transactionDate": 1614512780000,
    "transactionType": "LLG",
    "fromName": "PT Toyota Motor Manufacturing Indonesia",
    "fromNumber": "0080-1439-5901",
    "destinationName": "PT. Toyota Astra International",
    "destinationBank": "Bank OCBC NISP",
    "destinationNumber": "9911-2132-11",
    "currency": "IDR",
    "multipleCurrency": false,
    "currencyList": [],
    "amount": "7800000000",
    "availableBalance": "400000000",
    "tat": "Pass",
    "sufficient": "fail",
    "to": "/request/releaser/detail"
  },
  {
    "id": "6",
    "transactionDate": 1610512780000,
    "transactionType": "Bulk Payment",
    "fromName": "Multiple Accounts",
    "fromBank": "Bank OCBC NISP",
    "fromNumber": "",
    "destinationName": "Multiple Accounts",
    "destinationBank": "Multiple Banks",
    "destinationNumber": "",
    "multipleCurrency": true,
    "currencyList": [
      "IDR",
      "USD"
    ],
    "currency": "Multiple",
    "amount": "700000000",
    "availableBalance": "400000000",
    "tat": "Pass",
    "status": "Pending Release",
    "sufficient": "fail",
    "to": "/request/releaser/detail"
  }
]
