[
  {
    "id": 1,
    "isChecked": false,
    "transactionDate": 1624512780000,
    "transactionType": "LLG",
    "fromName": "PT Toyota Motor Manufacturing Indonesia",
    "fromNumber": "0080-1439-5901",
    "destinationName": "PT. Toyota Astra International",
    "destinationBank": "Bank OCBC NISP",
    "destinationNumber": "9911-2132-11",
    "currency": "IDR",
    "multipleCurrency": false,
    "currencyList": [],
    "amount": "400000000",
    "availableBalance": "400000000",
    "tat": "Pass",
    "sufficient": "success",
    "to": "/request/releaser/detail"
  }
]