[
  {
    "id": 1,
    "currency": "IDR",
    "accountTotalAvailableLimit": "2301919413",
    "accountTotalOutstanding": "1203788670",
    "accountTotalAvailableLimitEquivalent": "2301919413",
    "accountTotalOutstandingEquivalent": "1203788670"
  },
  {
    "id": 2,
    "currency": "USD",
    "accountTotalAvailableLimit": "2319413",
    "accountTotalOutstanding": "20000000000",
    "accountTotalAvailableLimitEquivalent": "2319413",
    "accountTotalOutstandingEquivalent": "20000000000"
  },
  {
    "id": 3,
    "currency": "JPY",
    "accountTotalAvailableLimit": "919413",
    "accountTotalOutstanding": "9208408410",
    "accountTotalAvailableLimitEquivalent": "",
    "accountTotalOutstandingEquivalent": "9208408410"
  },
  {
    "id": 4,
    "currency": "EUR",
    "accountTotalAvailableLimit": "219413",
    "accountTotalOutstanding": "19812365984",
    "accountTotalAvailableLimitEquivalent": "219413",
    "accountTotalOutstandingEquivalent": "19812365984"
  }
]
