[
  {
    "id": 1,
    "value": 1,
    "text": "Al-Azhar Jakarta",
    "subtext": "",
    "icon": ""
  },
  {
    "id": 2,
    "value": 2,
    "text": "Atma Jaya Yogyakarta",
    "subtext": "",
    "icon": ""
  },
  {
    "id": 3,
    "value": 3,
    "text": "BPK Penabur Bandung",
    "subtext": "",
    "icon": ""
  },
  {
    "id": 4,
    "value": 4,
    "text": "BPK Penabur Jakarta",
    "subtext": "",
    "icon": ""
  },
  {
    "id": 5,
    "value": 5,
    "text": "BPK Penabur Gading Serpong",
    "subtext": "",
    "icon": ""
  },
  {
    "id": 6,
    "value": 6,
    "text": "Al-Azhar 2 Jakarta",
    "subtext": "",
    "icon": ""
  },
  {
    "id": 7,
    "value": 7,
    "text": "Atma Jaya 2 Yogyakarta",
    "subtext": "",
    "icon": ""
  },
  {
    "id": 8,
    "value": 8,
    "text": "BPK Penabur 2 Bandung",
    "subtext": "",
    "icon": ""
  },
  {
    "id": 9,
    "value": 9,
    "text": "BPK Penabur 2 Jakarta",
    "subtext": "",
    "icon": ""
  },
  {
    "id": 10,
    "value": 10,
    "text": "BPK Penabur 2 Gading Serpong",
    "subtext": "",
    "icon": ""
  },
  {
    "id": 11,
    "value": 11,
    "text": "Al-Azhar 3 Jakarta",
    "subtext": "",
    "icon": ""
  },
  {
    "id": 12,
    "value": 12,
    "text": "Atma Jaya 3 Yogyakarta",
    "subtext": "",
    "icon": ""
  },
  {
    "id": 13,
    "value": 13,
    "text": "BPK Penabur 3 Bandung",
    "subtext": "",
    "icon": ""
  },
  {
    "id": 14,
    "value": 14,
    "text": "BPK Penabur 3 Jakarta",
    "subtext": "",
    "icon": ""
  },
  {
    "id": 15,
    "value": 15,
    "text": "BPK Penabur 3 Gading Serpong",
    "subtext": "",
    "icon": ""
  }
]
