[
  {
    "buttonGroup": "Payment",
    "icon": "current",
    "variant": "primary90",
    "singleButton": false,
    "singleLink": "",
    "buttonList": [
      {
        "id": "1",
        "to": "/services/local-currency-transfer",
        "icon": "current",
        "label": "Payment",
        "title": "LocalCurrencyTransfer",
        "shortcut": false,
        "from": "/services"
      },
      {
        "id": "2",
        "to": "/services/foreign-currency-transfer",
        "icon": "current",
        "label": "Payment",
        "title": "ForeignCurrencyTransfer",
        "shortcut": false,
        "from": "/services"
      },
      {
        "id": "3",
        "to": "/transfer",
        "icon": "taxPayment",
        "label": "Payment",
        "title": "TaxPayment",
        "shortcut": false,
        "from": "/services"
      },
      {
        "id": "4",
        "to": "/services/bill-payment",
        "icon": "billPayment",
        "label": "Payment",
        "title": "BillPayment",
        "shortcut": false,
        "from": "/services"
      },
      {
        "id": "5",
        "to": "/services/top-up",
        "icon": "topup",
        "label": "Payment",
        "title": "TopUp",
        "shortcut": false,
        "from": "/services"
      },
      {
        "id": "6",
        "to": "/services/bulk-payment",
        "icon": "bulkTransactions",
        "label": "Payment",
        "title": "BulkPayment",
        "shortcut": false,
        "from": "/services"
      },
      {
        "id": "7",
        "to": "/services/recurring",
        "icon": "recurring",
        "label": "Payment",
        "title": "Recurring",
        "shortcut": false,
        "from": "/services"
      }
    ]
  },
  {
    "buttonGroup": "ChequeBookRequest",
    "icon": "chequeRequest",
    "variant": "primary90",
    "singleButton": true,
    "singleLink": "/services/cheque-book-request",
    "buttonList": []
  },
  {
    "buttonGroup": "Collection",
    "icon": "document",
    "variant": "primary90",
    "singleButton": false,
    "singleLink": "",
    "buttonList": [
      {
        "id": "20",
        "to": "/top-up",
        "icon": "current",
        "label": "Collection",
        "title": "DirectDebit",
        "shortcut": false,
        "from": "/services"
      },
      {
        "id": "21",
        "to": "/top-up",
        "icon": "giro",
        "label": "Collection",
        "title": "VirtualAccount",
        "shortcut": false,
        "from": "/services"
      }
    ]
  },
  {
    "buttonGroup": "TimeDeposit",
    "icon": "deposito",
    "variant": "primary90",
    "singleButton": false,
    "singleLink": "",
    "buttonList": [
      {
        "id": "1",
        "to": "/services",
        "icon": "deposito",
        "label": "Time Deposit",
        "title": "OpenNewTimeDeposit",
        "shortcut": false,
        "from": "/services"
      },
      {
        "id": "2",
        "to": "/services",
        "icon": "billPayment",
        "label": "Time Deposit",
        "title": "Break",
        "shortcut": false,
        "from": "/services"
      },
      {
        "id": "3",
        "to": "/services",
        "icon": "timeDepositeChange",
        "label": "Time Deposit",
        "title": "ModifyRollOver",
        "shortcut": false,
        "from": "/services"
      }
    ]
  },
  {
    "buttonGroup": "Fx",
    "icon": "fx",
    "variant": "primary90",
    "singleButton": true,
    "singleLink": "/services",
    "buttonList": []
  },
  {
    "buttonGroup": "Favorites",
    "icon": "star",
    "variant": "primary90",
    "singleButton": true,
    "singleLink": "/services/favorites",
    "buttonList": []
  },
  {
    "buttonGroup": "QueryManagement",
    "icon": "report",
    "variant": "primary90",
    "singleButton": false,
    "singleLink": "",
    "buttonList": [
      {
        "id": "27",
        "to": "/services",
        "icon": "giro",
        "label": "Query Management",
        "title": "AccountSummary",
        "shortcut": false,
        "from": "/services"
      },
      {
        "id": "28",
        "to": "/services",
        "icon": "document",
        "label": "Query Management",
        "title": "AccountStatement",
        "shortcut": false,
        "from": "/services"
      },
      {
        "id": "29",
        "to": "/services",
        "icon": "deposito",
        "label": "Query Management",
        "title": "TimeDeposit",
        "shortcut": false,
        "from": "/services"
      },
      {
        "id": "30",
        "to": "/services",
        "icon": "instalment",
        "label": "Query Management",
        "title": "LoanAccount",
        "shortcut": false,
        "from": "/services"
      },
      {
        "id": "31",
        "to": "/services",
        "icon": "revolvingLoan",
        "label": "Query Management",
        "title": "FacilitySummary",
        "shortcut": false,
        "from": "/services"
      },
      {
        "id": "32",
        "to": "/services",
        "icon": "current",
        "label": "Query Management",
        "title": "PaymentSummary",
        "shortcut": false,
        "from": "/services"
      },
      {
        "id": "33",
        "to": "/services",
        "icon": "report",
        "label": "Query Management",
        "title": "PersonalizedReport",
        "shortcut": false,
        "from": "/services"
      },
      {
        "id": "34",
        "to": "/services",
        "icon": "advice",
        "label": "Query Management",
        "title": "DownloadAdvice",
        "shortcut": false,
        "from": "/services"
      }
    ]
  },
  {
    "buttonGroup": "Information",
    "icon": "info",
    "variant": "primary90",
    "singleButton": false,
    "singleLink": "",
    "buttonList": [
      {
        "id": "27",
        "to": "/services",
        "icon": "fx",
        "label": "Information",
        "title": "ForexRateInquiry",
        "shortcut": false,
        "from": "/services"
      },
      {
        "id": "28",
        "to": "/services",
        "icon": "cutOffTime",
        "label": "Information",
        "title": "CutOffTime",
        "shortcut": false,
        "from": "/services"
      },
      {
        "id": "29",
        "to": "/services",
        "icon": "report",
        "label": "Information",
        "title": "Faq",
        "shortcut": false,
        "from": "/services"
      },
      {
        "id": "30",
        "to": "/services",
        "icon": "report",
        "label": "Information",
        "title": "UserGroupLimitUsage",
        "shortcut": false,
        "from": "/services"
      },
      {
        "id": "31",
        "to": "/services",
        "icon": "advice",
        "label": "Information",
        "title": "DomesticBank",
        "shortcut": false,
        "from": "/services"
      },
      {
        "id": "32",
        "to": "/services",
        "icon": "report",
        "label": "Information",
        "title": "UnderlyingDocumentInquiry",
        "shortcut": false,
        "from": "/services"
      }
    ]
  },
  {
    "buttonGroup": "Utilities",
    "icon": "download",
    "variant": "primary90",
    "singleButton": false,
    "singleLink": "",
    "buttonList": [
      {
        "id": "27",
        "to": "/services",
        "icon": "download",
        "label": "Utilities",
        "title": "DownloadTemplate",
        "shortcut": false,
        "from": "/services"
      },
      {
        "id": "28",
        "to": "/services",
        "icon": "download",
        "label": "Utilities",
        "title": "FileXnetDownload",
        "shortcut": false,
        "from": "/services"
      }
    ]
  },
  {
    "buttonGroup": "LiquidityManagement",
    "icon": "serviceSetup",
    "variant": "primary90",
    "singleButton": false,
    "singleLink": "",
    "buttonList": [
      {
        "id": "27",
        "to": "/services",
        "icon": "current",
        "label": "Liquidity Management",
        "title": "SweepIn",
        "shortcut": false,
        "from": "/services"
      },
      {
        "id": "28",
        "to": "/services",
        "icon": "current",
        "label": "Liquidity Management",
        "title": "SweepOut",
        "shortcut": false,
        "from": "/services"
      },
      {
        "id": "29",
        "to": "/services",
        "icon": "current",
        "label": "Liquidity Management",
        "title": "RangeBalance",
        "shortcut": false,
        "from": "/services"
      }
    ]
  }
]
