[
  {
    "id": 1,
    "value": "+62",
    "text": "Indonesia",
    "show": true,
    "isChecked": true
  },
  {
    "id": 2,
    "value": "+65",
    "text": "Malaysia",
    "show": true,
    "isChecked": false
  },
  {
    "id": 3,
    "value": "+70",
    "text": "India",
    "show": true,
    "isChecked": false
  },
  {
    "id": 4,
    "value": "+41",
    "text": "Rusia",
    "show": true,
    "isChecked": false
  },
  {
    "id": 5,
    "value": "+98",
    "text": "Jerman",
    "show": true,
    "isChecked": false
  },
  {
    "id": 6,
    "value": "+93",
    "text": "Afghanistan",
    "show": true,
    "isChecked": false
  },
  {
    "id": 7,
    "value": "+355",
    "text": "Albania",
    "show": true,
    "isChecked": false
  },
  {
    "id": 8,
    "value": "+213",
    "text": "Algeria",
    "show": true,
    "isChecked": false
  }
]
