[
  {
    "id": 1,
    "icon": "insights",
    "title": "Insight",
    "active": false,
    "goTo": "#"
  },
  {
    "id": 2,
    "icon": "tabungan",
    "title": "Current & Savings",
    "active": false,
    "goTo": "/accounts/casa"
  },
  {
    "id": 3,
    "icon": "deposito",
    "title": "Time Deposit",
    "active": true,
    "goTo": "/accounts/time-deposit"
  },
  {
    "id": 4,
    "icon": "instalment",
    "title": "Installment Loan",
    "active": false,
    "goTo": "#"
  },
  {
    "id": 5,
    "icon": "revolving_loan",
    "title": "Revolving Loan",
    "active": false,
    "goTo": "#"
  },
  {
    "id": 6,
    "icon": "trade_finance",
    "title": "Trade Finance",
    "active": false,
    "goTo": "#"
  },
  {
    "id": 7,
    "icon": "guarantee",
    "title": "Trade Guarantee",
    "active": false,
    "goTo": "#"
  },
  {
    "id": 7,
    "icon": "value_chain",
    "title": "Value Chain",
    "active": false,
    "goTo": "#"
  },
  {
    "id": 8,
    "icon": "global_market",
    "title": "Treasury Solution",
    "active": false,
    "goTo": "#"
  }
]