[
  {
    "icon": "",
    "title": "Validating",
    "decription": [
      "CutOffTimeWIBWorkingDay_APIDATA"
    ],
    "decriptionAPIdata": []
  },
  {
    "icon": "",
    "title": "Ready to proceed",
    "decription": [
      "CutOffTimeWIBWorkingDay_APIDATA"
    ],
    "decriptionAPIdata": []
  },
  {
    "icon": "",
    "title": "Need to repair",
    "decription": [
      "CutOffTimeWIBWorkingDay_APIDATA"
    ],
    "decriptionAPIdata": []
  },
  {
    "icon": "",
    "title": "File format error",
    "decription": [
      "CutOffTimeWIBWorkingDay_APIDATA"
    ],
    "decriptionAPIdata": []
  }
]
