{
  "fromAcccount": [
    {
      "label": "Account",
      "value": "PT Astra Indonesia | 0042-8820-1229 | IDR"
    }
  ],
  "payeeDetails": [
    {
      "label": "Category",
      "value": "ShopeePay"
    },
    {
      "label": "ShopeePayMobileNumber",
      "value": "0812-8879-700"
    },
    {
      "label": "CustomerName",
      "value": "SHOPEEPAY/R********N"
    }
  ],
  "transactionDetails": [
    {
      "label": "TopUpAmount",
      "value": "IDR 500,000.00"
    },
    {
      "label": "TransactionFee",
      "value": "IDR 1,000.00"
    },
    {
      "label": "TotalDebitAmount",
      "value": "IDR 501,000.00"
    },
    {
      "label": "TransactionDate",
      "value": "24 Jun 2021"
    },
    {
      "label": "TransactionReferenceNumber",
      "value": "1231-2412-4141-2333"
    }
  ],
  "additionalDetails": [
    {
      "label": "RecipientEmail",
      "value": "-"
    },
    {
      "label": "RecipientWhatsAppNumber1",
      "value": "+62 8123-4567-8"
    }
  ]
}