{
  "fromAcccount": [
    {
      "label": "Account",
      "value": "PT Astra Indonesia | 0042-8820-1229 | IDR"
    }
  ],
  "payeeDetails": [
    {
      "label": "Category",
      "value": "Game Voucher"
    },
    {
      "label": "Game",
      "value": "PUBG Steam Key"
    }
  ],
  "transactionDetails": [
    {
      "label": "TotalPrice",
      "value": "IDR 215,000.00"
    },
    {
      "label": "TransactionFee",
      "value": "IDR 0.00"
    },
    {
      "label": "TotalDebitAmount",
      "value": "IDR 215,000.00"
    },
    {
      "label": "TransactionDate",
      "value": "24 Jun 2021"
    }
  ],
  "additionalDetails": [
    {
      "label": "RecipientEmail",
      "value": "-"
    },
    {
      "label": "RecipientWhatsAppNumber1",
      "value": "+62 8123-4567-8"
    }
  ]
}