{
  "fromAcccount": [
    {
      "label": "Account",
      "value": "PT Astra Indonesia | 0042-8820-1229 | IDR"
    }
  ],
  "payeeDetails": [
    {
      "label": "Category",
      "value": "Mobile Data Package"
    },
    {
      "label": "MobileNumber",
      "value": "0812-8879-700"
    },
    {
      "label": "Provider",
      "value": "XL Axiata"
    }
  ],
  "transactionDetails": [
    {
      "label": "MobileDataPackage",
      "value": "HotRod 8GB"
    },
    {
      "label": "TotalPrice",
      "value": "IDR 130,000.00"
    },
    {
      "label": "TransactionFee",
      "value": "IDR 0.00"
    },
    {
      "label": "TotalDebitAmount",
      "value": "IDR 130,000.00"
    },
    {
      "label": "TransactionDate",
      "value": "24 Jun 2021"
    }
  ],
  "additionalDetails": [
    {
      "label": "RecipientEmail",
      "value": "-"
    },
    {
      "label": "RecipientWhatsAppNumber1",
      "value": "+62 8123-4567-8"
    }
  ]
}