{
  "fromAcccount": [
    {
      "label": "Account",
      "value": "PT Astra Indonesia | 0042-8820-1229 | IDR"
    }
  ],
  "payeeDetails": [
    {
      "label": "Category",
      "value": "Game Voucher"
    },
    {
      "label": "Game",
      "value": "Steam Wallet"
    }
  ],
  "transactionDetails": [
    {
      "label": "SteamWallet",
      "value": "Steam Rp 45,000"
    },
    {
      "label": "TotalPrice",
      "value": "IDR 53,000.00"
    },
    {
      "label": "TransactionFee",
      "value": "IDR 0.00"
    },
    {
      "label": "TotalDebitAmount",
      "value": "IDR 53,000.00"
    },
    {
      "label": "TransactionDate",
      "value": "24 Jun 2021"
    }
  ],
  "additionalDetails": [
    {
      "label": "RecipientEmail",
      "value": "-"
    },
    {
      "label": "RecipientWhatsAppNumber1",
      "value": "+62 8123-4567-8"
    }
  ]
}