{
  "fromAcccount": [
    {
      "label": "Account",
      "value": "PT Astra Indonesia | 0042-8820-1229 | IDR"
    }
  ],
  "payeeDetails": [
    {
      "label": "Category",
      "value": "Game Voucher"
    },
    {
      "label": "Game",
      "value": "Mobile Legends"
    },
    {
      "label": "MobileLegendsUserID",
      "value": "2558-1762-9 (22580)"
    }
  ],
  "transactionDetails": [
    {
      "label": "MobileLegendsVoucher",
      "value": "85 Diamonds"
    },
    {
      "label": "TotalPrice",
      "value": "IDR 28,000.00"
    },
    {
      "label": "TransactionFee",
      "value": "IDR 0.00"
    },
    {
      "label": "TotalDebitAmount",
      "value": "IDR 28,000.00"
    },
    {
      "label": "TransactionDate",
      "value": "24 Jun 2021"
    },
    {
      "label": "TransactionReferenceNo",
      "value": "1231-2412-4141-2333"
    }
  ],
  "additionalDetails": [
    {
      "label": "RecipientEmail",
      "value": "-"
    },
    {
      "label": "RecipientWhatsAppNumber1",
      "value": "+62 8123-4567-8"
    }
  ]
}