[
  {
    "id": 1,
    "title": "Customer Reference Detail",
    "code": "C100#8881200022DDER5",
    "isChecked": false,
    "isEdited": false,
    "datas": [
      {
        "current": [
          {
            "transactionDate": 1612512280000,
            "transactionType": "LLG",
            "fromName": "PT Toyota Motor Manufacturing Indonesia",
            "fromCode": "IDR | 0080-1439-5901",
            "toName": "PT ABC",
            "toBank": "OCBC",
            "toCode": "7280-1234-5670",
            "currency": "IDR",
            "multipleCurrency": false,
            "currencyList": [],
            "amount": 500000000,
            "trxStatus": "Successful"
          }
        ],
        "previous": [
          {
            "transactionDate": 1612512280000,
            "transactionType": "LLG",
            "fromName": "PT Toyota Motor Manufacturing Indonesia",
            "fromCode": "IDR | 0080-1439-5901",
            "toName": "PT ABC",
            "toBank": "OCBC",
            "toCode": "7280-1234-5670",
            "currency": "USD",
            "multipleCurrency": false,
            "currencyList": [],
            "amount": 500000000,
            "trxStatus": "Successful"
          },
          {
            "transactionDate": 1612512280000,
            "transactionType": "LLG",
            "fromName": "PT Toyota Motor Manufacturing Indonesia",
            "fromCode": "IDR | 0080-1439-5901",
            "toName": "PT ABC",
            "toBank": "OCBC",
            "toCode": "7280-1234-5670",
            "currency": "IDR",
            "multipleCurrency": false,
            "currencyList": [],
            "amount": 500000000,
            "trxStatus": "Successful"
          },
          {
            "transactionDate": 1612512280000,
            "transactionType": "LLG",
            "fromName": "PT Toyota Motor Manufacturing Indonesia",
            "fromCode": "IDR | 0080-1439-5901",
            "toName": "PT ABC",
            "toBank": "OCBC",
            "toCode": "7280-1234-5670",
            "currency": "IDR",
            "multipleCurrency": false,
            "currencyList": [],
            "amount": 500000000,
            "trxStatus": "Successful"
          }
        ]
      }
    ]
  },
  {
    "id": 2,
    "title": "Customer Reference Detail",
    "code": "C100#8881200022DDER2",
    "isChecked": false,
    "isEdited": false,
    "datas": [
      {
        "current": [
          {
            "transactionDate": 1612512280000,
            "transactionType": "LLG",
            "fromName": "PT Toyota Motor Manufacturing Indonesia",
            "fromCode": "IDR | 0080-1439-5901",
            "toName": "PT ABC",
            "toBank": "OCBC",
            "toCode": "7280-1234-5670",
            "currency": "IDR",
            "multipleCurrency": false,
            "currencyList": [],
            "amount": 500000000,
            "trxStatus": "Successful"
          }
        ],
        "previous": [
          {
            "transactionDate": 1612512280000,
            "transactionType": "LLG",
            "fromName": "PT Toyota Motor Manufacturing Indonesia",
            "fromCode": "IDR | 0080-1439-5901",
            "toName": "PT ABC",
            "toBank": "OCBC",
            "toCode": "7280-1234-5670",
            "currency": "IDR",
            "multipleCurrency": false,
            "currencyList": [],
            "amount": 500000000,
            "trxStatus": "Successful"
          },
          {
            "transactionDate": 1612512280000,
            "transactionType": "LLG",
            "fromName": "PT Toyota Motor Manufacturing Indonesia",
            "fromCode": "IDR | 0080-1439-5901",
            "toName": "PT ABC",
            "toBank": "OCBC",
            "toCode": "7280-1234-5670",
            "currency": "IDR",
            "multipleCurrency": false,
            "currencyList": [],
            "amount": 500000000,
            "trxStatus": "Successful"
          },
          {
            "transactionDate": 1612512280000,
            "transactionType": "LLG",
            "fromName": "PT Toyota Motor Manufacturing Indonesia",
            "fromCode": "IDR | 0080-1439-5901",
            "toName": "PT ABC",
            "toBank": "OCBC",
            "toCode": "7280-1234-5670",
            "currency": "IDR",
            "multipleCurrency": false,
            "currencyList": [],
            "amount": 500000000,
            "trxStatus": "Successful"
          }
        ]
      }
    ]
  }
]
