[
  {
    "id": "1",
    "transactionDate": "02 Aug 2021",
    "transactionValue": "02 Aug 2021",
    "description": "Interest payment",
    "amount": "8,666,667.00",
    "type": "credit"
  },
  {
    "id": "2",
    "transactionDate": "01 Jul 2021",
    "transactionValue": "01 Jul 2021",
    "description": "Interest payment",
    "amount": "7,854,167.00",
    "type": "credit"
  },
  {
    "id": "3",
    "transactionDate": "02 Jun 2021",
    "transactionValue": "02 Jun 2021",
    "description": "Interest payment",
    "amount": "8,125,000.00" ,
    "type": "credit"
  },
  {
    "id": "4",
    "transactionDate": "03 May 2021",
    "transactionValue": "03 May 2021",
    "description": "Interest payment",
    "amount": "5,145,833.00",
    "type": "credit"
  },
  {
    "id": "5",
    "transactionDate": "14 Apr 2021",
    "transactionValue": "14 Apr 2021",
    "description": "Disbursement",
    "amount": "1,000,000,000.00",
    "type": "debit"
  }
]