[
  {
    "id": 1,
    "date": "16 Aug 2021",
    "description": "PB KE UNITED TRACTORS, PT.",
    "amount": "36719375",
    "transactionBalance": "debit",
    "transactionType": "payment-credit-debit",
    "transactionInterestPayment": "Interest Payment Aug 2021",
    "transaction": {
      "transactionDate": "16 Aug 2021",
      "transactionChannel": "Permata e-Business",
      "transactionNumber": "1239-2913-0330-2222",
      "transactionCustomerNumber": "INVOICEA001",
      "transactionRemitterReference": "-"
    },
    "account": {
      "accountNumber": "0012-5678-9090",
      "accountName": "PT DIAMETR INV",
      "accountBank": "PermataBank"
    },
    "beneficiary": {
      "beneficiaryNumber": "0012-5678-8080",
      "beneficiaryName": "PT UNITED TRACTORS",
      "beneficiaryBank": "PermataBank"
    },
    "payment": {
      "paymentAmount": 6417950,
      "paymentType": "Overbooking",
      "currency": "IDR"
    }
  },
  {
    "id": 2,
    "date": "16 Aug 2021",
    "description": "PB KE UNITED TRACTORS, PT.",
    "amount": "121000000",
    "transactionBalance": "debit",
    "transactionType": "payment-credit-debit",
    "transactionInterestPayment": "Interest Payment Aug 2021",
    "transaction": {
      "transactionDate": "16 Aug 2021",
      "transactionChannel": "Permata e-Business",
      "transactionNumber": "1239-2913-0330-2222",
      "transactionCustomerNumber": "INVOICEA001",
      "transactionRemitterReference": "-"
    },
    "account": {
      "accountNumber": "0012-5678-9090",
      "accountName": "PT DIAMETR INV",
      "accountBank": "PermataBank"
    },
    "beneficiary": {
      "beneficiaryNumber": "0012-5678-8080",
      "beneficiaryName": "PT UNITED TRACTORS",
      "beneficiaryBank": "PermataBank"
    },
    "payment": {
      "paymentAmount": 6417950,
      "paymentType": "Overbooking",
      "currency": "IDR"
    }
  },
  {
    "id": 3,
    "date": "16 Aug 2021",
    "description": "PB KE UNITED TRACTORS, PT.",
    "amount": "13378057",
    "transactionBalance": "debit",
    "transactionType": "payment-credit-debit",
    "transactionInterestPayment": "Interest Payment Aug 2021",
    "transaction": {
      "transactionDate": "16 Aug 2021",
      "transactionChannel": "Permata e-Business",
      "transactionNumber": "1239-2913-0330-2222",
      "transactionCustomerNumber": "INVOICEA001",
      "transactionRemitterReference": "-"
    },
    "account": {
      "accountNumber": "0012-5678-9090",
      "accountName": "PT DIAMETR INV",
      "accountBank": "PermataBank"
    },
    "beneficiary": {
      "beneficiaryNumber": "0012-5678-8080",
      "beneficiaryName": "PT UNITED TRACTORS",
      "beneficiaryBank": "PermataBank"
    },
    "payment": {
      "paymentAmount": 6417950,
      "paymentType": "Overbooking",
      "currency": "IDR"
    }
  },
  {
    "id": 4,
    "date": "16 Aug 2021",
    "description": "PB KE UNITED TRACTORS, PT.",
    "amount": "29244831",
    "transactionBalance": "debit",
    "transactionType": "payment-credit-debit",
    "transactionInterestPayment": "Interest Payment Aug 2021",
    "transaction": {
      "transactionDate": "16 Aug 2021",
      "transactionChannel": "Permata e-Business",
      "transactionNumber": "1239-2913-0330-2222",
      "transactionCustomerNumber": "INVOICEA001",
      "transactionRemitterReference": "-"
    },
    "account": {
      "accountNumber": "0012-5678-9090",
      "accountName": "PT DIAMETR INV",
      "accountBank": "PermataBank"
    },
    "beneficiary": {
      "beneficiaryNumber": "0012-5678-8080",
      "beneficiaryName": "PT UNITED TRACTORS",
      "beneficiaryBank": "PermataBank"
    },
    "payment": {
      "paymentAmount": 6417950,
      "paymentType": "Overbooking",
      "currency": "IDR"
    }
  },
  {
    "id": 5,
    "date": "16 Aug 2021",
    "description": "PB KE UNITED TRACTORS, PT.",
    "amount": "2432430",
    "transactionBalance": "debit",
    "transactionType": "payment-credit-debit",
    "transactionInterestPayment": "Interest Payment Aug 2021",
    "transaction": {
      "transactionDate": "16 Aug 2021",
      "transactionChannel": "Permata e-Business",
      "transactionNumber": "1239-2913-0330-2222",
      "transactionCustomerNumber": "INVOICEA001",
      "transactionRemitterReference": "-"
    },
    "account": {
      "accountNumber": "0012-5678-9090",
      "accountName": "PT DIAMETR INV",
      "accountBank": "PermataBank"
    },
    "beneficiary": {
      "beneficiaryNumber": "0012-5678-8080",
      "beneficiaryName": "PT UNITED TRACTORS",
      "beneficiaryBank": "PermataBank"
    },
    "payment": {
      "paymentAmount": 6417950,
      "paymentType": "Overbooking",
      "currency": "IDR"
    }
  },
  {
    "id": 6,
    "date": "16 Aug 2021",
    "description": "PB KE UNITED TRACTORS, PT.",
    "amount": "2815890",
    "transactionBalance": "debit",
    "transactionType": "payment-credit-debit",
    "transactionInterestPayment": "Interest Payment Aug 2021",
    "transaction": {
      "transactionDate": "16 Aug 2021",
      "transactionChannel": "Permata e-Business",
      "transactionNumber": "1239-2913-0330-2222",
      "transactionCustomerNumber": "INVOICEA001",
      "transactionRemitterReference": "-"
    },
    "account": {
      "accountNumber": "0012-5678-9090",
      "accountName": "PT DIAMETR INV",
      "accountBank": "PermataBank"
    },
    "beneficiary": {
      "beneficiaryNumber": "0012-5678-8080",
      "beneficiaryName": "PT UNITED TRACTORS",
      "beneficiaryBank": "PermataBank"
    },
    "payment": {
      "paymentAmount": 6417950,
      "paymentType": "Overbooking",
      "currency": "IDR"
    }
  },
  {
    "id": 7,
    "date": "31 Aug 2021",
    "description": "TRF DARI MULTIGUNA MARITIM PT.",
    "amount": "30000000",
    "transactionBalance": "credit",
    "transactionType": "payment-credit-debit",
    "transactionInterestPayment": "Interest Payment Aug 2021",
    "transaction": {
      "transactionDate": "31 Aug 2021",
      "transactionChannel": "Permata e-Business",
      "transactionNumber": "1239-2913-0330-2222",
      "transactionCustomerNumber": "INVOICEA001",
      "transactionRemitterReference": "-"
    },
    "account": {
      "accountNumber": "0012-5678-9090",
      "accountName": "PT DIAMETR INV",
      "accountBank": "PermataBank"
    },
    "beneficiary": {
      "beneficiaryNumber": "0012-5678-8080",
      "beneficiaryName": "PT UNITED TRACTORS",
      "beneficiaryBank": "PermataBank"
    },
    "payment": {
      "paymentAmount": 6417950,
      "paymentType": "Overbooking",
      "currency": "IDR"
    }
  },
  {
    "id": 8,
    "date": "31 Aug 2021",
    "description": "PB KE UNITED TRACTORS, PT.",
    "amount": "2385152",
    "transactionBalance": "debit",
    "transactionType": "payment-credit-debit",
    "transactionInterestPayment": "Interest Payment Aug 2021",
    "transaction": {
      "transactionDate": "31 Aug 2021",
      "transactionChannel": "Permata e-Business",
      "transactionNumber": "1239-2913-0330-2222",
      "transactionCustomerNumber": "INVOICEA001",
      "transactionRemitterReference": "-"
    },
    "account": {
      "accountNumber": "0012-5678-9090",
      "accountName": "PT DIAMETR INV",
      "accountBank": "PermataBank"
    },
    "beneficiary": {
      "beneficiaryNumber": "0012-5678-8080",
      "beneficiaryName": "PT UNITED TRACTORS",
      "beneficiaryBank": "PermataBank"
    },
    "payment": {
      "paymentAmount": 6417950,
      "paymentType": "Overbooking",
      "currency": "IDR"
    }
  },
  {
    "id": 9,
    "date": "31 Aug 2021",
    "description": "PB KE UNITED TRACTORS, PT.",
    "amount": "22916586",
    "transactionBalance": "debit",
    "transactionType": "payment-credit-debit",
    "transactionInterestPayment": "Interest Payment Aug 2021",
    "transaction": {
      "transactionDate": "31 Aug 2021",
      "transactionChannel": "Permata e-Business",
      "transactionNumber": "1239-2913-0330-2222",
      "transactionCustomerNumber": "INVOICEA001",
      "transactionRemitterReference": "-"
    },
    "account": {
      "accountNumber": "0012-5678-9090",
      "accountName": "PT DIAMETR INV",
      "accountBank": "PermataBank"
    },
    "beneficiary": {
      "beneficiaryNumber": "0012-5678-8080",
      "beneficiaryName": "PT UNITED TRACTORS",
      "beneficiaryBank": "PermataBank"
    },
    "payment": {
      "paymentAmount": 6417950,
      "paymentType": "Overbooking",
      "currency": "IDR"
    }
  },
  {
    "id": 10,
    "date": "31 Aug 2021",
    "description": "PB KE UNITED TRACTORS, PT.",
    "amount": "16002525",
    "transactionBalance": "debit",
    "transactionType": "payment-credit-debit",
    "transactionInterestPayment": "Interest Payment Aug 2021",
    "transaction": {
      "transactionDate": "31 Aug 2021",
      "transactionChannel": "Permata e-Business",
      "transactionNumber": "1239-2913-0330-2222",
      "transactionCustomerNumber": "INVOICEA001",
      "transactionRemitterReference": "-"
    },
    "account": {
      "accountNumber": "0012-5678-9090",
      "accountName": "PT DIAMETR INV",
      "accountBank": "PermataBank"
    },
    "beneficiary": {
      "beneficiaryNumber": "0012-5678-8080",
      "beneficiaryName": "PT UNITED TRACTORS",
      "beneficiaryBank": "PermataBank"
    },
    "payment": {
      "paymentAmount": 6417950,
      "paymentType": "Overbooking",
      "currency": "IDR"
    }
  },
  {
    "id": 11,
    "date": "15 Sep 2021",
    "description": "TRF DARI MULTIGUNA MARITIM PT.",
    "amount": "30000000",
    "transactionBalance": "credit",
    "transactionType": "payment-credit-debit",
    "transactionInterestPayment": "Interest Payment Aug 2021",
    "transaction": {
      "transactionDate": "15 Sep 2021",
      "transactionChannel": "Permata e-Business",
      "transactionNumber": "1239-2913-0330-2222",
      "transactionCustomerNumber": "INVOICEA001",
      "transactionRemitterReference": "-"
    },
    "account": {
      "accountNumber": "0012-5678-9090",
      "accountName": "PT DIAMETR INV",
      "accountBank": "PermataBank"
    },
    "beneficiary": {
      "beneficiaryNumber": "0012-5678-8080",
      "beneficiaryName": "PT UNITED TRACTORS",
      "beneficiaryBank": "PermataBank"
    },
    "payment": {
      "paymentAmount": 6417950,
      "paymentType": "Overbooking",
      "currency": "IDR"
    }
  },
  {
    "id": 12,
    "date": "15 Sep 2021",
    "description": "Biaya adm. Bulan September 202",
    "amount": "40000",
    "transactionBalance": "debit",
    "transactionType": "payment-credit-debit",
    "transactionInterestPayment": "Interest Payment Aug 2021",
    "transaction": {
      "transactionDate": "15 Sep 2021",
      "transactionChannel": "Permata e-Business",
      "transactionNumber": "1239-2913-0330-2222",
      "transactionCustomerNumber": "INVOICEA001",
      "transactionRemitterReference": "-"
    },
    "account": {
      "accountNumber": "0012-5678-9090",
      "accountName": "PT DIAMETR INV",
      "accountBank": "PermataBank"
    },
    "beneficiary": {
      "beneficiaryNumber": "0012-5678-8080",
      "beneficiaryName": "PT UNITED TRACTORS",
      "beneficiaryBank": "PermataBank"
    },
    "payment": {
      "paymentAmount": 6417950,
      "paymentType": "Overbooking",
      "currency": "IDR"
    }
  },
  {
    "id": 13,
    "date": "15 Sep 2021",
    "description": "PB KE UNITED TRACTORS, PT.",
    "amount": "13365000",
    "transactionBalance": "debit",
    "transactionType": "payment-credit-debit",
    "transactionInterestPayment": "Interest Payment Aug 2021",
    "transaction": {
      "transactionDate": "15 Sep 2021",
      "transactionChannel": "Permata e-Business",
      "transactionNumber": "1239-2913-0330-2222",
      "transactionCustomerNumber": "INVOICEA001",
      "transactionRemitterReference": "-"
    },
    "account": {
      "accountNumber": "0012-5678-9090",
      "accountName": "PT DIAMETR INV",
      "accountBank": "PermataBank"
    },
    "beneficiary": {
      "beneficiaryNumber": "0012-5678-8080",
      "beneficiaryName": "PT UNITED TRACTORS",
      "beneficiaryBank": "PermataBank"
    },
    "payment": {
      "paymentAmount": 6417950,
      "paymentType": "Overbooking",
      "currency": "IDR"
    }
  },
  {
    "id": 14,
    "date": "15 Sep 2021",
    "description": "PB KE UNITED TRACTORS, PT.",
    "amount": "17898034",
    "transactionBalance": "debit",
    "transactionType": "payment-credit-debit",
    "transactionInterestPayment": "Interest Payment Aug 2021",
    "transaction": {
      "transactionDate": "15 Sep 2021",
      "transactionChannel": "Permata e-Business",
      "transactionNumber": "1239-2913-0330-2222",
      "transactionCustomerNumber": "INVOICEA001",
      "transactionRemitterReference": "-"
    },
    "account": {
      "accountNumber": "0012-5678-9090",
      "accountName": "PT DIAMETR INV",
      "accountBank": "PermataBank"
    },
    "beneficiary": {
      "beneficiaryNumber": "0012-5678-8080",
      "beneficiaryName": "PT UNITED TRACTORS",
      "beneficiaryBank": "PermataBank"
    },
    "payment": {
      "paymentAmount": 6417950,
      "paymentType": "Overbooking",
      "currency": "IDR"
    }
  }
]
