{
  "fromAcccount": [
    {
      "label": "Account",
      "value": "PT Astra Indonesia | 0042-8820-1229 | IDR"
    }
  ],
  "payeeDetails": [
    {
      "label": "Category",
      "value": "PLN Postpaid"
    },
    {
      "label": "PLNCustomerID",
      "value": "5455-0116-9998"
    },
    {
      "label": "PLNSubscription",
      "value": "Budi Setiawan"
    },
    {
      "label": "TotalOutstanding",
      "value": "0 Month"
    },
    {
      "label": "MTYR",
      "value": "Jan 16"
    }
  ],
  "transactionDetails": [
    {
      "label": "Amount",
      "value": "IDR 500,000.00"
    },
    {
      "label": "TransactionFee",
      "value": "IDR 3,000.00"
    },
    {
      "label": "TotalDebitAmount",
      "value": "IDR 503,000.00"
    },
    {
      "label": "TransactionDate",
      "value": "24 Jun 2021"
    },
    {
      "label": "ExpiryDate",
      "value": "07 Jul 2021"
    },
    {
      "label": "TransactionReferenceNumber",
      "value": "1231-2412-4141-2333"
    }
  ],
  "additionalDetails": [
    {
      "label": "RecipientEmail",
      "value": "-"
    },
    {
      "label": "RecipientWhatsAppNumber1",
      "value": "+62 8123-4567-8"
    }
  ]
}
