[
  {
    "id": "1",
    "transactionDate": "02 Aug 2021",
    "transactionValue": "02 Aug 2021",
    "referenceNumber": "1234-4562-3913-9133",
    "customerNote": "OLB11318238719176152",
    "chequeNumber": "1234-4562-3913",
    "transactionCode": "375",
    "description": "Interest LN Pay.00008833010000",
    "debit": "-",
    "credit": "8,666,667.00"
  },
  {
    "id": "2",
    "transactionDate": "02 Aug 2021",
    "transactionValue": "02 Aug 2021",
    "referenceNumber": "1234-4562-3913-9133",
    "customerNote": "OLB11318238719176152",
    "chequeNumber": "1234-4562-3913",
    "transactionCode": "375",
    "description": "Interest LN Pay.00008833010000",
    "debit": "-",
    "credit": "8,666,667.00"
  },
  {
    "id": "3",
    "transactionDate": "02 Aug 2021",
    "transactionValue": "02 Aug 2021",
    "referenceNumber": "1234-4562-3913-9133",
    "customerNote": "OLB11318238719176152",
    "chequeNumber": "1234-4562-3913",
    "transactionCode": "375",
    "description": "Interest LN Pay.00008833010000",
    "debit": "-",
    "credit": "4,333,333.00"
  },
  {
    "id": "4",
    "transactionDate": "02 Aug 2021",
    "transactionValue": "02 Aug 2021",
    "referenceNumber": "1234-4562-3913-9133",
    "customerNote": "OLB11318238719176152",
    "chequeNumber": "1234-4562-3913",
    "transactionCode": "375",
    "description": "Interest LN Pay.00008833010000",
    "debit": "-",
    "credit": "7,431,289.00"
  },
  {
    "id": "5",
    "transactionDate": "02 Aug 2021",
    "transactionValue": "02 Aug 2021",
    "referenceNumber": "1234-4562-3913-9133",
    "customerNote": "OLB11318238719176152",
    "chequeNumber": "1234-4562-3913",
    "transactionCode": "375",
    "description": "PB DISB PIF 884001-32204/LDSST",
    "debit": "-",
    "credit": "462,079,015.00"
  },
  {
    "id": "6",
    "transactionDate": "02 Aug 2021",
    "transactionValue": "02 Aug 2021",
    "referenceNumber": "1234-4562-3913-9133",
    "customerNote": "OLB11318238719176152",
    "chequeNumber": "1234-4562-3913",
    "transactionCode": "375",
    "description": "PB OB from loan 88400100003220",
    "debit": "462,079,015.00",
    "credit": "-"
  },
  {
    "id": "7",
    "transactionDate": "02 Aug 2021",
    "transactionValue": "02 Aug 2021",
    "referenceNumber": "1234-4562-3913-9133",
    "customerNote": "OLB11318238719176152",
    "chequeNumber": "1234-4562-3913",
    "transactionCode": "375",
    "description": "PB DISB PIF 884001-32259/LDSST",
    "debit": "-",
    "credit": "335,202,674.00"
  },
  {
    "id": "8",
    "transactionDate": "02 Aug 2021",
    "transactionValue": "02 Aug 2021",
    "referenceNumber": "1234-4562-3913-9133",
    "customerNote": "OLB11318238719176152",
    "chequeNumber": "1234-4562-3913",
    "transactionCode": "375",
    "description": "PB OB from loan 88400100003225",
    "debit": "335,202,674.00",
    "credit": "-"
  },
  {
    "id": "9",
    "transactionDate": "02 Aug 2021",
    "transactionValue": "02 Aug 2021",
    "referenceNumber": "1234-4562-3913-9133",
    "customerNote": "OLB11318238719176152",
    "chequeNumber": "1234-4562-3913",
    "transactionCode": "375",
    "description": "SETORAN TUNAI 809",
    "debit": "15,000,000.00",
    "credit": "-"
  },
  {
    "id": "10",
    "transactionDate": "02 Aug 2021",
    "transactionValue": "02 Aug 2021",
    "referenceNumber": "1234-4562-3913-9133",
    "customerNote": "OLB11318238719176152",
    "chequeNumber": "1234-4562-3913",
    "transactionCode": "375",
    "description": "PB LDSSTR2102095-POC001",
    "debit": "37,594,742.00",
    "credit": "-"
  },
  {
    "id": "11",
    "transactionDate": "02 Aug 2021",
    "transactionValue": "02 Aug 2021",
    "referenceNumber": "1234-4562-3913-9133",
    "customerNote": "OLB11318238719176152",
    "chequeNumber": "1234-4562-3913",
    "transactionCode": "375",
    "description": "PB LDSSTR2102095-POC001",
    "debit": "57,269,470.00",
    "credit": "-"
  },
  {
    "id": "12",
    "transactionDate": "02 Aug 2021",
    "transactionValue": "02 Aug 2021",
    "referenceNumber": "1234-4562-3913-9133",
    "customerNote": "OLB11318238719176152",
    "chequeNumber": "1234-4562-3913",
    "transactionCode": "375",
    "description": "PB LDSSTR2102095-POC001",
    "debit": "55,087,822.00",
    "credit": "-"
  },
  {
    "id": "13",
    "transactionDate": "02 Aug 2021",
    "transactionValue": "02 Aug 2021",
    "referenceNumber": "1234-4562-3913-9133",
    "customerNote": "OLB11318238719176152",
    "chequeNumber": "1234-4562-3913",
    "transactionCode": "375",
    "description": "PB LDSSTR2102095-POC001",
    "debit": "40,205,916.00",
    "credit": "-"
  },
  {
    "id": "14",
    "transactionDate": "02 Aug 2021",
    "transactionValue": "02 Aug 2021",
    "referenceNumber": "1234-4562-3913-9133",
    "customerNote": "OLB11318238719176152",
    "chequeNumber": "1234-4562-3913",
    "transactionCode": "375",
    "description": "PB LDSSTR2102095-POC001",
    "debit": "75,099,055.00",
    "credit": "-"
  },
  {
    "id": "15",
    "transactionDate": "02 Aug 2021",
    "transactionValue": "02 Aug 2021",
    "referenceNumber": "1234-4562-3913-9133",
    "customerNote": "OLB11318238719176152",
    "chequeNumber": "1234-4562-3913",
    "transactionCode": "375",
    "description": "PB DISB PIF 884001-32222/LDSST",
    "debit": "-",
    "credit": "472,722,337.00"
  },
  {
    "id": "16",
    "transactionDate": "02 Aug 2021",
    "transactionValue": "02 Aug 2021",
    "referenceNumber": "1234-4562-3913-9133",
    "customerNote": "OLB11318238719176152",
    "chequeNumber": "1234-4562-3913",
    "transactionCode": "375",
    "description": "PB OB from loan 88400100003222",
    "debit": "472,722,337.00",
    "credit": "-"
  },
  {
    "id": "17",
    "transactionDate": "02 Aug 2021",
    "transactionValue": "02 Aug 2021",
    "referenceNumber": "1234-4562-3913-9133",
    "customerNote": "OLB11318238719176152",
    "chequeNumber": "1234-4562-3913",
    "transactionCode": "375",
    "description": "PB DISB PIF 884001-32240/LDSST",
    "debit": "-",
    "credit": "512,275,232.00"
  },
  {
    "id": "18",
    "transactionDate": "02 Aug 2021",
    "transactionValue": "02 Aug 2021",
    "referenceNumber": "1234-4562-3913-9133",
    "customerNote": "OLB11318238719176152",
    "chequeNumber": "1234-4562-3913",
    "transactionCode": "375",
    "description": "PB OB from loan 88400100003224",
    "debit": "512,275,232.00",
    "credit": "-"
  },
  {
    "id": "19",
    "transactionDate": "02 Aug 2021",
    "transactionValue": "02 Aug 2021",
    "referenceNumber": "1234-4562-3913-9133",
    "customerNote": "OLB11318238719176152",
    "chequeNumber": "1234-4562-3913",
    "transactionCode": "375",
    "description": "PB DISB PIF 884001-32259/LDSST",
    "debit": "-",
    "credit": "358,703,249.00"
  },
  {
    "id": "20",
    "transactionDate": "02 Aug 2021",
    "transactionValue": "02 Aug 2021",
    "referenceNumber": "1234-4562-3913-9133",
    "customerNote": "OLB11318238719176152",
    "chequeNumber": "1234-4562-3913",
    "transactionCode": "375",
    "description": "PB OB from loan 88400100003220",
    "debit": "358,703,249.00",
    "credit": "-"
  },
  {
    "id": "21",
    "transactionDate": "02 Aug 2021",
    "transactionValue": "02 Aug 2021",
    "referenceNumber": "1234-4562-3913-9133",
    "customerNote": "OLB11318238719176152",
    "chequeNumber": "1234-4562-3913",
    "transactionCode": "375",
    "description": "PB DISB PIF 884001-32268/LDSST",
    "debit": "-",
    "credit": "672,741,492.00"
  },
  {
    "id": "22",
    "transactionDate": "02 Aug 2021",
    "transactionValue": "02 Aug 2021",
    "referenceNumber": "1234-4562-3913-9133",
    "customerNote": "OLB11318238719176152",
    "chequeNumber": "1234-4562-3913",
    "transactionCode": "375",
    "description": "PB OB from loan 88400100003226",
    "debit": "672,741,492.00",
    "credit": "-"
  },
  {
    "id": "23",
    "transactionDate": "02 Aug 2021",
    "transactionValue": "02 Aug 2021",
    "referenceNumber": "1234-4562-3913-9133",
    "customerNote": "OLB11318238719176152",
    "chequeNumber": "1234-4562-3913",
    "transactionCode": "375",
    "description": "PB LDSSTR2102239-POC001",
    "debit": "53,875,666.00",
    "credit": "-"
  },
  {
    "id": "24",
    "transactionDate": "02 Aug 2021",
    "transactionValue": "02 Aug 2021",
    "referenceNumber": "1234-4562-3913-9133",
    "customerNote": "OLB11318238719176152",
    "chequeNumber": "1234-4562-3913",
    "transactionCode": "375",
    "description": "PB LDSSTR2102315-POC001",
    "debit": "41,081,028.00",
    "credit": "-"
  },
  {
    "id": "25",
    "transactionDate": "02 Aug 2021",
    "transactionValue": "02 Aug 2021",
    "referenceNumber": "1234-4562-3913-9133",
    "customerNote": "OLB11318238719176152",
    "chequeNumber": "1234-4562-3913",
    "transactionCode": "375",
    "description": "PB DISB PIF 884001-32213/LDSST",
    "debit": "-",
    "credit": "362,079,254.00"
  },
  {
    "id": "26",
    "transactionDate": "02 Aug 2021",
    "transactionValue": "02 Aug 2021",
    "referenceNumber": "1234-4562-3913-9133",
    "customerNote": "OLB11318238719176152",
    "chequeNumber": "1234-4562-3913",
    "transactionCode": "375",
    "description": "PB OB from loan 88400100003221",
    "debit": "362,079,254.00",
    "credit": "-"
  },
  {
    "id": "27",
    "transactionDate": "02 Aug 2021",
    "transactionValue": "02 Aug 2021",
    "referenceNumber": "1234-4562-3913-9133",
    "customerNote": "OLB11318238719176152",
    "chequeNumber": "1234-4562-3913",
    "transactionCode": "375",
    "description": "Interest LN Pay.00008833010000",
    "debit": "-",
    "credit": "1,235,377.00"
  },
  {
    "id": "28",
    "transactionDate": "02 Aug 2021",
    "transactionValue": "02 Aug 2021",
    "referenceNumber": "1234-4562-3913-9133",
    "customerNote": "OLB11318238719176152",
    "chequeNumber": "1234-4562-3913",
    "transactionCode": "375",
    "description": "Interest LN Pay.00008833010000",
    "debit": "6,417,950.00",
    "credit": "-"
  }
]
