[
  {
    "id": "23",
    "transactionDate": 1656039770000,
    "transactionType": "Telegraphic Transfer",
    "transactionNumber": "1231-2412-4141-2333",
    "fromName": "PT Toyota Motor Manufacturing Indonesia",
    "fromBank": "",
    "fromNumber": "0023-1921-2344",
    "destinationName": "Sammy Gunawan",
    "destinationBank": "Bank of America - Los Angeles",
    "destinationNumber": "0012-2131-4123",
    "currency": "USD",
    "multipleCurrency": false,
    "currencyList": [],
    "amount": "5000",
    "tat": "Pass",
    "status": "Pending Approval",
    "closeCutOffTime": true,
    "to": "/transaction-status/detail/foreign-currency-transfer?progress=PENDING_APPROVAL&roles=maker"
  },
  {
    "id": "24",
    "transactionDate": null,
    "transactionType": "Favorite - LLG",
    "transactionNumber": "Operational Q4",
    "fromName": "PT Toyota Motor Manufacturing Indonesia",
    "fromNumber": "0080-1439-5901",
    "destinationName": "PT Toyota Astra International",
    "destinationBank": "Bank OCBC NISP",
    "destinationNumber": "9911-2132-11",
    "currency": "IDR",
    "multipleCurrency": false,
    "currencyList": [],
    "amount": "-",
    "tat": "Pass",
    "status": "Pending Approval",
    "closeCutOffTime": false,
    "to": "/transaction-status/detail/favorite?progress=PENDING_APPROVAL"
  },
  {
    "id": "25",
    "transactionDate": 1656039770000,
    "transactionType": "Recurring - LLG",
    "transactionNumber": "2222-4444-1234-4498",
    "fromName": "PT Toyota Motor Manufacturing Indonesia",
    "fromNumber": "0080-1439-5901",
    "destinationName": "PT Toyota Astra International",
    "destinationBank": "Bank OCBC NISP",
    "destinationNumber": "9911-2132-11",
    "currency": "IDR",
    "multipleCurrency": false,
    "currencyList": [],
    "amount": "400000000",
    "tat": "Pass",
    "status": "Pending Approval",
    "closeCutOffTime": false,
    "to": "/services/recurring/detail"
  },
  {
    "id": "0",
    "transactionDate": 1612512280000,
    "transactionType": "Bulk",
    "transactionNumber": "1234-4444-1234-4444",
    "fromName": "PT Toyota Motor Manufacturing 1",
    "fromBank": "",
    "fromNumber": "0080-1439-5901",
    "destinationName": "PT. Toyota Astra International 1",
    "destinationBank": "Bank OCBC NISP",
    "destinationNumber": "9911-2132-11",
    "currency": "IDR",
    "multipleCurrency": false,
    "currencyList": [],
    "amount": "400000000000",
    "tat": "Pass",
    "status": "Pending Approval",
    "closeCutOffTime": true,
    "to": "/transaction-status/detail/bulk"
  },
  {
    "id": "1",
    "transactionDate": 1612512280000,
    "transactionType": "LLG",
    "transactionNumber": "1234-4444-1234-4444",
    "fromName": "PT Toyota Motor Manufacturing 1",
    "fromBank": "",
    "fromNumber": "0080-1439-5901",
    "destinationName": "PT. Toyota Astra International 1",
    "destinationBank": "Bank OCBC NISP",
    "destinationNumber": "9911-2132-11",
    "currency": "IDR",
    "multipleCurrency": false,
    "currencyList": [],
    "amount": "400000000000",
    "tat": "Pass",
    "status": "Pending Approval",
    "closeCutOffTime": true,
    "to": "/transaction-status/detail/topup?subtype=pln&progress=PENDING_RELEASE&roles=maker"
  },
  {
    "id": "2",
    "transactionDate": 1612512280000,
    "transactionType": "Overbooking",
    "transactionNumber": "1234-4444-1234-4444",
    "fromName": "PT Toyota Motor Manufacturing 2",
    "fromBank": "",
    "fromNumber": "0080-1439-5901",
    "destinationName": "PT. Toyota Astra International 2",
    "destinationBank": "Bank OCBC NISP",
    "destinationNumber": "9911-2132-11",
    "currency": "IDR",
    "multipleCurrency": false,
    "currencyList": [],
    "amount": "12000000000",
    "tat": "Pass",
    "status": "Pending Approval",
    "closeCutOffTime": true,
    "to": "/transaction-status/detail/topup?subtype=pln&progress=PENDING_RELEASE"
  },
  {
    "id": "3",
    "transactionDate": 1612512280000,
    "transactionType": "SWIFT",
    "transactionNumber": "1234-4444-1234-4444",
    "fromName": "PT Toyota Motor Manufacturing 3",
    "fromBank": "",
    "fromNumber": "0080-1439-5901",
    "destinationName": "PT. Toyota Astra International 3",
    "destinationBank": "Bank OCBC NISP",
    "destinationNumber": "9911-2132-11",
    "currency": "IDR",
    "multipleCurrency": false,
    "currencyList": [],
    "amount": "3000000000",
    "tat": "Failed",
    "status": "Pending Release",
    "closeCutOffTime": true,
    "to": "/transaction-status/detail/topup?subtype=pln&progress=PENDING_RELEASE"
  },
  {
    "id": "4",
    "transactionDate": 1612512280000,
    "transactionType": "SWIFT",
    "transactionNumber": "1234-4444-1234-4444",
    "fromName": "PT Toyota Motor Manufacturing 3",
    "fromBank": "",
    "fromNumber": "0080-1439-5901",
    "destinationName": "",
    "destinationBank": "",
    "destinationNumber": "",
    "currency": "",
    "multipleCurrency": false,
    "currencyList": [],
    "amount": "",
    "tat": "Failed",
    "status": "Pending Release",
    "closeCutOffTime": false,
    "to": "/transaction-status/detail/topup?subtype=pln&progress=PENDING_RELEASE"
  },
  {
    "id": "5",
    "transactionDate": 1612512280000,
    "transactionType": "Bulk Payment",
    "transactionNumber": "1234-4444-1234-4444",
    "fromName": "Multiple Accounts",
    "fromBank": "Bank OCBC NISP",
    "fromNumber": "",
    "destinationName": "Multiple Accounts",
    "destinationBank": "Multiple Banks",
    "destinationNumber": "",
    "multipleCurrency": true,
    "currencyList": [
      "IDR",
      "USD"
    ],
    "currency": "Multiple",
    "amount": "700000000",
    "tat": "Pass",
    "status": "Pending Release",
    "closeCutOffTime": false,
    "to": "/transaction-status/detail/topup?subtype=pln&progress=PENDING_RELEASE"
  },
  {
    "id": "6",
    "transactionDate": 1624508780000,
    "transactionType": "PLN Postpaid",
    "transactionNumber": "1234-4444-1234-4444",
    "fromName": "PT Sentosa Nasional",
    "fromBank": "",
    "fromNumber": "0080-1439-5901",
    "destinationName": "PT. Toyota Astra International 3",
    "destinationBank": "Bank OCBC NISP",
    "destinationNumber": "9911-2132-11",
    "currency": "IDR",
    "multipleCurrency": false,
    "currencyList": [],
    "amount": "3000000000",
    "tat": "Pass",
    "status": "Pending Release",
    "closeCutOffTime": false,
    "to": "/transaction-status/detail/billing?subtype=pln&progress=PENDING_RELEASE"
  },
  {
    "id": "20",
    "transactionDate": 1611512780000,
    "transactionType": "PLN Prepaid",
    "transactionNumber": "1234-4444-1234-4444",
    "fromName": "PT Toyota Motor Manufacturing 3",
    "fromBank": "",
    "fromNumber": "0080-1439-5901",
    "destinationName": "PT. Toyota Astra International 3",
    "destinationBank": "Bank OCBC NISP",
    "destinationNumber": "9911-2132-11",
    "currency": "IDR",
    "multipleCurrency": false,
    "currencyList": [],
    "amount": "3000000000",
    "tat": "Pass",
    "status": "Pending Release",
    "closeCutOffTime": false,
    "to": "/transaction-status/detail/topup?subtype=pln&progress=PENDING_RELEASE"
  },
  {
    "id": "7",
    "transactionDate": 1611512780000,
    "transactionType": "Phone Top Up",
    "transactionNumber": "1234-4444-1234-4444",
    "fromName": "PT. Toyota Motor Manufacturing Indonesia",
    "fromBank": "",
    "fromNumber": "0080-1439-5901",
    "destinationName": "0811-2234-344",
    "destinationBank": "",
    "destinationNumber": "",
    "currency": "IDR",
    "multipleCurrency": false,
    "currencyList": [],
    "amount": "101500",
    "tat": "Pass",
    "status": "Pending Approval",
    "closeCutOffTime": false,
    "to": "/transaction-status/detail/topup?subtype=phone-top-up&progress=PENDING_APPROVAL"
  },
  {
    "id": "8",
    "transactionDate": 1611512780000,
    "transactionType": "Mobile Data Package",
    "transactionNumber": "1234-4444-1234-4444",
    "fromName": "PT Toyota Motor Manufacturing Indonesia",
    "fromBank": "",
    "fromNumber": "0080-1439-5901",
    "destinationName": "0877-8834-3442",
    "destinationBank": "",
    "destinationNumber": "",
    "currency": "IDR",
    "multipleCurrency": false,
    "currencyList": [],
    "amount": "130000",
    "tat": "Pass",
    "status": "Pending Approval",
    "closeCutOffTime": false,
    "to": "/transaction-status/detail/topup?subtype=mobile-data-package&progress=PENDING_APPROVAL"
  },
  {
    "id": "9",
    "transactionDate": 1611512780000,
    "transactionType": "Prepaid PLN",
    "transactionNumber": "1234-4444-1234-4444",
    "fromName": "PT Toyota Motor Manufacturing Indonesia",
    "fromBank": "",
    "fromNumber": "0080-1439-5901",
    "destinationName": "Budi Setiawan",
    "destinationBank": "",
    "destinationNumber": "5455-0116-9998",
    "currency": "IDR",
    "multipleCurrency": false,
    "currencyList": [],
    "amount": "503000",
    "tat": "Pass",
    "status": "Pending Approval",
    "closeCutOffTime": false,
    "to": "/transaction-status/detail/topup?subtype=pln&progress=PENDING_APPROVAL"
  },
  {
    "id": "10",
    "transactionDate": 1611512780000,
    "transactionType": "OVO",
    "transactionNumber": "1234-4444-1234-4444",
    "fromName": "PT Jaya Regional",
    "fromBank": "",
    "fromNumber": "0032-8820-2000",
    "destinationName": "OVO Bu** Se*****an",
    "destinationBank": "",
    "destinationNumber": "0812-8879-700",
    "currency": "IDR",
    "multipleCurrency": false,
    "currencyList": [],
    "amount": "501000",
    "tat": "Pass",
    "status": "Pending Approval",
    "closeCutOffTime": false,
    "to": "/transaction-status/detail/topup?subtype=ovo&progress=PENDING_APPROVAL"
  },
  {
    "id": "11",
    "transactionDate": 1611512780000,
    "transactionType": "GoPay",
    "transactionNumber": "1234-4444-1234-4444",
    "fromName": "PT Jaya Regional",
    "fromBank": "",
    "fromNumber": "0032-8820-2000",
    "destinationName": "GOPAY BUDI SETIAWAN",
    "destinationBank": "",
    "destinationNumber": "0812-8879-700",
    "currency": "IDR",
    "multipleCurrency": false,
    "currencyList": [],
    "amount": "501000",
    "tat": "Pass",
    "status": "Pending Approval",
    "closeCutOffTime": false,
    "to": "/transaction-status/detail/topup?subtype=gopay&progress=PENDING_APPROVAL"
  },
  {
    "id": "12",
    "transactionDate": 1611512780000,
    "transactionType": "DANA",
    "transactionNumber": "1234-4444-1234-4444",
    "fromName": "PT Sentosa Nasional",
    "fromBank": "",
    "fromNumber": "0080-1439-2000",
    "destinationName": "Danatopup Irm********",
    "destinationBank": "",
    "destinationNumber": "0812-8879-700",
    "currency": "IDR",
    "multipleCurrency": false,
    "currencyList": [],
    "amount": "501000",
    "tat": "Pass",
    "status": "Pending Release",
    "closeCutOffTime": false,
    "to": "/transaction-status/detail/topup?subtype=dana&progress=PENDING_RELEASE"
  },
  {
    "id": "13",
    "transactionDate": 1611512780000,
    "transactionType": "AstraPay",
    "transactionNumber": "1234-4444-1234-4444",
    "fromName": "PT Astra Indonesia",
    "fromBank": "",
    "fromNumber": "0042-8820-1229",
    "destinationName": "Budi Setiawan",
    "destinationBank": "",
    "destinationNumber": "0812-8879-700",
    "currency": "IDR",
    "multipleCurrency": false,
    "currencyList": [],
    "amount": "501000",
    "tat": "Pass",
    "status": "Pending Release",
    "closeCutOffTime": false,
    "to": "/transaction-status/detail/topup?subtype=astrapay&progress=PENDING_RELEASE"
  },
  {
    "id": "14",
    "transactionDate": 1611512780000,
    "transactionType": "ShopeePay",
    "transactionNumber": "1234-4444-1234-4444",
    "fromName": "PT Astra Indonesia",
    "fromBank": "",
    "fromNumber": "0042-8820-1229",
    "destinationName": "SHOPEEPAY/R********N",
    "destinationBank": "",
    "destinationNumber": "0812-8879-700",
    "currency": "IDR",
    "multipleCurrency": false,
    "currencyList": [],
    "amount": "501000",
    "tat": "Pass",
    "status": "Pending Release",
    "closeCutOffTime": false,
    "to": "/transaction-status/detail/topup?subtype=shopee-pay&progress=PENDING_RELEASE"
  },
  {
    "id": "15",
    "transactionDate": 1611512780000,
    "transactionType": "Indosat PayPro",
    "transactionNumber": "1234-4444-1234-4444",
    "fromName": "PT Toyota Motor Manufacturing Indonesia",
    "fromBank": "",
    "fromNumber": "0080-1439-5901",
    "destinationName": "Budi Setiawan",
    "destinationBank": "",
    "destinationNumber": "0812-8879-700",
    "currency": "IDR",
    "multipleCurrency": false,
    "currencyList": [],
    "amount": "501000",
    "tat": "Pass",
    "status": "Pending Release",
    "closeCutOffTime": false,
    "to": "/transaction-status/detail/topup?subtype=paypro&progress=PENDING_RELEASE"
  },
  {
    "id": "16",
    "transactionDate": 1611512780000,
    "transactionType": "DOKU",
    "transactionNumber": "1234-4444-1234-4444",
    "fromName": "PT Toyota Motor Manufacturing Indonesia",
    "fromBank": "",
    "fromNumber": "0080-1439-5901",
    "destinationName": "Budi Setiawan",
    "destinationBank": "",
    "destinationNumber": "0812-8879-700",
    "currency": "IDR",
    "multipleCurrency": false,
    "currencyList": [],
    "amount": "501000",
    "tat": "Pass",
    "status": "Pending Release",
    "closeCutOffTime": false,
    "to": "/transaction-status/detail/topup?subtype=doku&progress=PENDING_RELEASE"
  },
  {
    "id": "17",
    "transactionDate": 1611512780000,
    "transactionType": "Steam Wallet",
    "transactionNumber": "1234-4444-1234-4444",
    "fromName": "PT. Toyota Motor Manufacturing Indonesia",
    "fromBank": "",
    "fromNumber": "0080-1439-5901",
    "destinationName": "",
    "destinationBank": "",
    "destinationNumber": "",
    "currency": "IDR",
    "multipleCurrency": false,
    "currencyList": [],
    "amount": "53000",
    "tat": "Pass",
    "status": "Pending Approval",
    "closeCutOffTime": false,
    "to": "/transaction-status/detail/topup?subtype=steam-wallet&progress=PENDING_APPROVAL"
  },
  {
    "id": "18",
    "transactionDate": 1611512780000,
    "transactionType": "Steam Key",
    "transactionNumber": "1234-4444-1234-4444",
    "fromName": "PT Toyota Motor Manufacturing Indonesia",
    "fromBank": "",
    "fromNumber": "0080-1439-5901",
    "destinationName": "",
    "destinationBank": "",
    "destinationNumber": "",
    "currency": "IDR",
    "multipleCurrency": false,
    "currencyList": [],
    "amount": "215000",
    "tat": "Pass",
    "status": "Pending Approval",
    "closeCutOffTime": false,
    "to": "/transaction-status/detail/topup?subtype=steam-key&progress=PENDING_APPROVAL"
  },
  {
    "id": "19",
    "transactionDate": 1611512780000,
    "transactionType": "Diamonds",
    "transactionNumber": "1234-4444-1234-4444",
    "fromName": "PT Toyota Motor Manufacturing Indonesia",
    "fromBank": "",
    "fromNumber": "0080-1439-5901",
    "destinationName": "2558-1762-8 (2258)",
    "destinationBank": "",
    "destinationNumber": "",
    "currency": "IDR",
    "multipleCurrency": false,
    "currencyList": [],
    "amount": "28000",
    "tat": "Pass",
    "status": "Pending Approval",
    "closeCutOffTime": false,
    "to": "/transaction-status/detail/topup?subtype=mobile-legend&progress=PENDING_APPROVAL"
  },
  {
    "id": "20",
    "transactionDate": 1624508780000,
    "transactionType": "Telco Telcom",
    "transactionNumber": "1234-4444-1234-4444",
    "fromName": "PT Toyota Motor Manufacturing 3",
    "fromBank": "",
    "fromNumber": "0080-1439-5901",
    "destinationName": "Rama Gunawan",
    "destinationBank": "",
    "destinationNumber": "5455-0116-9998",
    "currency": "IDR",
    "multipleCurrency": false,
    "currencyList": [],
    "amount": "3000000000",
    "tat": "Pass",
    "status": "Pending Release",
    "closeCutOffTime": false,
    "to": "/transaction-status/detail/billing?subtype=telco&progress=PENDING_RELEASE"
  },
  {
    "id": "21",
    "transactionDate": 1624508780000,
    "transactionType": "Internet First Media",
    "transactionNumber": "1234-4444-1234-4444",
    "fromName": "PT Toyota Motor Manufacturing 3",
    "fromBank": "",
    "fromNumber": "0080-1439-5901",
    "destinationName": "Rama Gunawan",
    "destinationBank": "",
    "destinationNumber": "1122-3344-1234",
    "currency": "IDR",
    "multipleCurrency": false,
    "currencyList": [],
    "amount": "3000000000",
    "tat": "Pass",
    "status": "Pending Release",
    "closeCutOffTime": false,
    "to": "/transaction-status/detail/topup?subtype=internet&progress=PENDING_RELEASE"
  },
  {
    "id": "22",
    "transactionDate": 1624508780000,
    "transactionType": "Credit Card",
    "transactionNumber": "1234-4444-1234-4444",
    "fromName": "PT Toyota Motor Manufacturing Indonesia",
    "fromBank": "",
    "fromNumber": "0080-1439-5901",
    "destinationName": "Permata Credit Card",
    "destinationBank": "",
    "destinationNumber": "9911-2132-1123",
    "currency": "IDR",
    "multipleCurrency": false,
    "currencyList": [],
    "amount": "3000000000",
    "tat": "Pass",
    "status": "Pending Release",
    "closeCutOffTime": false,
    "to": "/transaction-status/detail/billing?subtype=credit-card-permata&progress=PENDING_RELEASE"
  },
  {
    "id": "23",
    "transactionDate": 1624508780000,
    "transactionType": "Cheque Book Request",
    "transactionNumber": "5534-4444-1234-4423",
    "fromName": "PT Astra Indonesia",
    "fromBank": "",
    "fromNumber": "0020-1439-5901",
    "destinationName": "-",
    "destinationBank": "",
    "destinationNumber": "",
    "currency": "IDR",
    "multipleCurrency": false,
    "currencyList": [],
    "amount": "570000",
    "tat": "Pass",
    "status": "Pending Approval",
    "closeCutOffTime": false,
    "to": "/transaction-status/detail/chequebook?progress=PENDING_APPROVAL&roles=maker"
  },
  {
    "id": "23",
    "transactionDate": 1624508780000,
    "transactionType": "Cheque Book Request",
    "transactionNumber": "5534-4444-1234-4423",
    "fromName": "PT Toyota Motor Manufacturing Indonesia",
    "fromBank": "",
    "fromNumber": "0080-1439-4000",
    "destinationName": "-",
    "destinationBank": "",
    "destinationNumber": "",
    "currency": "IDR",
    "multipleCurrency": false,
    "currencyList": [],
    "amount": "570000",
    "tat": "Pass",
    "status": "Pending by Bank",
    "closeCutOffTime": false,
    "to": "/transaction-status/detail/chequebook?progress=PENDING_BY_BANK&roles=maker"
  },
  {
    "id": "23",
    "transactionDate": 1624508780000,
    "transactionType": "Cheque Book Request",
    "transactionNumber": "5534-4444-1234-4423",
    "fromName": "PT Astra Indonesia",
    "fromBank": "",
    "fromNumber": "0020-1439-5901",
    "destinationName": "-",
    "destinationBank": "",
    "destinationNumber": "",
    "currency": "IDR",
    "multipleCurrency": false,
    "currencyList": [],
    "amount": "285000",
    "tat": "Pass",
    "status": "Ready for Pick-up",
    "closeCutOffTime": false,
    "to": "/transaction-status/detail/chequebook?progress=READY_TO_PICKUP&roles=maker"
  }
]