[
  {
    "id": "1",
    "transactionDate": "18 Jan 2021",
    "transactionValue": "18 Jan 2021",
    "description": "Advising Commission",
    "amount": "553,065.00",
    "type": "credit"
  },
  {
    "id": "2",
    "transactionDate": "18 Jan 2021",
    "transactionValue": "18 Jan 2021",
    "description": "Interest in Advance Payment",
    "amount": "19,560,298.00",
    "type": "credit"
  },
  {
    "id": "3",
    "transactionDate": "18 Jan 2021",
    "transactionValue": "18 Jan 2021",
    "description": "Receivable Services Disbursement",
    "amount": "221,225,847.00" ,
    "type": "debit"
  }
]