[
  {
    "id": "1",
    "actionDate": 1615352707000,
    "actionTime": 1645104861000,
    "actionBy": "Irmawati",
    "actionType": "Approve",
    "actionTypeStatus": "Success",
    "currency": "IDR",
    "multipleCurrency": false,
    "currencyList": [],
    "amount": "400003500",
    "status": "Pending Approval",
    "description": "-",
    "to": ""
  },
  {
    "id": "2",
    "actionDate": 1626152707000,
    "actionTime": 1624416420000,
    "actionBy": "Ferry Irawan",
    "actionType": "Approve",
    "actionTypeStatus": "Success",
    "currency": "IDR",
    "multipleCurrency": false,
    "currencyList": [],
    "amount": "400003500",
    "status": "Pending Approval",
    "description": "-",
    "to": ""
  },
  {
    "id": "3",
    "actionDate": 1612674307000,
    "actionTime": 1624502700000,
    "actionBy": "Rama Gunawan Sutirto",
    "actionType": "Create",
    "actionTypeStatus": "Success",
    "currency": "IDR",
    "multipleCurrency": false,
    "currencyList": [],
    "amount": "400003500",
    "status": "Pending Approval",
    "description": "-",
    "to": ""
  },
  {
    "id": "4",
    "actionDate": 1633410307000,
    "actionTime": 1624414800000,
    "actionBy": "Irmawati",
    "actionType": "Approve",
    "actionTypeStatus": "Success",
    "currency": "IDR",
    "multipleCurrency": false,
    "currencyList": [],
    "amount": "400003500",
    "status": "Pending Approval",
    "description": "-",
    "to": ""
  },
  {
    "id": "5",
    "actionDate": 1638680707000,
    "actionTime": 1624413600000,
    "actionBy": "Ferry Irawan",
    "actionType": "Approve",
    "actionTypeStatus": "Success",
    "currency": "IDR",
    "multipleCurrency": false,
    "currencyList": [],
    "amount": "400003500",
    "status": "Pending Approval",
    "description": "-",
    "to": ""
  },
  {
    "id": "6",
    "actionDate": 1610859907000,
    "actionTime": 1645104861000,
    "actionBy": "Rama Gunawan Sutirto",
    "actionType": "Create",
    "actionTypeStatus": "Success",
    "currency": "IDR",
    "multipleCurrency": false,
    "currencyList": [],
    "amount": "400003500",
    "status": "Pending Approval",
    "description": "-",
    "to": ""
  },
  {
    "id": "7",
    "actionDate": 1618290307000,
    "actionTime": 1624411800000,
    "actionBy": "Irmawati",
    "actionType": "Approve",
    "actionTypeStatus": "Success",
    "currency": "IDR",
    "multipleCurrency": false,
    "currencyList": [],
    "amount": "400003500",
    "status": "Pending Approval",
    "description": "-",
    "to": ""
  },
  {
    "id": "8",
    "actionDate": 1621487107000,
    "actionTime": 1624413600000,
    "actionBy": "Ferry Irawan",
    "actionType": "Approve",
    "actionTypeStatus": "Success",
    "currency": "IDR",
    "multipleCurrency": false,
    "currencyList": [],
    "amount": "400003500",
    "status": "Pending Approval",
    "description": "-",
    "to": ""
  },
  {
    "id": "9",
    "actionDate": 1629954307000,
    "actionTime": 1645104861000,
    "actionBy": "Rama Gunawan Sutirto",
    "actionType": "Create",
    "actionTypeStatus": "Success",
    "currency": "IDR",
    "multipleCurrency": false,
    "currencyList": [],
    "amount": "400003500",
    "status": "Pending Approval",
    "description": "-",
    "to": ""
  },
  {
    "id": "10",
    "actionDate": 1637384707000,
    "actionTime": 1624416420000,
    "actionBy": "Irmawati",
    "actionType": "Approve",
    "actionTypeStatus": "Success",
    "currency": "IDR",
    "multipleCurrency": false,
    "currencyList": [],
    "amount": "400003500",
    "status": "Pending Approval",
    "description": "-",
    "to": ""
  },
  {
    "id": "11",
    "actionDate": 1624502700000,
    "actionTime": 1624502700000,
    "actionBy": "Ferry Irawan",
    "actionType": "Approve",
    "actionTypeStatus": "Success",
    "currency": "IDR",
    "multipleCurrency": false,
    "currencyList": [],
    "amount": "400003500",
    "status": "Pending Approval",
    "description": "-",
    "to": ""
  },
  {
    "id": "12",
    "actionDate": 1624414800000,
    "actionTime": 1624414800000,
    "actionBy": "Rama Gunawan Sutirto",
    "actionType": "Create",
    "actionTypeStatus": "Success",
    "currency": "IDR",
    "multipleCurrency": false,
    "currencyList": [],
    "amount": "400003500",
    "status": "Pending Approval",
    "description": "-",
    "to": ""
  },
  {
    "id": "13",
    "actionDate": 1633842307000,
    "actionTime": 1624411800000,
    "actionBy": "Irmawati",
    "actionType": "Approve",
    "actionTypeStatus": "Success",
    "currency": "IDR",
    "multipleCurrency": false,
    "currencyList": [],
    "amount": "400003500",
    "status": "Pending Approval",
    "description": "-",
    "to": ""
  }
]