[
  {
    "id": "1",
    "transactionDate": 1612512280000,
    "transactionType": "LLG",
    "transactionnNumber": "2222-1134-1234-1234",
    "fromName": "PT Astra Branch Regional Jakarta",
    "fromNumber": "IDR | 0022-8820-0999",
    "destinationName": "PT ABC",
    "destinationBank": "OCBC NISP",
    "destinationNumber": "7280-1234-5670",
    "currency": "IDR",
    "multipleCurrency": false,
    "currencyList": [],
    "amount": "50000000",
    "tat": "Pass",
    "status": "Pending Approval",
    "closeCutOffTime": true,
    "to": "/transaction-status/transaction-detail",
    "executionStatus": "In Progress"
  },
  {
    "id": "2",
    "transactionDate": 1624508780000,
    "transactionType": "Online",
    "transactionnNumber": "1111-1134-1234-1234",
    "fromName": "PT Astra Branch Regional Jakarta",
    "fromNumber": "IDR | 0022-8820-0999",
    "destinationName": "PT Sampoerna",
    "destinationBank": "OCBC NISP",
    "destinationNumber": "7280-1234-5670",
    "currency": "IDR",
    "multipleCurrency": false,
    "currencyList": [],
    "amount": "50000000",
    "tat": "Pass",
    "status": "Pending Approval",
    "closeCutOffTime": true,
    "to": "/transaction-status/transaction-detail",
    "executionStatus": "Successful"
  },
  {
    "id": "3",
    "transactionDate": 1611512780000,
    "transactionType": "LLG",
    "transactionnNumber": "1234-1134-1234-1234",
    "fromName": "PT Astra Branch USA",
    "fromNumber": "USD | 0022-8820-1221",
    "destinationName": "PT Lancar Jaya",
    "destinationBank": "BCA",
    "destinationNumber": "7280-1234-2222",
    "currency": "IDR",
    "multipleCurrency": false,
    "currencyList": [],
    "amount": "75000000",
    "tat": "Failed",
    "status": "Pending Release",
    "closeCutOffTime": false,
    "to": "/transaction-status/transaction-detail",
    "executionStatus": "Failed"
  },
  {
    "id": "4",
    "transactionDate": 1611512780000,
    "transactionType": "Online",
    "transactionnNumber": "8282-1134-1234-1234",
    "fromName": "PT Astra International II",
    "fromNumber": "JPY | 0022-8820-5252",
    "destinationName": "PT Sejahtera Nasional",
    "destinationBank": "BRI",
    "destinationNumber": "0022-8820-6000",
    "currency": "IDR",
    "multipleCurrency": false,
    "currencyList": [],
    "amount": "50000000",
    "tat": "Failed",
    "status": "Pending Release",
    "closeCutOffTime": false,
    "to": "",
    "executionStatus": "In Progress"
  }
]
