{
  "fromAcccount": [
    {
      "label": "Account",
      "value": "PT Astra Indonesia | 0042-8820-1229 | IDR"
    }
  ],
  "payeeDetails": [
    {
      "label": "Category",
      "value": "Phone Top Up"
    },
    {
      "label": "MobileNumber",
      "value": "0811-2234-344"
    },
    {
      "label": "Provider",
      "value": "Telkomsel"
    }
  ],
  "transactionDetails": [
    {
      "label": "PulsaAmount",
      "value": "Pulsa 100,000"
    },
    {
      "label": "TransactionFee",
      "value": "IDR 1,500.00"
    },
    {
      "label": "TotalDebitAmount",
      "value": "IDR 101,500.00"
    },
    {
      "label": "TransactionDate",
      "value": "24 Jun 2021"
    },
    {
      "label": "RequestExpiryDate",
      "value": "07 Jul 2021"
    },
    {
      "label": "TransactionReferenceNumber",
      "value": "1231-2412-4141-2333"
    }
  ],
  "additionalDetails": [
    {
      "label": "RecipientEmail",
      "value": "-"
    },
    {
      "label": "RecipientWhatsAppNumber1",
      "value": "+62 8123-4567-8"
    }
  ]
}
