[
  {
    "id": "1",
    "actionDate": 1612512280000,
    "actionTime": 1645104861000,
    "actionBy": "System",
    "actionType": "Execute",
    "actionTypeStatus": "Success",
    "currency": "IDR",
    "multipleCurrency": false,
    "currencyList": [],
    "amount": "400003500",
    "status": "Failed",
    "description": "Link to beneficiary host down",
    "to": ""
  },
  {
    "id": "2",
    "actionDate": 1612512280000,
    "actionTime": 1645104861000,
    "actionBy": "Dessi Sulistiawati",
    "actionType": "Release",
    "actionTypeStatus": "Success",
    "currency": "IDR",
    "multipleCurrency": false,
    "currencyList": [],
    "amount": "400003500",
    "status": "Pending Execution",
    "description": "-",
    "to": ""
  },
  {
    "id": "3",
    "actionDate": 1612512280000,
    "actionTime": 1645104861000,
    "actionBy": "Irmawati",
    "actionType": "Approve",
    "actionTypeStatus": "Success",
    "currency": "IDR",
    "multipleCurrency": false,
    "currencyList": [],
    "amount": "400003500",
    "status": "Pending Release",
    "description": "-",
    "to": ""
  },
  {
    "id": "1",
    "actionDate": 1612512280000,
    "actionTime": 1645104861000,
    "actionBy": "Ferry Irawan",
    "actionType": "Approve",
    "actionTypeStatus": "Success",
    "currency": "IDR",
    "multipleCurrency": false,
    "currencyList": [],
    "amount": "400003500",
    "status": "Pending Approval",
    "description": "-",
    "to": ""
  },
  {
    "id": "2",
    "actionDate": 1612512280000,
    "actionTime": 1645104861000,
    "actionBy": "Rama Gunawan",
    "actionType": "Create",
    "actionTypeStatus": "Success",
    "currency": "IDR",
    "multipleCurrency": false,
    "currencyList": [],
    "amount": "400003500",
    "status": "Pending Approval",
    "description": "-",
    "to": ""
  }
]
