[
  {
    "id": "1",
    "actionDate": 1624502820000,
    "actionTime": 1624416420000,
    "actionBy": "System",
    "actionType": "Execute",
    "actionTypeStatus": "Success",
    "currency": "IDR",
    "multipleCurrency": false,
    "currencyList": [],
    "amount": "400003500",
    "status": "Executed",
    "description": "-",
    "to": ""
  },
  {
    "id": "2",
    "actionDate": 1624502700000,
    "actionTime": 1624502700000,
    "actionBy": "Dessi Sulistiawati",
    "actionType": "Release",
    "actionTypeStatus": "Success",
    "currency": "IDR",
    "multipleCurrency": false,
    "currencyList": [],
    "amount": "400003500",
    "status": "Pending Execution",
    "description": "Released after transaction date",
    "to": ""
  },
  {
    "id": "3",
    "actionDate": 1624414800000,
    "actionTime": 1624414800000,
    "actionBy": "Irmawati",
    "actionType": "Approve",
    "actionTypeStatus": "Success",
    "currency": "IDR",
    "multipleCurrency": false,
    "currencyList": [],
    "amount": "400003500",
    "status": "Pending Release",
    "description": "-",
    "to": ""
  },
  {
    "id": "1",
    "actionDate": 1624413600000,
    "actionTime": 1624413600000,
    "actionBy": "Ferry Irawan",
    "actionType": "Approve",
    "actionTypeStatus": "Success",
    "currency": "IDR",
    "multipleCurrency": false,
    "currencyList": [],
    "amount": "400003500",
    "status": "Pending Approval",
    "description": "-",
    "to": ""
  },
  {
    "id": "2",
    "actionDate": 1624411800000,
    "actionTime": 1624411800000,
    "actionBy": "Rama Gunawan",
    "actionType": "Create",
    "actionTypeStatus": "Success",
    "currency": "IDR",
    "multipleCurrency": false,
    "currencyList": [],
    "amount": "400003500",
    "status": "Pending Approval",
    "description": "-",
    "to": ""
  }
]
