[
  {
    "id": 1,
    "title": "ForRepair",
    "active": false,
    "goTo": "/transaction-status/for-repair"
  },
  {
    "id": 2,
    "title": "Pending",
    "active": false,
    "goTo": "/transaction-status/pending"
  },
  {
    "id": 3,
    "title": "ForwardDated",
    "active": false,
    "goTo": "/transaction-status/forward-dated"
  },
  {
    "id": 4,
    "title": "Successful",
    "active": true,
    "goTo": "/transaction-status/successful"
  },
  {
    "id": 5,
    "title": "Unsuccessful",
    "active": false,
    "goTo": "/transaction-status/unsuccessful"
  },
  {
    "id": 6,
    "title": "All",
    "active": false,
    "goTo": "/transaction-status/all"
  }
]
