[
  {
    "id": 1,
    "amount": "100000",
    "transactionType": "Gopay",
    "transactionTypeNumber": "1234-5678-9012-0001",
    "from": {
      "accountName": "PT Toyota Motor",
      "accountInfo": "IDR | 0080-1439-5901"
    },
    "to": {
      "customerName": "GOPAY DEWI MALANGO",
      "bankName": null,
      "bankAccount": "0852-6112-8819"
    },
    "currency": "IDR",
    "recordStatus": {
      "name": "To Repair",
      "status": "failed",
      "listError": [
        "Incorrect Details"
      ]
    },
    "linkTo": "/services/bulk-payment/record-detail?file_type=multiple-account&approval_type=per-file&flow=repair&type=topup&category=gopay"
  },
  {
    "id": 2,
    "amount": "100000",
    "transactionType": "Gopay",
    "transactionTypeNumber": "1234-5678-9012-0002",
    "from": {
      "accountName": "PT Toyota Motor Manufacturing Indonesia",
      "accountInfo": "IDR | 0080-1439-5901"
    },
    "to": {
      "customerName": "GOPAY JESSICA",
      "bankName": null,
      "bankAccount": "0852-2222-8812"
    },
    "currency": "IDR",
    "recordStatus": {
      "name": "Pass",
      "status": "success"
    },
    "linkTo": "/services/bulk-payment/record-detail"
  },
  {
    "id": 3,
    "amount": "100000",
    "transactionType": "Gopay",
    "transactionTypeNumber": "1234-5678-9012-0003",
    "from": {
      "accountName": "PT Astra International",
      "accountInfo": "IDR | 0022-8820-1221"
    },
    "to": {
      "customerName": "GOPAY GIOVANNI",
      "bankName": null,
      "bankAccount": "0852-4343-8333"
    },
    "currency": "IDR",
    "recordStatus": {
      "name": "To Repair",
      "status": "failed",
      "listError": [
        "Incorrect Details"
      ]
    },
    "linkTo": "/services/bulk-payment/record-detail?file_type=multiple-account&approval_type=per-file&flow=repair&type=topup&category=gopay"
  },
  {
    "id": 4,
    "amount": "100000",
    "transactionType": "Gopay",
    "transactionTypeNumber": "1234-5678-9012-0004",
    "from": {
      "accountName": "Branch Regional 3",
      "accountInfo": "IDR | 0022-8820-5252"
    },
    "to": {
      "customerName": "GOPAY YUKO",
      "bankName": null,
      "bankAccount": "0812-9090-8877"
    },
    "currency": "IDR",
    "recordStatus": {
      "name": "To Repair",
      "status": "failed",
      "listError": [
        "Incorrect Details"
      ]
    },
    "linkTo": "/services/bulk-payment/record-detail?file_type=multiple-account&approval_type=per-file&flow=repair&type=topup&category=gopay"
  },
  {
    "id": 5,
    "amount": "100000",
    "transactionType": "Gopay",
    "transactionTypeNumber": "1234-5678-9012-0005",
    "from": {
      "accountName": "Branch Regional 3",
      "accountInfo": "IDR | 0022-8820-5252"
    },
    "to": {
      "customerName": "GOPAY OEN",
      "bankName": null,
      "bankAccount": "0812-1234-1234"
    },
    "currency": "IDR",
    "recordStatus": {
      "name": "Pass",
      "status": "success"
    },
    "linkTo": "/services/bulk-payment/record-detail"
  },
  {
    "id": 6,
    "amount": "100000",
    "transactionType": "Gopay",
    "transactionTypeNumber": "1234-5678-9012-0006",
    "from": {
      "accountName": "PT Toyota Motor Manufacturing Indonesia",
      "accountInfo": "IDR | 0080-1439-5901"
    },
    "to": {
      "customerName": "GOPAY GAMAL",
      "bankName": null,
      "bankAccount": "0812-8899-1244"
    },
    "currency": "IDR",
    "recordStatus": {
      "name": "Pass",
      "status": "success"
    },
    "linkTo": "/services/bulk-payment/record-detail"
  },
  {
    "id": 7,
    "amount": "100000",
    "transactionType": "Gopay",
    "transactionTypeNumber": "1234-5678-9012-0007",
    "from": {
      "accountName": "PT Toyota Motor Manufacturing Indonesia",
      "accountInfo": "IDR | 0080-1439-5901"
    },
    "to": {
      "customerName": "GOPAY ELLEN",
      "bankName": null,
      "bankAccount": "0812-9091-9100"
    },
    "currency": "IDR",
    "recordStatus": {
      "name": "Pass",
      "status": "success"
    },
    "linkTo": "/services/bulk-payment/record-detail"
  },
  {
    "id": 8,
    "amount": "100000",
    "transactionType": "Gopay",
    "transactionTypeNumber": "1234-5678-9012-0008",
    "from": {
      "accountName": "PT Astra International",
      "accountInfo": "IDR | 0022-8820-1221"
    },
    "to": {
      "customerName": "GOPAY DAFFA",
      "bankName": null,
      "bankAccount": "0812-5454-123"
    },
    "currency": "IDR",
    "recordStatus": {
      "name": "Pass",
      "status": "success"
    },
    "linkTo": "/services/bulk-payment/record-detail"
  },
  {
    "id": 9,
    "amount": "100000",
    "transactionType": "Gopay",
    "transactionTypeNumber": "1234-5678-9012-0009",
    "from": {
      "accountName": "PT Astra International",
      "accountInfo": "IDR | 0022-8820-1221"
    },
    "to": {
      "customerName": "GOPAY HANUGRA",
      "bankName": null,
      "bankAccount": "0812-1212-3121"
    },
    "currency": "IDR",
    "recordStatus": {
      "name": "Pass",
      "status": "success"
    },
    "linkTo": "/services/bulk-payment/record-detail"
  },
  {
    "id": 10,
    "amount": "100000",
    "transactionType": "Gopay",
    "transactionTypeNumber": "1234-5678-9012-0010",
    "from": {
      "accountName": "PT Toyota Motor Manufacturing Indonesia",
      "accountInfo": "IDR | 0080-1439-5901"
    },
    "to": {
      "customerName": "GOPAY NAIMY",
      "bankName": null,
      "bankAccount": "0812-1111-2222"
    },
    "currency": "IDR",
    "recordStatus": {
      "name": "Pass",
      "status": "success"
    },
    "linkTo": "/services/bulk-payment/record-detail"
  }
]