{
  "fromAcccount": [
    {
      "label": "Account",
      "value": "PT Toyota Motor Manufacturing Indonesia | 0080-1439-5901 | IDR",
      "currency": "IDR"
    }
  ],
  "beneficiaryDetails": [
    {
      "label": "AccountNumber",
      "value": "9911-2132-11"
    },
    {
      "label": "AccountName",
      "value": "PT. Toyota Astra International"
    },
    {
      "label": "BankName",
      "value": "Bank OCBC NISP"
    }
  ],
  "transactionDetails": [
    {
      "label": "Amount",
      "value": "IDR 400,000,000.00"
    },
    {
      "label": "TransferType",
      "value": "LLG"
    },
    {
      "label": "TransactionFee",
      "value": "IDR 3,500.00"
    },
    {
      "label": "TotalDebitAmount",
      "value": "IDR 400,003,500.00"
    },
    {
      "label": "ChargeTransferFeeTo",
      "value": "Remitter"
    },
    {
      "label": "TransactionDate",
      "value": "24 Jun 2021"
    },
    {
      "label": "BeneficiaryCitizenship",
      "value": "Resident - Citizen"
    },
    {
      "label": "BeneficiaryCategory",
      "value": "Corporate"
    },
    {
      "label": "TransactionReferenceNumber",
      "value": "1231-2412-4141-2333"
    }
  ],
  "additionalDetails": [
    {
      "label": "ShortMessage",
      "value": "-"
    },
    {
      "label": "CustomerReference",
      "value": "-"
    },
    {
      "label": "RecipientEmail",
      "value": "Rama@toyota.com"
    },
    {
      "label": "RecipientWhatsAppNumber1",
      "value": "+62 8123-4567-8"
    }
  ],
  "recurring": [
    {
      "label": "frequencyType",
      "value": "Weekly",
      "icon": "arrowDown"
    },
    {
      "label": "StartDate",
      "value": "04 Jul 2021",
      "icon": "calendar"
    },
    {
      "label": "every",
      "value": "Monday",
      "icon": "calendar"
    },
    {
      "label": "transactionOccur",
      "value": "4",
      "icon": "arrowDown"
    },
    {
      "label": "EndDate",
      "value": "25 Jul 2021",
      "icon": "calendar",
      "withHelperText": "Recurring date may change depending on BI announcement."
    },
    {
      "label": "TransactionDateOnHoliday",
      "value": "Proceed the Working Day before",
      "icon": "arrowDown",
      "isLast": true
    }
  ]
}
