[
  {
    "id": "11",
    "transactionDate": 1612512280000,
    "transactionType": "FCY",
    "fromName": "PT Toyota Motor Manufacturing 1",
    "fromBank": "",
    "fromNumber": "0080-1439-5901",
    "destinationName": "PT. Toyota Astra International 1",
    "destinationBank": "Bank OCBC NISP",
    "destinationNumber": "9911-2132-11",
    "currency": "IDR",
    "multipleCurrency": false,
    "currencyList": [],
    "amount": "400000000000",
    "tat": "Pass",
    "status": "Pending Approval",
    "closeCutOffTime": false,
    "to": "/request/approver/detail?type=foreign-currency-transfer"
  },
  {
    "id": "1",
    "transactionDate": 1612512280000,
    "transactionType": "LLG",
    "fromName": "PT Toyota Motor Manufacturing 1 Approver",
    "fromBank": "",
    "fromNumber": "0080-1439-5901",
    "destinationName": "PT. Toyota Astra International 1",
    "destinationBank": "Bank OCBC NISP",
    "destinationNumber": "9911-2132-11",
    "currency": "IDR",
    "multipleCurrency": false,
    "currencyList": [],
    "amount": "400000000000",
    "tat": "Pass",
    "status": "Pending Approval",
    "closeCutOffTime": false,
    "to": "/request/approver/detail"
  },
  {
    "id": "2",
    "transactionDate": 1624508780000,
    "transactionType": "Overbooking",
    "fromName": "PT Toyota Motor Manufacturing 2",
    "fromBank": "",
    "fromNumber": "0080-1439-5901",
    "destinationName": "PT. Toyota Astra International 2",
    "destinationBank": "Bank OCBC NISP",
    "destinationNumber": "9911-2132-11",
    "currency": "IDR",
    "multipleCurrency": false,
    "currencyList": [],
    "amount": "12000000000",
    "tat": "Pass",
    "status": "Pending Approval",
    "closeCutOffTime": false,
    "to": "/request/approver/detail"
  },
  {
    "id": "3",
    "transactionDate": 1611512780000,
    "transactionType": "SWIFT",
    "fromName": "PT Toyota Motor Manufacturing 3",
    "fromBank": "",
    "fromNumber": "0080-1439-5901",
    "destinationName": "PT. Toyota Astra International 3",
    "destinationBank": "Bank OCBC NISP",
    "destinationNumber": "9911-2132-11",
    "currency": "IDR",
    "multipleCurrency": false,
    "currencyList": [],
    "amount": "3000000000",
    "tat": "Failed",
    "status": "Pending Release",
    "closeCutOffTime": false,
    "to": "/request/approver/detail"
  },
  {
    "id": "4",
    "transactionDate": 1611512780000,
    "transactionType": "SWIFT",
    "fromName": "PT Toyota Motor Manufacturing 3",
    "fromBank": "",
    "fromNumber": "0080-1439-5901",
    "destinationName": "",
    "destinationBank": "",
    "destinationNumber": "",
    "currency": "",
    "multipleCurrency": false,
    "currencyList": [],
    "amount": "",
    "tat": "Failed",
    "status": "Pending Release",
    "closeCutOffTime": false,
    "to": "/request/approver/detail"
  },
  {
    "id": "5",
    "transactionDate": 1610512780000,
    "transactionType": "Prepaid PLN",
    "fromName": "Multiple Accounts",
    "fromBank": "Bank OCBC NISP",
    "fromNumber": "",
    "destinationName": "Multiple Accounts",
    "destinationBank": "Multiple Banks",
    "destinationNumber": "",
    "multipleCurrency": true,
    "currencyList": [
      "IDR",
      "USD"
    ],
    "currency": "Multiple",
    "amount": "700000000",
    "tat": "Pass",
    "status": "Pending Release",
    "closeCutOffTime": false,
    "to": "/request/approver/detail#!TOPUP_PLN"
  },
  {
    "id": "6",
    "transactionDate": 1610512780000,
    "transactionType": "Billing",
    "fromName": "Multiple Accounts",
    "fromBank": "PermataBank",
    "fromNumber": "",
    "destinationName": "Multiple Accounts",
    "destinationBank": "Multiple Banks",
    "destinationNumber": "",
    "multipleCurrency": true,
    "currencyList": [
      "IDR",
      "USD"
    ],
    "currency": "Multiple",
    "amount": "500000",
    "tat": "Failed",
    "status": "Pending Release",
    "closeCutOffTime": false,
    "to": "/request/approver/detail#!BILLING_PLN"
  },
  {
    "id": "7",
    "transactionDate": 1625134066000,
    "transactionType": "Top Up",
    "fromName": "PT Astra Indonesia",
    "fromBank": "",
    "fromNumber": "0042-8820-1229",
    "destinationName": "Top Up Phone",
    "destinationBank": "",
    "destinationNumber": "0811-2234-3442",
    "multipleCurrency": false,
    "currencyList": [],
    "currency": "IDR",
    "amount": "102500",
    "tat": "Pass",
    "status": "Pending Release",
    "closeCutOffTime": false,
    "to": "/request/approver/detail#!TOPUP_PLN"
  },
  {
    "id": "8",
    "transactionDate": 1625134066000,
    "transactionType": "Favorite - LLG",
    "fromName": "PT Astra Indonesia",
    "fromBank": "",
    "fromNumber": "0042-8820-1229",
    "destinationName": "Top Up Phone",
    "destinationBank": "",
    "destinationNumber": "0811-2234-3442",
    "multipleCurrency": false,
    "currencyList": [],
    "currency": "IDR",
    "amount": "102500",
    "tat": "Pass",
    "status": "Pending Release",
    "closeCutOffTime": false,
    "to": "/request/approver/detail?type=favorite"
  }
]
