[
  {
    "id": "23",
    "transactionDate": 1656039770000,
    "transactionType": "Telegraphic Transfer",
    "transactionNumber": "1231-2412-4141-2333",
    "fromName": "PT Toyota Motor Manufacturing Indonesia",
    "fromNumber": "0023-1921-2344",
    "destinationName": "Sammy Gunawan",
    "destinationBank": "Bank of America - Los Angeles",
    "destinationNumber": "0012-2131-4123",
    "currency": "USD",
    "multipleCurrency": false,
    "currencyList": [],
    "status": "FORWARD_DATED",
    "amount": "5000",
    "closeCutOffTime": false,
    "to": "/transaction-status/detail?progress=FORWARD_DATED"
  },
  {
    "id": "24",
    "transactionDate": null,
    "transactionType": "Favorite - LLG",
    "transactionNumber": "Operational Q4",
    "fromName": "PT Toyota Motor Manufacturing Indonesia",
    "fromNumber": "0080-1439-5901",
    "destinationName": "PT Toyota Astra International",
    "destinationBank": "Bank OCBC NISP",
    "destinationNumber": "9911-2132-11",
    "currency": "IDR",
    "multipleCurrency": false,
    "currencyList": [],
    "amount": "-",
    "status": "FORWARD_DATED",
    "closeCutOffTime": false,
    "to": "/transaction-status/detail/favorite?progress=FORWARD_DATED"
  },
  {
    "id": "25",
    "transactionDate": 1656039770000,
    "transactionType": "Recurring - LLG",
    "transactionNumber": "2222-4444-1234-4498",
    "fromName": "PT Toyota Motor Manufacturing Indonesia",
    "fromNumber": "0080-1439-5901",
    "destinationName": "PT Toyota Astra International",
    "destinationBank": "Bank OCBC NISP",
    "destinationNumber": "9911-2132-11",
    "currency": "IDR",
    "multipleCurrency": false,
    "currencyList": [],
    "amount": "400000000",
    "status": "Pending Approval",
    "closeCutOffTime": false,
    "to": "/services/recurring/detail"
  },
  {
    "id": "16",
    "transactionDate": 1611512780000,
    "transactionType": "Credit Card",
    "transactionNumber": "1231-2412-4141-2333",
    "fromName": "PT Astra Indonesia",
    "fromNumber": "0042-8820-1229",
    "destinationName": "Other Bank",
    "destinationBank": "0041-2321-4123-2222",
    "destinationNumber": "",
    "currency": "IDR",
    "multipleCurrency": false,
    "currencyList": [],
    "status": "FORWARD_DATED",
    "amount": "30000000",
    "closeCutOffTime": false,
    "to": "/transaction-status/detail/topup?subtype=credit-card-other&progress=FORWARD_DATED"
  },
  {
    "id": "17",
    "transactionDate": 1611512780000,
    "transactionType": "Credit Card",
    "transactionNumber": "1231-2412-4141-2333",
    "fromName": "PT Toyota Motor Manufacturing Indonesia",
    "fromNumber": "0080-1439-5901",
    "destinationName": "Permata Credit Card",
    "destinationBank": "9911-2132-1123",
    "destinationNumber": "",
    "currency": "IDR",
    "multipleCurrency": false,
    "currencyList": [],
    "status": "FORWARD_DATED",
    "amount": "30000000",
    "closeCutOffTime": false,
    "to": "/transaction-status/detail/topup?subtype=credit-card-other&progress=FORWARD_DATED"
  },
  {
    "id": "18",
    "transactionDate": 1611512780000,
    "transactionType": "Telco Telkom",
    "transactionNumber": "1231-2412-4141-2333",
    "fromName": "PT Toyota Motor Manufacturing Indonesia",
    "fromNumber": "0080-1439-5901",
    "destinationName": "Rama Gunawan",
    "destinationBank": "",
    "destinationNumber": "0213-1565-592",
    "currency": "IDR",
    "multipleCurrency": false,
    "currencyList": [],
    "status": "FORWARD_DATED",
    "amount": "503000",
    "closeCutOffTime": false,
    "to": "/transaction-status/detail/topup?subtype=telco&progress=FORWARD_DATED"
  },
  {
    "id": 3,
    "isChecked": false,
    "transactionDate": 1624512780000,
    "transactionType": "Phone Top Up",
    "transactionNumber": "1231-2412-4141-2333",
    "fromName": "PT Toyota Motor Manufacturing Indonesia",
    "fromNumber": "0080-1439-5901",
    "destinationName": "0811-2234-344",
    "destinationBank": "",
    "destinationNumber": "",
    "currency": "IDR",
    "multipleCurrency": false,
    "currencyList": [],
    "status": "FORWARD_DATED",
    "amount": "101500",
    "to": "/transaction-status/detail/topup?subtype=phone-top-up&progress=FORWARD_DATED"
  },
  {
    "id": 4,
    "isChecked": false,
    "transactionDate": 1624512780000,
    "transactionType": "Mobile Data Package",
    "transactionNumber": "1231-2412-4141-2333",
    "fromName": "PT Toyota Motor Manufacturing Indonesia",
    "fromNumber": "0080-1439-5901",
    "destinationName": "0877-8834-3442",
    "destinationBank": "",
    "destinationNumber": "",
    "currency": "IDR",
    "multipleCurrency": false,
    "currencyList": [],
    "status": "FORWARD_DATED",
    "amount": "130000",
    "to": "/transaction-status/detail/topup?subtype=mobile-data-package&progress=FORWARD_DATED"
  },
  {
    "id": 5,
    "isChecked": false,
    "transactionDate": 1624512780000,
    "transactionType": "Prepaid PLN",
    "transactionNumber": "1231-2412-4141-2333",
    "fromName": "PT Toyota Motor Manufacturing Indonesia",
    "fromNumber": "0080-1439-5901",
    "destinationName": "Budi Setiawan",
    "destinationBank": "",
    "destinationNumber": "5455-0116-9998",
    "currency": "IDR",
    "multipleCurrency": false,
    "currencyList": [],
    "status": "FORWARD_DATED",
    "amount": "503000",
    "to": "/transaction-status/detail/topup?subtype=pln&progress=FORWARD_DATED"
  },
  {
    "id": 6,
    "isChecked": false,
    "transactionDate": 1624512780000,
    "transactionType": "OVO",
    "transactionNumber": "1231-2412-4141-2333",
    "fromName": "PT Jaya Regional",
    "fromNumber": "0032-8820-2000",
    "destinationName": "OVO Bu** Se*****an",
    "destinationBank": "",
    "destinationNumber": "0812-8879-700",
    "currency": "IDR",
    "multipleCurrency": false,
    "currencyList": [],
    "status": "FORWARD_DATED",
    "amount": "501000",
    "to": "/transaction-status/detail/topup?subtype=ovo&progress=FORWARD_DATED"
  },
  {
    "id": 7,
    "isChecked": false,
    "transactionDate": 1624512780000,
    "transactionType": "GoPay",
    "transactionNumber": "1231-2412-4141-2333",
    "fromName": "PT Jaya Regional",
    "fromNumber": "0032-8820-2000",
    "destinationName": "GOPAY BUDI SETIAWAN",
    "destinationBank": "",
    "destinationNumber": "0812-8879-700",
    "currency": "IDR",
    "multipleCurrency": false,
    "currencyList": [],
    "status": "FORWARD_DATED",
    "amount": "501000",
    "to": "/transaction-status/detail/topup?subtype=gopay&progress=FORWARD_DATED"
  },
  {
    "id": 8,
    "isChecked": false,
    "transactionDate": 1624512780000,
    "transactionType": "DANA",
    "transactionNumber": "1231-2412-4141-2333",
    "fromName": "PT Sentosa Nasional",
    "fromNumber": "0080-1439-2000",
    "destinationName": "Danatopup Irm********",
    "destinationBank": "",
    "destinationNumber": "0812-8879-700",
    "currency": "IDR",
    "multipleCurrency": false,
    "currencyList": [],
    "status": "FORWARD_DATED",
    "amount": "501000",
    "to": "/transaction-status/detail/topup?subtype=dana&progress=FORWARD_DATED"
  },
  {
    "id": 9,
    "isChecked": false,
    "transactionDate": 1624512780000,
    "transactionType": "AstraPay",
    "transactionNumber": "1231-2412-4141-2333",
    "fromName": "PT Astra Indonesia",
    "fromNumber": "0042-8820-1229",
    "destinationName": "Budi Setiawan",
    "destinationBank": "",
    "destinationNumber": "0812-8879-700",
    "currency": "IDR",
    "multipleCurrency": false,
    "currencyList": [],
    "status": "FORWARD_DATED",
    "amount": "501000",
    "to": "/transaction-status/detail/topup?subtype=astrapay&progress=FORWARD_DATED"
  },
  {
    "id": 10,
    "isChecked": false,
    "transactionDate": 1624512780000,
    "transactionType": "ShopeePay",
    "transactionNumber": "1231-2412-4141-2333",
    "fromName": "PT Astra Indonesia",
    "fromNumber": "0042-8820-1229",
    "destinationName": "SHOPEEPAY/R********N",
    "destinationBank": "",
    "destinationNumber": "0812-8879-700",
    "currency": "IDR",
    "multipleCurrency": false,
    "currencyList": [],
    "status": "FORWARD_DATED",
    "amount": "501000",
    "to": "/transaction-status/detail/topup?subtype=shopee-pay&progress=FORWARD_DATED"
  },
  {
    "id": 11,
    "isChecked": false,
    "transactionDate": 1624512780000,
    "transactionType": "Indosat PayPro",
    "transactionNumber": "1231-2412-4141-2333",
    "fromName": "PT Toyota Motor Manufacturing Indonesia",
    "fromNumber": "0080-1439-5901",
    "destinationName": "Budi Setiawan",
    "destinationBank": "",
    "destinationNumber": "0812-8879-700",
    "currency": "IDR",
    "multipleCurrency": false,
    "currencyList": [],
    "status": "FORWARD_DATED",
    "amount": "501000",
    "to": "/transaction-status/detail/topup?subtype=paypro&progress=FORWARD_DATED"
  },
  {
    "id": 12,
    "isChecked": false,
    "transactionDate": 1624512780000,
    "transactionType": "DOKU",
    "transactionNumber": "1231-2412-4141-2333",
    "fromName": "PT Toyota Motor Manufacturing Indonesia",
    "fromNumber": "0080-1439-5901",
    "destinationName": "Budi Setiawan",
    "destinationBank": "",
    "destinationNumber": "0812-8879-700",
    "currency": "IDR",
    "multipleCurrency": false,
    "currencyList": [],
    "status": "FORWARD_DATED",
    "amount": "501000",
    "to": "/transaction-status/detail/topup?subtype=doku&progress=FORWARD_DATED"
  },
  {
    "id": 13,
    "isChecked": false,
    "transactionDate": 1624512780000,
    "transactionType": "Steam Wallet",
    "transactionNumber": "1231-2412-4141-2333",
    "fromName": "PT Toyota Motor Manufacturing Indonesia",
    "fromNumber": "0080-1439-5901",
    "destinationName": "-",
    "destinationBank": "",
    "destinationNumber": "",
    "currency": "IDR",
    "multipleCurrency": false,
    "currencyList": [],
    "status": "FORWARD_DATED",
    "amount": "53000",
    "to": "/transaction-status/detail/topup?subtype=steam-wallet&progress=FORWARD_DATED"
  },
  {
    "id": 14,
    "isChecked": false,
    "transactionDate": 1624512780000,
    "transactionType": "Steam Key",
    "transactionNumber": "1231-2412-4141-2333",
    "fromName": "PT Toyota Motor Manufacturing Indonesia",
    "fromNumber": "0080-1439-5901",
    "destinationName": "-",
    "destinationBank": "",
    "destinationNumber": "",
    "currency": "IDR",
    "multipleCurrency": false,
    "currencyList": [],
    "status": "FORWARD_DATED",
    "amount": "215000",
    "to": "/transaction-status/detail/topup?subtype=steam-key&progress=FORWARD_DATED"
  },
  {
    "id": 15,
    "isChecked": false,
    "transactionDate": 1624512780000,
    "transactionType": "Diamonds",
    "transactionNumber": "1231-2412-4141-2333",
    "fromName": "PT Toyota Motor Manufacturing Indonesia",
    "fromNumber": "0080-1439-5901",
    "destinationName": "2558-1762-8 (2258)",
    "destinationBank": "",
    "destinationNumber": "",
    "currency": "IDR",
    "multipleCurrency": false,
    "currencyList": [],
    "status": "FORWARD_DATED",
    "amount": "20000",
    "to": "/transaction-status/detail/topup?subtype=mobile-legend&progress=FORWARD_DATED"
  },
  {
    "id": 1,
    "isChecked": false,
    "transactionDate": 1624512780000,
    "transactionType": "LLG",
    "transactionNumber": "1231-2412-4141-2333",
    "fromName": "PT Toyota Motor Manufacturing Indonesia",
    "fromNumber": "0080-1439-5901",
    "destinationName": "PT. Toyota Astra International",
    "destinationBank": "Bank OCBC NISP",
    "destinationNumber": "9911-2132-11",
    "currency": "IDR",
    "multipleCurrency": false,
    "currencyList": [],
    "status": "FORWARD_DATED",
    "amount": "400000000",
    "to": "/transaction-status/detail/topup?progress=FORWARD_DATED"
  },
  {
    "id": 2,
    "isChecked": false,
    "transactionDate": 1628068006000,
    "transactionType": "RTGS",
    "transactionNumber": "1231-2412-4141-2333",
    "fromName": "Branch Regional",
    "fromNumber": "0080-1439-5901",
    "destinationName": "ABC Regional",
    "destinationBank": "PermataBank",
    "destinationNumber": "9911-2132-1134",
    "currency": "IDR",
    "multipleCurrency": false,
    "currencyList": [],
    "status": "FORWARD_DATED",
    "amount": "12000000",
    "to": "/transaction-status/detail/topup?progress=FORWARD_DATED"
  },
  {
    "id": "23",
    "transactionDate": 1624508780000,
    "transactionType": "Cheque Book Request",
    "transactionNumber": "5534-4444-1234-4423",
    "fromName": "PT Astra Indonesia",
    "fromBank": "",
    "fromNumber": "0020-1439-5901",
    "destinationName": "-",
    "destinationBank": "",
    "destinationNumber": "",
    "currency": "IDR",
    "multipleCurrency": false,
    "currencyList": [],
    "amount": "570000",
    "tat": "Pass",
    "status": "Pending Approval",
    "closeCutOffTime": false,
    "to": "/transaction-status/detail/chequebook?progress=FORWARD_DATED&roles=maker"
  },
  {
    "id": "23",
    "transactionDate": 1624508780000,
    "transactionType": "Cheque Book Request",
    "transactionNumber": "5534-4444-1234-4423",
    "fromName": "PT Toyota Motor Manufacturing Indonesia",
    "fromBank": "",
    "fromNumber": "0080-1439-4000",
    "destinationName": "-",
    "destinationBank": "",
    "destinationNumber": "",
    "currency": "IDR",
    "multipleCurrency": false,
    "currencyList": [],
    "amount": "570000",
    "tat": "Pass",
    "status": "Pending by Bank",
    "closeCutOffTime": false,
    "to": "/transaction-status/detail/chequebook?progress=FORWARD_DATED&roles=maker"
  },
  {
    "id": "23",
    "transactionDate": 1624508780000,
    "transactionType": "Cheque Book Request",
    "transactionNumber": "5534-4444-1234-4423",
    "fromName": "PT Astra Indonesia",
    "fromBank": "",
    "fromNumber": "0020-1439-5901",
    "destinationName": "-",
    "destinationBank": "",
    "destinationNumber": "",
    "currency": "IDR",
    "multipleCurrency": false,
    "currencyList": [],
    "amount": "285000",
    "tat": "Pass",
    "status": "Ready for Pick-up",
    "closeCutOffTime": false,
    "to": "/transaction-status/detail/chequebook?progress=FORWARD_DATED&roles=maker"
  }
]