{
  "fromAcccount": [
    {
      "label": "Account",
      "value": "PT Toyota Motor Manufacturing Indonesia | 0080-1439-5901 | IDR"
    }
  ],
  "payeeDetails": [
    {
      "label": "Category",
      "value": "Prepaid PLN"
    },
    {
      "label": "PLNCustomerID",
      "value": "5455-0116-9998"
    },
    {
      "label": "CustomerName",
      "value": "Budi Setiawan"
    },
    {
      "label": "MeterNumber",
      "value": "60010652158"
    },
    {
      "label": "TarifDaya",
      "value": "R1/2200"
    },
    {
      "label": "TokenAvail1",
      "value": "-"
    },
    {
      "label": "TokenAvail2",
      "value": "-"
    }
  ],
  "transactionDetails": [
    {
      "label": "Amount",
      "value": "IDR 400,000,000.00"
    },
    {
      "label": "TransferType",
      "value": "LLG"
    },
    {
      "label": "TransactionFee",
      "value": "IDR 3,500.00"
    },
    {
      "label": "TotalDebitAmount",
      "value": "IDR 400,003,500.00"
    },
    {
      "label": "ChargeTransferFeeTo",
      "value": "Remitter"
    },
    {
      "label": "TransactionDate",
      "value": "24 Jun 2021"
    },
    {
      "label": "ExpiryDate",
      "value": "07 Jul 2021"
    },
    {
      "label": "BeneficiaryCitizenship",
      "value": "Resident - Citizen"
    },
    {
      "label": "BeneficiaryCategory",
      "value": "Corporate"
    },
    {
      "label": "TransactionReferenceNumber",
      "value": "1231-2412-4141-2333"
    }
  ],
  "additionalDetails": [
    {
      "label": "ShortMessage",
      "value": "-"
    },
    {
      "label": "CustomerReference",
      "value": "-"
    },
    {
      "label": "RecipientEmail",
      "value": "Rama@toyota.com"
    },
    {
      "label": "RecipientWhatsAppNumber1",
      "value": "+62 8123-4567-8"
    }
  ],
  "recurring": [
    {
      "label": "Frequency",
      "value": "Weekly"
    },
    {
      "label": "DaysInWeek",
      "value": "Monday"
    },
    {
      "label": "StartDate",
      "value": "28 Jun 2021"
    },
    {
      "label": "EndDate",
      "value": "28 Jul 2021"
    },
    {
      "label": "TransactionDateOnHoliday",
      "value": "Proceed the Working Day before"
    }
  ]
}
