[
  {
    "id": 1,
    "amount": "300",
    "transactionType": "LLG",
    "transactionDate": 1636569002000,
    "transactionTypeNumber": "1234-1234-1234-1234",
    "from": {
      "accountName": "PT Toyota Motor Manufacturing Indonesia",
      "accountInfo": "IDR | 0080-1439-5901"
    },
    "to": {
      "customerName": "PT Makmur Sentosa 2",
      "bankName": "OCBC NISP",
      "bankAccount": "0022-8820-8888"
    },
    "currency": "IDR",
    "recordStatus": {
      "name": "Pass",
      "status": "success"
    },
    "linkTo": "/services/bulk-payment/record-detail"
  },
  {
    "id": 2,
    "amount": "50000000",
    "transactionType": "LLG",
    "transactionDate": 1636569002000,
    "transactionTypeNumber": "2224-1234-1234-1234",
    "from": {
      "accountName": "Toyota International Branch Regional II",
      "accountInfo": "SGD | 0090-1439-5901"
    },
    "to": {
      "customerName": "PT ABC",
      "bankName": "OCBC NISP",
      "bankAccount": "7280-1234-5670"
    },
    "currency": "IDR",
    "recordStatus": {
      "name": "Pass",
      "status": "success"
    },
    "linkTo": "/services/bulk-payment/record-detail"
  },
  {
    "id": 3,
    "amount": "70000000",
    "transactionType": "LLG",
    "transactionDate": 1636569002000,
    "transactionTypeNumber": "4444-1234-1234-1234",
    "from": {
      "accountName": "Toyota International Branch Regional II",
      "accountInfo": "SGD | 0090-1439-5901"
    },
    "to": {
      "customerName": "PT Toyota Astra International",
      "bankName": "BRI",
      "bankAccount": "0022-8820-8888"
    },
    "currency": "IDR",
    "recordStatus": {
      "name": "Pass",
      "status": "success"
    },
    "linkTo": "/services/bulk-payment/record-detail"
  },
  {
    "id": 4,
    "amount": "60000000",
    "transactionType": "LLG",
    "transactionDate": 1636569002000,
    "transactionTypeNumber": "9090-1234-1234-1234",
    "from": {
      "accountName": "PT Toyota Motor Manufacturing Indonesia",
      "accountInfo": "IDR | 0080-1439-5901"
    },
    "to": {
      "customerName": "PT Lancar Jaya",
      "bankName": "BCA",
      "bankAccount": "0022-8820-8888"
    },
    "currency": "IDR",
    "recordStatus": {
      "name": "Pass",
      "status": "success"
    },
    "linkTo": "/services/bulk-payment/record-detail"
  },
  {
    "id": 5,
    "amount": "110000000",
    "transactionType": "RTGS",
    "transactionDate": 1636569002000,
    "transactionTypeNumber": "1231-1234-1234-1234",
    "from": {
      "accountName": "PT Toyota Motor Manufacturing Indonesia",
      "accountInfo": "IDR | 0080-1439-5901"
    },
    "to": {
      "customerName": "PT Sejahtera Nasional",
      "bankName": "OCBC NISP",
      "bankAccount": "0022-8820-8888"
    },
    "currency": "IDR",
    "recordStatus": {
      "name": "Pass",
      "status": "success"
    },
    "linkTo": "/services/bulk-payment/record-detail"
  }
]
