{
  "fromAcccount": [
    {
      "label": "Account",
      "value": "PT Astra Indonesia | 0042-8820-1229 | IDR"
    }
  ],
  "payeeDetails": [
    {
      "label": "Category",
      "value": "Prepaid PLN"
    },
    {
      "label": "PLNCustomerID",
      "value": "5455-0116-9998"
    },
    {
      "label": "CustomerName",
      "value": "Budi Setiawan"
    },
    {
      "label": "MeterNumber",
      "value": "60007398734"
    },
    {
      "label": "TarifDaya",
      "value": "R1/2200"
    },
    {
      "label": "TokenAvail1",
      "value": "-"
    },
    {
      "label": "TokenAvail2",
      "value": "-"
    }
  ],
  "transactionDetails": [
    {
      "label": "PrepaidPLNAmount",
      "value": "Token 500,000"
    },
    {
      "label": "TransactionFee",
      "value": "IDR 3,000.00"
    },
    {
      "label": "TotalDebitAmount",
      "value": "IDR 503,000.00"
    },
    {
      "label": "TransactionDate",
      "value": "24 Jun 2021"
    },
    {
      "label": "ExpiryDate",
      "value": "07 Jul 2021"
    }
  ],
  "additionalDetails": [
    {
      "label": "RecipientEmail",
      "value": "-"
    },
    {
      "label": "RecipientWhatsAppNumber1",
      "value": "+62 8123-4567-8"
    }
  ]
}
