[
  {
    "id": 1,
    "date": "02 Aug 2021",
    "description": "Interest payment",
    "amount": "866666700",
    "transactionBalance": "credit",
    "transactionType": "payment",
    "transactionInterestPayment": "Interest Payment Aug 2021"
  },
  {
    "id": 2,
    "date": "02 Aug 2021",
    "description": "Interest billed",
    "amount": "866666700",
    "transactionBalance": "debit",
    "transactionType": "payment",
    "transactionInterestPayment": ""
  },
  {
    "id": 3,
    "date": "01 Jul 2021",
    "description": "Interest payment",
    "amount": "785416700",
    "transactionBalance": "credit",
    "transactionType": "payment",
    "transactionInterestPayment": "Interest Payment Jul 2021"
  },
  {
    "id": 4,
    "date": "01 Jul 2021",
    "description": "Interest billed",
    "amount": "785416700",
    "transactionBalance": "debit",
    "transactionType": "payment",
    "transactionInterestPayment": ""
  },
  {
    "id": 5,
    "date": "02 Jun 2021",
    "description": "Interest payment",
    "amount": "812500000",
    "transactionBalance": "credit",
    "transactionType": "payment",
    "transactionInterestPayment": "Interest Payment Jun 2021"
  },
  {
    "id": 6,
    "date": "02 Jun 2021",
    "description": "Interest billed",
    "amount": "812500000",
    "transactionBalance": "debit",
    "transactionType": "payment",
    "transactionInterestPayment": ""
  },
  {
    "id": 7,
    "date": "03 May 2021",
    "description": "Interest payment",
    "amount": "514583300",
    "transactionBalance": "credit",
    "transactionType": "payment",
    "transactionInterestPayment": "Interest Payment May 2021"
  },
  {
    "id": 8,
    "date": "03 May 2021",
    "description": "Interest billed",
    "amount": "514583300",
    "transactionBalance": "debit",
    "transactionType": "payment",
    "transactionInterestPayment": ""
  },
  {
    "id": 9,
    "date": "14 Apr 2021",
    "description": "Disbursement",
    "amount": "100000000000",
    "transactionBalance": "debit",
    "transactionType": "disbursement",
    "transactionInterestPayment": ""
  }
]
