{
  "stepList": [
    {
      "variant": "inactive",
      "number": 1,
      "textInfo": "Rejected Reason",
      "confAnchorId": "ConfirmationRejectedReason",
      "activated": false
    },
    {
      "variant": "inactive",
      "number": 2,
      "textInfo": "From Account",
      "confAnchorId": "ConfirmationfromAccount",
      "activated": false
    },
    {
      "variant": "inactive",
      "number": 3,
      "textInfo": "Beneficiary Details",
      "confAnchorId": "ConfirmationbeneficiaryDetails",
      "activated": false
    },
    {
      "variant": "inactive",
      "number": 4,
      "textInfo": "Transaction Details",
      "confAnchorId": "ConfirmationtransactionDetails",
      "activated": false
    },
    {
      "variant": "inactive",
      "number": 5,
      "textInfo": "Additional Details (Optional)",
      "confAnchorId": "ConfirmationadditionalDetails",
      "activated": false
    },
    {
      "variant": "inactive",
      "number": 6,
      "textInfo": "Recurring",
      "confAnchorId": "Confirmationrecurring",
      "activated": true
    }
  ]
}
