[
  {
    "id": "3",
    "actionDate": 1624519980000,
    "actionTime": 1656041400000,
    "actionBy": "Irmawati",
    "actionType": "Cancel",
    "actionTypeStatus": "Success",
    "currency": "IDR",
    "multipleCurrency": false,
    "currencyList": [],
    "amount": "400003500",
    "status": "Cancelled",
    "description": "-",
    "to": ""
  },
  {
    "id": "2",
    "actionDate": 1624516380000,
    "actionTime": 1656037800000,
    "actionBy": "Ferry Irawan",
    "actionType": "Approve",
    "actionTypeStatus": "Success",
    "currency": "IDR",
    "multipleCurrency": false,
    "currencyList": [],
    "amount": "400003500",
    "status": "Pending Approval",
    "description": "-",
    "to": ""
  },
  {
    "id": "1",
    "actionDate": 1624512780000,
    "actionTime": 1656034200000,
    "actionBy": "Rama Gunawan",
    "actionType": "Create",
    "actionTypeStatus": "Success",
    "currency": "IDR",
    "multipleCurrency": false,
    "currencyList": [],
    "amount": "400003500",
    "status": "Pending Approval",
    "description": "-",
    "to": ""
  }
]
