{
  "fromAcccount": [
    {
      "label": "Account",
      "value": "PT Toyota Motor Manufacturing Indonesia | 0080-1439-5901 | IDR",
      "currency": "IDR"
    }
  ],
  "beneficiaryDetails": [
    {
      "label": "BankName",
      "value": "Bank OCBC NISP"
    },
    {
      "label": "BankCode",
      "value": "BOFAUS3NXXX"
    },
    {
      "label": "BankAddress",
      "value": "Los Angeles"
    },
    {
      "label": "BankCountry",
      "value": "United States"
    },
    {
      "label": "CitizenshipCountry",
      "value": "United States"
    },
    {
      "label": "BeneficiaryCitizenship",
      "value": "Resident - Citizen"
    },
    {
      "label": "BeneficiaryAccountNumber",
      "value": "0012-2131-4123"
    },
    {
      "label": "BeneficiaryAccountName",
      "value": "Sammy Gunawan"
    },
    {
      "label": "BeneficiaryCategory",
      "value": "Individual"
    },
    {
      "label": "BeneficiaryAddress",
      "value": "3457 Wilshire Blvd, Los Angeles, CA 90010."
    }
  ],
  "transactionDetails": [
    {
      "label": "Amount",
      "value": "IDR 400,000,000.00"
    },
    {
      "label": "Rate",
      "value": "Special Rate | 1 USD = IDR 12,730.00"
    },
    {
      "label": "TotalDebitAmount",
      "value": "USD 5,020.00"
    },
    {
      "label": "CableFee",
      "value": "USD 10.00"
    },
    {
      "label": "FullAmountFee",
      "value": "USD 10.00"
    },
    {
      "label": "ChargeInstruction",
      "value": "FAG - Full Amount Guarantee"
    },
    {
      "label": "TransactionDate",
      "value": "24 Jun 2021"
    },
    {
      "label": "UnderlyingDocument",
      "value": "0022 INVOICE"
    },
    {
      "label": "RemitterBeneficiaryRelationship",
      "value": "Affiliated"
    },
    {
      "label": "IsRemitterSameAsBeneficiary",
      "value": "Yes"
    },
    {
      "label": "PurposeOfTransaction",
      "value": "2012 - Other Service Transaction"
    },
    {
      "label": "ShortMessage",
      "value": "2012//4231141214225312(100000000)"
    },
    {
      "label": "TransactionReferenceNo",
      "value": "1231-2412-4141-2333"
    }
  ],
  "additionalDetails": [
    {
      "label": "DealNumber",
      "value": "1234-1234-1234-1234"
    },
    {
      "label": "CustomerReferenceDetail",
      "value": "-"
    },
    {
      "label": "RecipientEmail",
      "value": "Rama@toyota.com"
    },
    {
      "label": "RecipientWhatsAppNumber1",
      "value": "+62 8123-4567-8"
    }
  ],
  "recurring": []
}