[
  {
    "id": "1",
    "actionDate": 1612512280000,
    "actionTime": 1645104861000,
    "actionBy": "Rama Gunawan",
    "actionType": "Create",
    "actionTypeStatus": "Success",
    "currency": "IDR",
    "multipleCurrency": false,
    "currencyList": [],
    "amount": "400003500",
    "status": "Cancelled",
    "description": "-",
    "to": ""
  },
  {
    "id": "2",
    "actionDate": 1612512280000,
    "actionTime": 1645104861000,
    "actionBy": "Rama Gunawan",
    "actionType": "Create",
    "actionTypeStatus": "Success",
    "currency": "IDR",
    "multipleCurrency": false,
    "currencyList": [],
    "amount": "400003500",
    "status": "Pending Approval",
    "description": "-",
    "to": ""
  }
]
