[
  {
    "id": 1,
    "transactionDate": 1624529410000,
    "transactionType": "LLG",
    "fromName": "PT Toyota Motor Manufacturing Indonesia",
    "fromCode": "IDR | 0080-1439-5901",
    "toName": "PT Makmur",
    "toBank": "OCBC NISP",
    "toCode": "0022-8820-8888",
    "currency": "IDR",
    "amount": 10000000,
    "errors": [
      {
        "code": "0001",
        "message": "DebitAccountNotFound"
      },
      {
        "code": "0002",
        "message": "TransferTypeNotFound"
      }
    ] 
  }
]

