[
  {
    "id": 1,
    "date": "12 May 2021",
    "description": "Advising Commission",
    "amount": "666700",
    "transactionBalance": "credit",
    "transactionType": "billed",
    "transactionInterestPayment": "Interest Payment Aug 2021"
  },
  {
    "id": 2,
    "date": "12 May 2021",
    "description": "Interest in Advance Payment",
    "amount": "8666700",
    "transactionBalance": "credit",
    "transactionType": "billed",
    "transactionInterestPayment": "Interest Payment Aug 2021"
  },
  {
    "id": 3,
    "date": "12 May 2021",
    "description": "Disbursement",
    "amount": "866666700",
    "transactionBalance": "debit",
    "transactionType": "disbursement",
    "transactionInterestPayment": ""
  }
]
