[
  {
    "id": "1",
    "transactionDate": "11 May 2021",
    "transactionValue": "31 May 2021",
    "description": "Interest payment",
    "amount": "8,666,667.00",
    "type": "credit"
  },
  {
    "id": "2",
    "transactionDate": "12 May 2021",
    "transactionValue": "31 May 2021",
    "description": "Interest payment",
    "amount": "7,854,167.00",
    "type": "credit"
  },
  {
    "id": "3",
    "transactionDate": "13 May 2021",
    "transactionValue": "31 May 2021",
    "description": "Interest payment",
    "amount": "8,125,000.00" ,
    "type": "credit"
  },
  {
    "id": "4",
    "transactionDate": "14 May 2021",
    "transactionValue": "31 May 2021",
    "description": "Interest payment",
    "amount": "5,145,833.00",
    "type": "credit"
  },
  {
    "id": "5",
    "transactionDate": "15 May 2021",
    "transactionValue": "31 May 2021",
    "description": "Interest payment",
    "amount": "1,000,000,000.00",
    "type": "debit"
  }
]