[
  {
    "icon": "cutOffTime",
    "title": "LLG",
    "decription": [
      "MinimumAmountRp_APIDATA",
      "MaximumAmountRp_APIDATA",
      "CutOffTimeWIBWorkingDay_APIDATA"
    ],
    "decriptionAPIdata": []
  },
  {
    "icon": "cutOffTime",
    "title": "RTGS",
    "decription": [
      "MinimumAmountRp_APIDATA",
      "MaximumAmountRp_APIDATA",
      "CutOffTimeWIBWorkingDay_APIDATA"
    ],
    "decriptionAPIdata": []
  },
  {
    "icon": "realTime",
    "title": "Online",
    "decription": [
      "MinimumAmountRp_APIDATA",
      "MaximumAmountRp_APIDATA",
      "RealTimeTransaction24Hour"
    ],
    "decriptionAPIdata": []
  }
]
