[
  {
    "id": "2",
    "actionDate": 1625824743000,
    "actionTime": 1656037800000,
    "actionBy": "System",
    "actionType": "Expiry",
    "actionTypeStatus": "Success",
    "currency": "IDR",
    "multipleCurrency": false,
    "currencyList": [],
    "amount": "400003500",
    "status": "Expired",
    "description": "This transaction can not be executed because it has already passed the expiry date.",
    "to": ""
  },
  {
    "id": "1",
    "actionDate": 1624519980000,
    "actionTime": 1656034200000,
    "actionBy": "Rama Gunawan",
    "actionType": "Create",
    "actionTypeStatus": "Success",
    "currency": "IDR",
    "multipleCurrency": false,
    "currencyList": [],
    "amount": "400003500",
    "status": "Pending Approval",
    "description": "-",
    "to": ""
  }
]
