{
  "stepList": [
    {
      "variant": "inactive",
      "number": 1,
      "textInfo": "FavoriteDetails",
      "confAnchorId": "ConfirmationfavoriteDetail",
      "activated": false
    },
    {
      "variant": "inactive",
      "number": 2,
      "textInfo": "FromAccountOptional",
      "confAnchorId": "ConfirmationfromAccount",
      "activated": false
    },
    {
      "variant": "inactive",
      "number": 3,
      "textInfo": "BeneficiaryDetails",
      "confAnchorId": "ConfirmationpayeeDetails",
      "activated": false
    },
    {
      "variant": "inactive",
      "number": 4,
      "textInfo": "TransactionDetailsOptional",
      "confAnchorId": "ConfirmationtransactionDetails",
      "activated": false
    },
    {
      "variant": "inactive",
      "number": 5,
      "textInfo": "AdditionalDetail",
      "confAnchorId": "ConfirmationadditionalDetails",
      "activated": false
    }
  ]
}
