[
  {
    "id": 0,
    "value": 0,
    "isChecked": false,
    "text": "No Value",
    "show": true
  },
  {
    "id": 5,
    "value": 5,
    "isChecked": false,
    "text": "Bill Payment",
    "show": true
  },
  {
    "id": 4,
    "value": 4,
    "isChecked": false,
    "text": "Bulk Payment",
    "show": true
  },
  {
    "id": 7,
    "value": 7,
    "isChecked": false,
    "text": "Cheque Book Request",
    "show": true
  },
  {
    "id": 1,
    "value": 1,
    "isChecked": false,
    "text": "LLG",
    "show": true
  },
  {
    "id": 2,
    "value": 2,
    "isChecked": false,
    "text": "Overbooking",
    "show": true
  },
  {
    "id": 3,
    "value": 3,
    "isChecked": false,
    "text": "SWIFT",
    "show": true
  },
  {
    "id": 6,
    "value": 6,
    "isChecked": false,
    "text": "Tax Payment",
    "show": true
  }
]