{
  "stepList": [
    {
      "variant": "inactive",
      "number": 1,
      "textInfo": "Failed Transaction",
      "confAnchorId": "FailedTransaction",
      "activated": false
    },
    {
      "variant": "inactive",
      "number": 2,
      "textInfo": "From Account",
      "confAnchorId": "ConfirmationfromAccount",
      "activated": false
    },
    {
      "variant": "inactive",
      "number": 3,
      "textInfo": "Payee Details",
      "confAnchorId": "ConfirmationpayeeDetails",
      "activated": false
    },
    {
      "variant": "inactive",
      "number": 4,
      "textInfo": "Transaction Details",
      "confAnchorId": "ConfirmationtransactionDetails",
      "activated": false
    },
    {
      "variant": "inactive",
      "number": 5,
      "textInfo": "Additional Details (Optional)",
      "confAnchorId": "ConfirmationadditionalDetails",
      "activated": false
    }
  ]
}
