[
  {
    "id": "1",
    "transactionDate": "11 May 2021",
    "transactionValue": "31 May 2021",
    "referenceNumber": "1234-4562-3913-9133",
    "customerNote": "OLB11318238719176152",
    "chequeNumber": "1234-4562-3913",
    "transactionCode": "375",
    "description": "PB KE UNITED TRACTORS, PT.",
    "debit": "-",
    "credit": "85,000,000,000.00"
  },
  {
    "id": "2",
    "transactionDate": "12 May 2021",
    "transactionValue": "31 May 2021",
    "referenceNumber": "5637-3156-3134-4030",
    "customerNote": "OLB11318238719176152",
    "chequeNumber": "1234-4562-3913",
    "transactionCode": "121",
    "description": "PB KE UNITED TRACTORS, PT.",
    "debit": "120,000,000,000.00",
    "credit": "-"
  },
  {
    "id": "3",
    "transactionDate": "13 May 2021",
    "transactionValue": "31 May 2021",
    "referenceNumber": "1234-4562-3913-9133",
    "customerNote": "OLB11318238719176152",
    "chequeNumber": "1234-4562-3913",
    "transactionCode": "375",
    "description": "Biaya adm. Bulan September 202",
    "debit": "-",
    "credit": "85,000,000,000.00"
  },
  {
    "id": "4",
    "transactionDate": "14 May 2021",
    "transactionValue": "31 May 2021",
    "referenceNumber": "1234-4562-3913-9133",
    "customerNote": "OLB11318238719176152",
    "chequeNumber": "1234-4562-3913",
    "transactionCode": "121",
    "description": "TRF DARI MULTI GUNA MARITIM PT",
    "debit": "-",
    "credit": "85,000,000,000.00"
  },
  {
    "id": "5",
    "transactionDate": "15 May 2021",
    "transactionValue": "31 May 2021",
    "referenceNumber": "1234-4562-3913-9133",
    "customerNote": "OLB11318238719176152",
    "chequeNumber": "1234-4562-3913",
    "transactionCode": "-",
    "description": "PB KE UNITED TRACTORS, PT.",
    "debit": "-",
    "credit": "85,000,000,000.00"
  },
  {
    "id": "6",
    "transactionDate": "16 May 2021",
    "transactionValue": "29 May 2021",
    "referenceNumber": "1234-4562-3913-9133",
    "customerNote": "OLB11318238719176152",
    "chequeNumber": "1234-4562-3913",
    "transactionCode": "375",
    "description": "TRF DARI MULTI GUNA MARITIM PT",
    "debit": "-",
    "credit": "85,000,000,000.00"
  },
  {
    "id": "7",
    "transactionDate": "17 May 2021",
    "transactionValue": "29 May 2021",
    "referenceNumber": "5637-3156-3134-4030",
    "customerNote": "OLB11318238719176152",
    "chequeNumber": "1234-4562-3913",
    "transactionCode": "121",
    "description": "TRF DARI MULTI GUNA MARITIM PT",
    "debit": "120,000,000,000.00",
    "credit": "-"
  },
  {
    "id": "8",
    "transactionDate": "18 May 2021",
    "transactionValue": "29 May 2021",
    "referenceNumber": "1234-4562-3913-9133",
    "customerNote": "OLB11318238719176152",
    "chequeNumber": "1234-4562-3913",
    "transactionCode": "375",
    "description": "PB KE UNITED TRACTORS, PT.",
    "debit": "-",
    "credit": "85,000,000,000.00"
  },
  {
    "id": "9",
    "transactionDate": "19 May 2021",
    "transactionValue": "25 May 2021",
    "referenceNumber": "5637-3156-3134-4030",
    "customerNote": "OLB11318238719176152",
    "chequeNumber": "1234-4562-3913",
    "transactionCode": "375",
    "description": "TRF DARI MULTI GUNA MARITIM PT",
    "debit": "-",
    "credit": "85,000,000,000.00"
  },
  {
    "id": "10",
    "transactionDate": "20 May 2021",
    "transactionValue": "25 May 2021",
    "referenceNumber": "1234-4562-3913-9133",
    "customerNote": "OLB11318238719176152",
    "chequeNumber": "1234-4562-3913",
    "transactionCode": "121",
    "description": "Payroll Payment Confirmation with reference number #123488881929 ",
    "debit": "120,000,000,000.00",
    "credit": "-"
  },
  {
    "id": "11",
    "transactionDate": "21 May 2021",
    "transactionValue": "21 May 2021",
    "referenceNumber": "1234-4562-3913-9133",
    "customerNote": "OLB11318238719176152",
    "chequeNumber": "1234-4562-3913",
    "transactionCode": "375",
    "description": "Balance brought forward  online scheduled payment to CRD 4950 ",
    "debit": "-",
    "credit": "85,000,000,000.00"
  },
  {
    "id": "12",
    "transactionDate": "21 May 2021",
    "transactionValue": "21 May 2021",
    "referenceNumber": "5637-3156-3134-4030",
    "customerNote": "OLB11318238719176152",
    "chequeNumber": "1234-4562-3913",
    "transactionCode": "121",
    "description": "PB KE UNITED TRACTORS, PT.",
    "debit": "120,000,000,000.00",
    "credit": "-"
  },
  {
    "id": "13",
    "transactionDate": "15 May 2021",
    "transactionValue": "15 May 2021",
    "referenceNumber": "1234-4562-3913-9133",
    "customerNote": "OLB11318238719176152",
    "chequeNumber": "1234-4562-3913",
    "transactionCode": "375",
    "description": "TRF DARI MULTI GUNA MARITIM PT ",
    "debit": "-",
    "credit": "85,000,000,000.00"
  },
  {
    "id": "14",
    "transactionDate": "15 May 2021",
    "transactionValue": "15 May 2021",
    "referenceNumber": "1234-4562-3913-9133",
    "customerNote": "OLB11318238719176152",
    "chequeNumber": "1234-4562-3913",
    "transactionCode": "121",
    "description": "Payroll Payment Confirmation with reference number #123488881929 ",
    "debit": "85,000,000,000.00",
    "credit": "-"
  },
  {
    "id": "15",
    "transactionDate": "15 May 2021",
    "transactionValue": "15 May 2021",
    "referenceNumber": "5637-3156-3134-4030",
    "customerNote": "OLB11318238719176152",
    "chequeNumber": "1234-4562-3913",
    "transactionCode": "121",
    "description": "Balance brought forward  online scheduled payment to CRD 4950",
    "debit": "-",
    "credit": "85,000,000,000.00"
  },
  {
    "id": "16",
    "transactionDate": "15 May 2021",
    "transactionValue": "15 May 2021",
    "referenceNumber": "1234-4562-3913-9133",
    "customerNote": "OLB11318238719176152",
    "chequeNumber": "1234-4562-3913",
    "transactionCode": "121",
    "description": "Vendor Fee Payment Transaction Periode May- June 2021 from PT Toyota Motor Manufacturing Indonesia Citibank with reference number #12301923919413",
    "debit": "120,000,000,000.00",
    "credit": "-"
  },
  {
    "id": "17",
    "transactionDate": "12 May 2021",
    "transactionValue": "12 May 2021",
    "referenceNumber": "1234-4562-3913-9133",
    "customerNote": "OLB11318238719176152",
    "chequeNumber": "1234-4562-3913",
    "transactionCode": "375",
    "description": "PB KE UNITED TRACTORS, PT.",
    "debit": "-",
    "credit": "85,000,000,000.00"
  },
  {
    "id": "18",
    "transactionDate": "12 May 2021",
    "transactionValue": "12 May 2021",
    "referenceNumber": "1234-4562-3913-9133",
    "customerNote": "OLB11318238719176152",
    "chequeNumber": "1234-4562-3913",
    "transactionCode": "375",
    "description": "PB KE UNITED TRACTORS, PT.",
    "debit": "-",
    "credit": "85,000,000,000.00"
  },
  {
    "id": "19",
    "transactionDate": "12 May 2021",
    "transactionValue": "12 May 2021",
    "referenceNumber": "1234-4562-3913-9133",
    "customerNote": "OLB11318238719176152",
    "chequeNumber": "1234-4562-3913",
    "transactionCode": "375",
    "description": "PB KE UNITED TRACTORS, PT.",
    "debit": "-",
    "credit": "85,000,000,000.00"
  },
  {
    "id": "20",
    "transactionDate": "12 May 2021",
    "transactionValue": "12 May 2021",
    "referenceNumber": "1234-4562-3913-9133",
    "customerNote": "OLB11318238719176152",
    "chequeNumber": "1234-4562-3913",
    "transactionCode": "375",
    "description": "PB KE UNITED TRACTORS, PT.",
    "debit": "-",
    "credit": "85,000,000,000.00"
  },
  {
    "id": "21",
    "transactionDate": "19 May 2021",
    "transactionValue": "25 May 2021",
    "referenceNumber": "5637-3156-3134-4030",
    "customerNote": "OLB11318238719176152",
    "chequeNumber": "1234-4562-3913",
    "transactionCode": "375",
    "description": "TRF DARI MULTI GUNA MARITIM PT",
    "debit": "-",
    "credit": "85,000,000,000.00"
  },
  {
    "id": "22",
    "transactionDate": "20 May 2021",
    "transactionValue": "25 May 2021",
    "referenceNumber": "1234-4562-3913-9133",
    "customerNote": "OLB11318238719176152",
    "chequeNumber": "1234-4562-3913",
    "transactionCode": "121",
    "description": "Payroll Payment Confirmation with reference number #123488881929 ",
    "debit": "120,000,000,000.00",
    "credit": "-"
  },
  {
    "id": "23",
    "transactionDate": "21 May 2021",
    "transactionValue": "21 May 2021",
    "referenceNumber": "1234-4562-3913-9133",
    "customerNote": "OLB11318238719176152",
    "chequeNumber": "1234-4562-3913",
    "transactionCode": "375",
    "description": "Balance brought forward  online scheduled payment to CRD 4950 ",
    "debit": "-",
    "credit": "85,000,000,000.00"
  },
  {
    "id": "24",
    "transactionDate": "21 May 2021",
    "transactionValue": "21 May 2021",
    "referenceNumber": "5637-3156-3134-4030",
    "customerNote": "OLB11318238719176152",
    "chequeNumber": "1234-4562-3913",
    "transactionCode": "121",
    "description": "PB KE UNITED TRACTORS, PT.",
    "debit": "120,000,000,000.00",
    "credit": "-"
  },
  {
    "id": "25",
    "transactionDate": "15 May 2021",
    "transactionValue": "15 May 2021",
    "referenceNumber": "1234-4562-3913-9133",
    "customerNote": "OLB11318238719176152",
    "chequeNumber": "1234-4562-3913",
    "transactionCode": "375",
    "description": "PB KE UNITED TRACTORS, PT.",
    "debit": "-",
    "credit": "85,000,000,000.00"
  },
  {
    "id": "26",
    "transactionDate": "15 May 2021",
    "transactionValue": "15 May 2021",
    "referenceNumber": "1234-4562-3913-9133",
    "customerNote": "OLB11318238719176152",
    "chequeNumber": "1234-4562-3913",
    "transactionCode": "121",
    "description": "Payroll Payment Confirmation with reference number #123488881929 ",
    "debit": "85,000,000,000.00",
    "credit": "-"
  },
  {
    "id": "27",
    "transactionDate": "15 May 2021",
    "transactionValue": "15 May 2021",
    "referenceNumber": "5637-3156-3134-4030",
    "customerNote": "OLB11318238719176152",
    "chequeNumber": "1234-4562-3913",
    "transactionCode": "121",
    "description": "Balance brought forward  online scheduled payment to CRD 4950",
    "debit": "-",
    "credit": "85,000,000,000.00"
  },
  {
    "id": "28",
    "transactionDate": "15 May 2021",
    "transactionValue": "15 May 2021",
    "referenceNumber": "1234-4562-3913-9133",
    "customerNote": "OLB11318238719176152",
    "chequeNumber": "1234-4562-3913",
    "transactionCode": "121",
    "description": "Vendor Fee Payment Transaction Periode May- June 2021 from PT Toyota Motor Manufacturing Indonesia Citibank with reference number #12301923919413",
    "debit": "120,000,000,000.00",
    "credit": "-"
  },
  {
    "id": "29",
    "transactionDate": "12 May 2021",
    "transactionValue": "12 May 2021",
    "referenceNumber": "1234-4562-3913-9133",
    "customerNote": "OLB11318238719176152",
    "chequeNumber": "1234-4562-3913",
    "transactionCode": "375",
    "description": "PB KE UNITED TRACTORS, PT.",
    "debit": "-",
    "credit": "85,000,000,000.00"
  },
  {
    "id": "30",
    "transactionDate": "12 May 2021",
    "transactionValue": "12 May 2021",
    "referenceNumber": "1234-4562-3913-9133",
    "customerNote": "OLB11318238719176152",
    "chequeNumber": "1234-4562-3913",
    "transactionCode": "375",
    "description": "PB KE UNITED TRACTORS, PT.",
    "debit": "-",
    "credit": "85,000,000,000.00"
  },
  {
    "id": "31",
    "transactionDate": "12 May 2021",
    "transactionValue": "12 May 2021",
    "referenceNumber": "1234-4562-3913-9133",
    "customerNote": "OLB11318238719176152",
    "chequeNumber": "1234-4562-3913",
    "transactionCode": "375",
    "description": "PB KE UNITED TRACTORS, PT.",
    "debit": "-",
    "credit": "85,000,000,000.00"
  },
  {
    "id": "32",
    "transactionDate": "12 May 2021",
    "transactionValue": "12 May 2021",
    "referenceNumber": "1234-4562-3913-9133",
    "customerNote": "OLB11318238719176152",
    "chequeNumber": "1234-4562-3913",
    "transactionCode": "375",
    "description": "PB KE UNITED TRACTORS, PT.",
    "debit": "-",
    "credit": "85,000,000,000.00"
  }
]
