[
  {
    "id": "23",
    "transactionDate": 1656039770000,
    "transactionType": "Telegraphic Transfer",
    "transactionNumber": "1231-2412-4141-2333",
    "fromName": "PT Toyota Motor Manufacturing Indonesia",
    "fromNumber": "0023-1921-2344",
    "destinationName": "Sammy Gunawan",
    "destinationBank": "Bank of America - Los Angeles",
    "destinationNumber": "0012-2131-4123",
    "currency": "USD",
    "multipleCurrency": false,
    "currencyList": [],
    "amount": "5000",
    "closeCutOffTime": false,
    "to": "/transaction-status/detail?progress=FOR_REPAIR"
  },
  {
    "id": "24",
    "transactionDate": null,
    "transactionType": "Favorite - LLG",
    "transactionNumber": "Operational Q4",
    "fromName": "PT Toyota Motor Manufacturing Indonesia",
    "fromNumber": "0080-1439-5901",
    "destinationName": "PT Toyota Astra International",
    "destinationBank": "Bank OCBC NISP",
    "destinationNumber": "9911-2132-11",
    "currency": "IDR",
    "multipleCurrency": false,
    "currencyList": [],
    "amount": "-",
    "closeCutOffTime": false,
    "to": "/transaction-status/detail/favorite?progress=FOR_REPAIR"
  },
  {
    "id": "25",
    "transactionDate": 1656039770000,
    "transactionType": "Recurring - LLG",
    "transactionNumber": "2222-4444-1234-4498",
    "fromName": "PT Toyota Motor Manufacturing Indonesia",
    "fromNumber": "0080-1439-5901",
    "destinationName": "PT Toyota Astra International",
    "destinationBank": "Bank OCBC NISP",
    "destinationNumber": "9911-2132-11",
    "currency": "IDR",
    "multipleCurrency": false,
    "currencyList": [],
    "amount": "400000000",
    "closeCutOffTime": false,
    "to": "/services/recurring/detail"
  },
  {
    "id": "16",
    "transactionDate": 1611512780000,
    "transactionType": "Credit Card",
    "transactionNumber": "1234-4444-1234-4444",
    "fromName": "PT Astra Indonesia",
    "fromNumber": "0042-8820-122",
    "destinationName": "Other Bank",
    "destinationBank": "0041-2321-4123-2222",
    "destinationNumber": "",
    "currency": "IDR",
    "multipleCurrency": false,
    "currencyList": [],
    "amount": "30000000",
    "closeCutOffTime": false,
    "to": "/transaction-status/detail/billing?subtype=credit-card-other&progress=FOR_REPAIR"
  },
  {
    "id": "17",
    "transactionDate": 1611512780000,
    "transactionType": "Credit Card",
    "transactionNumber": "1234-4444-1234-4444",
    "fromName": "PT Toyota Motor Manufacturing Indonesia",
    "fromNumber": "0080-1439-5901",
    "destinationName": "Permata Credit Card",
    "destinationBank": "9911-2132-1123",
    "destinationNumber": "",
    "currency": "IDR",
    "multipleCurrency": false,
    "currencyList": [],
    "amount": "30000000",
    "closeCutOffTime": false,
    "to": "/transaction-status/detail/billing?subtype=credit-card-permata&progress=FOR_REPAIR"
  },
  {
    "id": "18",
    "transactionDate": 1611512780000,
    "transactionType": "Telco Telkom",
    "transactionNumber": "1234-4444-1234-4444",
    "fromName": "PT Toyota Motor Manufacturing Indonesia",
    "fromNumber": "0080-1439-5901",
    "destinationName": "Rama Gunawan",
    "destinationBank": "",
    "destinationNumber": "0213-1565-592",
    "currency": "IDR",
    "multipleCurrency": false,
    "currencyList": [],
    "amount": "503000",
    "closeCutOffTime": false,
    "to": "/transaction-status/detail/billing?subtype=telco&progress=FOR_REPAIR"
  },
  {
    "id": "1",
    "transactionDate": 1611512780000,
    "transactionType": "Phone Top Up",
    "transactionNumber": "1234-4444-1234-4444",
    "fromName": "PT. Toyota Motor Manufacturing Indonesia",
    "fromNumber": "0080-1439-5901",
    "destinationName": "0811-2234-344",
    "destinationBank": "",
    "destinationNumber": "",
    "currency": "IDR",
    "multipleCurrency": false,
    "currencyList": [],
    "amount": "101500",
    "closeCutOffTime": true,
    "to": "/transaction-status/detail/topup?subtype=phone-top-up&progress=FOR_REPAIR"
  },
  {
    "id": "2",
    "transactionDate": 1611512780000,
    "transactionType": "Mobile Data Package",
    "transactionNumber": "1234-4444-1234-4444",
    "fromName": "PT Toyota Motor Manufacturing Indonesia",
    "fromNumber": "0080-1439-5901",
    "destinationName": "0877-8834-3442",
    "destinationBank": "",
    "destinationNumber": "",
    "currency": "IDR",
    "multipleCurrency": false,
    "currencyList": [],
    "amount": "130000",
    "closeCutOffTime": false,
    "to": "/transaction-status/detail/topup?subtype=mobile-data-package&progress=FOR_REPAIR"
  },
  {
    "id": "3",
    "transactionDate": 1611512780000,
    "transactionType": "Prepaid PLN",
    "transactionNumber": "1234-4444-1234-4444",
    "fromName": "PT Toyota Motor Manufacturing Indonesia",
    "fromNumber": "0080-1439-5901",
    "destinationName": "Budi Setiawan",
    "destinationBank": "",
    "destinationNumber": "5455-0116-9998",
    "currency": "IDR",
    "multipleCurrency": false,
    "currencyList": [],
    "amount": "503000",
    "closeCutOffTime": true,
    "to": "/transaction-status/detail?type=pln&subtype=phone-top-up&progress=FOR_REPAIR"
  },
  {
    "id": "4",
    "transactionDate": 1611512780000,
    "transactionType": "OVO",
    "transactionNumber": "1234-4444-1234-4444",
    "fromName": "PT Jaya Regional",
    "fromNumber": "0032-8820-2000",
    "destinationName": "OVO Bu** Se***an",
    "destinationBank": "",
    "destinationNumber": "0812-8879-700",
    "currency": "IDR",
    "multipleCurrency": false,
    "currencyList": [],
    "amount": "501000",
    "closeCutOffTime": false,
    "to": "/transaction-status/detail/topup?subtype=ovo&progress=FOR_REPAIR"
  },
  {
    "id": "5",
    "transactionDate": 1611512780000,
    "transactionType": "GoPay",
    "transactionNumber": "1234-4444-1234-4444",
    "fromName": "PT Jaya Regional",
    "fromNumber": "0032-8820-2000",
    "destinationName": "GOPAY BUDI SETIAWAN",
    "destinationBank": "",
    "destinationNumber": "0812-8879-700",
    "currency": "IDR",
    "multipleCurrency": false,
    "currencyList": [],
    "amount": "501000",
    "closeCutOffTime": false,
    "to": "/transaction-status/detail/topup?subtype=gopay&progress=FOR_REPAIR"
  },
  {
    "id": "6",
    "transactionDate": 1611512780000,
    "transactionType": "DANA",
    "transactionNumber": "1234-4444-1234-4444",
    "fromName": "PT Sentosa Nasional",
    "fromNumber": "0080-1439-2000",
    "destinationName": "Danatopup Irm****",
    "destinationBank": "",
    "destinationNumber": "0812-8879-700",
    "currency": "IDR",
    "multipleCurrency": false,
    "currencyList": [],
    "amount": "501000",
    "closeCutOffTime": false,
    "to": "/transaction-status/detail/topup?subtype=dana&progress=FOR_REPAIR"
  },
  {
    "id": "7",
    "transactionDate": 1611512780000,
    "transactionType": "AstraPay",
    "transactionNumber": "1234-4444-1234-4444",
    "fromName": "PT Astra Indonesia",
    "fromNumber": "0042-8820-1229",
    "destinationName": "Budi Setiawan",
    "destinationBank": "",
    "destinationNumber": "0812-8879-700",
    "currency": "IDR",
    "multipleCurrency": false,
    "currencyList": [],
    "amount": "501000",
    "closeCutOffTime": false,
    "to": "/transaction-status/detail/topup?subtype=astrapay&progress=FOR_REPAIR"
  },
  {
    "id": "8",
    "transactionDate": 1611512780000,
    "transactionType": "ShopeePay",
    "transactionNumber": "1234-4444-1234-4444",
    "fromName": "PT Astra Indonesia",
    "fromNumber": "0042-8820-1229",
    "destinationName": "SHOPEEPAY/R****N",
    "destinationBank": "",
    "destinationNumber": "0812-8879-700",
    "currency": "IDR",
    "multipleCurrency": false,
    "currencyList": [],
    "amount": "501000",
    "closeCutOffTime": false,
    "to": "/transaction-status/detail/topup?subtype=shopee-pay&progress=FOR_REPAIR"
  },
  {
    "id": "9",
    "transactionDate": 1611512780000,
    "transactionType": "Indosat PayPro",
    "transactionNumber": "1234-4444-1234-4444",
    "fromName": "PT Toyota Motor Manufacturing Indonesia",
    "fromNumber": "0080-1439-5901",
    "destinationName": "Budi Setiawan",
    "destinationBank": "",
    "destinationNumber": "0812-8879-700",
    "currency": "IDR",
    "multipleCurrency": false,
    "currencyList": [],
    "amount": "501000",
    "closeCutOffTime": false,
    "to": "/transaction-status/detail/topup?subtype=ovo&progress=FOR_REPAIR"
  },
  {
    "id": "10",
    "transactionDate": 1611512780000,
    "transactionType": "DOKU",
    "transactionNumber": "1234-4444-1234-4444",
    "fromName": "PT Toyota Motor Manufacturing Indonesia",
    "fromNumber": "0080-1439-5901",
    "destinationName": "Budi Setiawan",
    "destinationBank": "",
    "destinationNumber": "0812-8879-700",
    "currency": "IDR",
    "multipleCurrency": false,
    "currencyList": [],
    "amount": "501000",
    "closeCutOffTime": false,
    "to": "/transaction-status/detail/topup?subtype=doku&progress=FOR_REPAIR"
  },
  {
    "id": "11",
    "transactionDate": 1611512780000,
    "transactionType": "Steam Wallet",
    "transactionNumber": "1234-4444-1234-4444",
    "fromName": "PT. Toyota Motor Manufacturing Indonesia",
    "fromNumber": "0080-1439-5901",
    "destinationName": "",
    "destinationBank": "",
    "destinationNumber": "",
    "currency": "IDR",
    "multipleCurrency": false,
    "currencyList": [],
    "amount": "53000",
    "closeCutOffTime": false,
    "to": "/transaction-status/detail/topup?subtype=steam-wallet&progress=FOR_REPAIR"
  },
  {
    "id": "12",
    "transactionDate": 1611512780000,
    "transactionType": "Steam Key",
    "transactionNumber": "1234-4444-1234-4444",
    "fromName": "PT Toyota Motor Manufacturing Indonesia",
    "fromNumber": "0080-1439-5901",
    "destinationName": "",
    "destinationBank": "",
    "destinationNumber": "",
    "currency": "IDR",
    "multipleCurrency": false,
    "currencyList": [],
    "amount": "215000",
    "closeCutOffTime": false,
    "to": "/transaction-status/detail/topup?subtype=steam-key&progress=FOR_REPAIR"
  },
  {
    "id": "13",
    "transactionDate": 1611512780000,
    "transactionType": "Diamonds",
    "transactionNumber": "1234-4444-1234-4444",
    "fromName": "PT Toyota Motor Manufacturing Indonesia",
    "fromNumber": "0080-1439-5901",
    "destinationName": "2558-1762-8 (2258)",
    "destinationBank": "",
    "destinationNumber": "",
    "currency": "IDR",
    "multipleCurrency": false,
    "currencyList": [],
    "amount": "28000",
    "closeCutOffTime": false,
    "to": "/transaction-status/detail/topup?subtype=mobile-legend&progress=FOR_REPAIR"
  },
  {
    "id": "14",
    "transactionDate": 1624512780000,
    "transactionType": "LLG",
    "transactionNumber": "1234-4444-1234-4444",
    "fromName": "PT Toyota Motor Manufacturing Indonesia",
    "fromNumber": "0080-1439-5901",
    "destinationName": "PT. Toyota Astra International",
    "destinationBank": "Bank OCBC NISP",
    "destinationNumber": "9911-2132-11",
    "currency": "IDR",
    "multipleCurrency": false,
    "currencyList": [],
    "amount": "400000000",
    "closeCutOffTime": false,
    "to": "/transaction-status/detail?type=transfer&progress=FOR_REPAIR"
  },
  {
    "id": "15",
    "transactionDate": 1624512780000,
    "transactionType": "Top Up",
    "transactionNumber": "1234-4444-1234-4444",
    "fromName": "PT Toyota Motor Manufacturing Indonesia",
    "fromNumber": "0080-1439-5901",
    "destinationName": "PT. Toyota Astra International",
    "destinationBank": "Bank OCBC NISP",
    "destinationNumber": "9911-2132-11",
    "currency": "IDR",
    "multipleCurrency": false,
    "currencyList": [],
    "amount": "400000000",
    "closeCutOffTime": false,
    "to": "/transaction-status/detail/topup?progress=FOR_REPAIR"
  },
  {
    "id": "23",
    "transactionDate": 1624508780000,
    "transactionType": "Cheque Book Request",
    "transactionNumber": "5534-4444-1234-4423",
    "fromName": "PT Astra Indonesia",
    "fromBank": "",
    "fromNumber": "0020-1439-5901",
    "destinationName": "-",
    "destinationBank": "",
    "destinationNumber": "",
    "currency": "IDR",
    "multipleCurrency": false,
    "currencyList": [],
    "amount": "570000",
    "tat": "Pass",
    "status": "Pending Approval",
    "closeCutOffTime": false,
    "to": "/transaction-status/detail/chequebook?progress=FOR_REPAIR&roles=maker"
  },
  {
    "id": "23",
    "transactionDate": 1624508780000,
    "transactionType": "Cheque Book Request",
    "transactionNumber": "5534-4444-1234-4423",
    "fromName": "PT Toyota Motor Manufacturing Indonesia",
    "fromBank": "",
    "fromNumber": "0080-1439-4000",
    "destinationName": "-",
    "destinationBank": "",
    "destinationNumber": "",
    "currency": "IDR",
    "multipleCurrency": false,
    "currencyList": [],
    "amount": "570000",
    "tat": "Pass",
    "status": "Pending by Bank",
    "closeCutOffTime": false,
    "to": "/transaction-status/detail/chequebook?progress=FOR_REPAIR&roles=maker"
  },
  {
    "id": "23",
    "transactionDate": 1624508780000,
    "transactionType": "Cheque Book Request",
    "transactionNumber": "5534-4444-1234-4423",
    "fromName": "PT Astra Indonesia",
    "fromBank": "",
    "fromNumber": "0020-1439-5901",
    "destinationName": "-",
    "destinationBank": "",
    "destinationNumber": "",
    "currency": "IDR",
    "multipleCurrency": false,
    "currencyList": [],
    "amount": "285000",
    "tat": "Pass",
    "status": "Ready for Pick-up",
    "closeCutOffTime": false,
    "to": "/transaction-status/detail/chequebook?progress=FOR_REPAIR&roles=maker"
  }
]