[
  {
    "id": 1,
    "date": "24 Jun 2021",
    "description": "Top up mobile",
    "amount": "100000",
    "transactionBalance": "debit",
    "transactionType": {
      "type": "topup",
      "category": "mobile"
    }
  },
  {
    "id": 1,
    "date": "24 Jun 2021",
    "description": "Top up OVO",
    "amount": "100000",
    "transactionBalance": "debit",
    "transactionType": {
      "type": "topup",
      "category": "ovo"
    }
  },
  {
    "id": 1,
    "date": "24 Jun 2021",
    "description": "Top up data package",
    "amount": "100000",
    "transactionBalance": "debit",
    "transactionType": {
      "type": "topup",
      "category": "data package"
    }
  },
  {
    "id": 11,
    "date": "24 Jun 2021",
    "description": "TopUp Gopay",
    "amount": "100000",
    "transactionBalance": "debit",
    "transactionType": {
      "type": "topup",
      "category": "gopay"
    }
  },
  {
    "id": 12,
    "date": "24 Jun 2021",
    "description": "TopUp DANA",
    "amount": "100000",
    "transactionBalance": "debit",
    "transactionType": {
      "type": "topup",
      "category": "dana"
    }
  },
  {
    "id": 12,
    "date": "24 Jun 2021",
    "description": "TopUp ShopeePay",
    "amount": "100000",
    "transactionBalance": "debit",
    "transactionType": {
      "type": "topup",
      "category": "shopeepay"
    }
  },
  {
    "id": 12,
    "date": "24 Jun 2021",
    "description": "TopUp DOKU",
    "amount": "100000",
    "transactionBalance": "debit",
    "transactionType": {
      "type": "topup",
      "category": "doku"
    }
  },
  {
    "id": 12,
    "date": "24 Jun 2021",
    "description": "TopUp Indosat PayPro",
    "amount": "100000",
    "transactionBalance": "debit",
    "transactionType": {
      "type": "topup",
      "category": "paypro"
    }
  },
  {
    "id": 12,
    "date": "24 Jun 2021",
    "description": "TopUp Steam Wallet",
    "amount": "100000",
    "transactionBalance": "debit",
    "transactionType": {
      "type": "topup",
      "category": "steam wallet"
    }
  },
  {
    "id": 12,
    "date": "24 Jun 2021",
    "description": "TopUp Steam Key",
    "amount": "100000",
    "transactionBalance": "debit",
    "transactionType": {
      "type": "topup",
      "category": "steam key"
    }
  },
  {
    "id": 12,
    "date": "24 Jun 2021",
    "description": "TopUp AstraPay",
    "amount": "100000",
    "transactionBalance": "debit",
    "transactionType": {
      "type": "topup",
      "category": "astrapay"
    }
  },
  {
    "id": 12,
    "date": "24 Jun 2021",
    "description": "TopUp Steam Key",
    "amount": "100000",
    "transactionBalance": "debit",
    "transactionType": {
      "type": "topup",
      "category": "steam key"
    }
  },
  {
    "id": 12,
    "date": "24 Jun 2021",
    "description": "TopUp Steam Mobile Legend",
    "amount": "100000",
    "transactionBalance": "debit",
    "transactionType": {
      "type": "topup",
      "category": "mobile legend"
    }
  },
  {
    "id": 12,
    "date": "24 Jun 2021",
    "description": "TopUp PLN",
    "amount": "100000",
    "transactionBalance": "debit",
    "transactionType": {
      "type": "topup",
      "category": "pln"
    }
  },
  {
    "id": 13,
    "date": "25 Mar 2022",
    "description": "Automatic Transfer from Savings Account",
    "amount": "300000000",
    "transactionBalance": "credit",
    "transactionType": {
      "type": "advice",
      "category": "time-deposit"
    }
  },
  {
    "id": 1,
    "date": "24 Jun 2021",
    "description": "Transfer dari Rekening PT Toyota Motor Manufacturing Indonesia Citibank ATM Prima (BANK PERMATA TBK) 06:33:24 PM. Transaksi kedua di bulan Juni 2021",
    "amount": "154897797000000",
    "transactionBalance": "credit"
  },
  {
    "id": 2,
    "date": "24 Jun 2021",
    "description": "Vendor Fee Payment Transaction Periode May- June 2021 from PT Toyota Motor Manufacturing Indonesia Citibank with reference number #12301923919413",
    "amount": "1548977000000",
    "transactionBalance": "credit"
  },
  {
    "id": 3,
    "date": "24 Jun 2021",
    "description": "Transfer dari Rekening Alfred Toding Bank Mandiri ATM Prima (BANK PERMATA TBK) 18:33:24. Transaksi kedua di bulan Januari 2021 Bank Mandiri  with reference number #12301923919413",
    "amount": "1597797000000",
    "transactionBalance": "debit"
  },
  {
    "id": 4,
    "date": "24 Jun 2021",
    "description": "Payroll Payment Confirmation June 2021 with reference number #123488881929 ",
    "amount": "154897797000000",
    "transactionBalance": "debit"
  },
  {
    "id": 5,
    "date": "24 Jun 2021",
    "description": "Vendor Fee Payment Transaction Periode May- June 2021 from PT Toyota Motor Manufacturing Indonesia Citibank with reference number #12301923919413",
    "amount": "154897797000",
    "transactionBalance": "credit"
  },
  {
    "id": 6,
    "date": "24 Jun 2021",
    "description": "Transfer dari Rekening Alfred Toding Bank Mandiri ATM Prima (BANK PERMATA TBK) 18:33:24. Transaksi kedua di bulan Januari 2021 Bank Mandiri  with reference number #12301923919413",
    "amount": "15489770000",
    "transactionBalance": "debit"
  },
  {
    "id": 7,
    "date": "24 Jun 2021",
    "description": "Transfer dari Rekening Diana Toding Bank CIMB Niaga ATM Prima (BANK PERMATA TBK) 18:33:24. Transaksi kedua di bulan Januari 2021 Bank Mandiri  with reference number #12301923919413",
    "amount": "15539770000",
    "transactionBalance": "credit"
  },
  {
    "id": 8,
    "date": "24 Jun 2021",
    "description": "Transfer dari Rekening Alfred Toding Bank Mandiri ATM Prima (BANK PERMATA TBK) 18:33:24. Transaksi kedua di bulan Januari 2021 Bank Mandiri  with reference number #12301923919413",
    "amount": "15487170000",
    "transactionBalance": "credit"
  },
  {
    "id": 9,
    "date": "24 Jun 2021",
    "description": "Transfer dari Rekening Diana Toding Bank CIMB Niaga ATM Prima (BANK PERMATA TBK) 18:33:24. Transaksi kedua di bulan Januari 2021 Bank Mandiri  with reference number #12301923919413",
    "amount": "1548908000",
    "transactionBalance": "debit"
  },
  {
    "id": 10,
    "date": "24 Jun 2021",
    "description": "Vendor Fee Payment Transaction Periode May- June 2021 from PT Toyota Motor Manufacturing Indonesia Citibank with reference number #12301923919413",
    "amount": "1548257600",
    "transactionBalance": "debit"
  }
]
