[
  {
    "id": 1,
    "status": false,
    "linkTo": "",
    "label": "TotalAmount",
    "description": "IDR 225,000,000.00",
    "amount": ""
  },
  {
    "id": 2,
    "status": false,
    "linkTo": "",
    "label": "TotalFee",
    "description": "IDR 24,000.00",
    "amount": ""
  },
  {
    "id": 3,
    "status": false,
    "linkTo": "",
    "label": "TotalDebitAmount",
    "description": "IDR 225,024,000.00",
    "amount": ""
  },
  {
    "id": 5,
    "status": false,
    "linkTo": "",
    "label": "Record",
    "description": "4",
    "amount": ""
  },
  {
    "id": 6,
    "status": false,
    "linkTo": "",
    "label": "DebitMethod",
    "description": "Multi Debit",
    "amount": ""
  },
  {
    "id": 7,
    "status": false,
    "linkTo": "",
    "label": "ApprovalMethod",
    "description": "Per File",
    "amount": ""
  },
  {
    "id": 8,
    "status": false,
    "linkTo": "",
    "label": "TransactionDate",
    "description": "24 Jun 2021",
    "amount": ""
  },
  {
    "id": 9,
    "status": false,
    "linkTo": "",
    "label": "BatchNo",
    "description": "1234-1234-1234-1234",
    "amount": ""
  }
]
