{
  "stepList": [
    {
      "variant": "inactive",
      "number": 1,
      "textInfo": "FromAccount",
      "confAnchorId": "ConfirmationfromAccount",
      "activated": false
    },
    {
      "variant": "inactive",
      "number": 2,
      "textInfo": "BeneficiaryDetails",
      "confAnchorId": "ConfirmationpayeeDetails",
      "activated": false
    },
    {
      "variant": "inactive",
      "number": 3,
      "textInfo": "TransactionDetails",
      "confAnchorId": "ConfirmationtransactionDetails",
      "activated": false
    },
    {
      "variant": "inactive",
      "number": 4,
      "textInfo": "AdditionalDetail",
      "confAnchorId": "ConfirmationadditionalDetails",
      "activated": false
    },
    {
      "variant": "inactive",
      "number": 5,
      "textInfo": "Recurring",
      "confAnchorId": "Confirmationrecurring",
      "activated": false
    }
  ]
}
