[
  {
    "id": "1",
    "transactionDate": 1624122000000,
    "transactionType": "LLG",
    "fromName": "Branch Regional",
    "fromBank": "",
    "fromNumber": "0080-1439-5901",
    "destinationName": "ABC Regional",
    "destinationBank": "Bank Central Asia",
    "destinationNumber": "9911-2132-11",
    "currency": "IDR",
    "multipleCurrency": false,
    "currencyList": [],
    "amount": "200000000",
    "availableBalance": "1200000000",
    "tat": "Pass",
    "status": "Pending Approval",
    "closeCutOffTime": false,
    "to": ""
  },
  {
    "id": "2",
    "transactionDate": 1624467600000,
    "transactionType": "LLG",
    "fromName": "PT Toyota Motor Manufacturing Indonesia",
    "fromBank": "",
    "fromNumber": "0080-1439-5901",
    "destinationName": "PT. Toyota Astra International",
    "destinationBank": "Bank OCBC NISP",
    "destinationNumber": "9911-2132-11",
    "currency": "IDR",
    "multipleCurrency": false,
    "currencyList": [],
    "amount": "400000000",
    "availableBalance": "473000000",
    "tat": "Pass",
    "status": "Pending Approval",
    "closeCutOffTime": false,
    "to": ""
  },
  {
    "id": "3",
    "transactionDate": 1624467600100,
    "transactionType": "RTGS",
    "fromName": "Branch Regional",
    "fromBank": "",
    "fromNumber": "0080-1439-5901",
    "destinationName": "ABC Regional",
    "destinationBank": "PermataBank",
    "destinationNumber": "9911-2132-11",
    "currency": "IDR",
    "multipleCurrency": false,
    "currencyList": [],
    "amount": "850000000",
    "availableBalance": "2452000000",
    "tat": "Pass",
    "status": "Pending Release",
    "closeCutOffTime": false,
    "to": ""
  }
]
