[
  {
    "id": 1,
    "value": 1,
    "icon": "",
    "text": "Pending Release"
  },
  {
    "id": 2,
    "value": 2,
    "icon": "",
    "text": "Pending Approval"
  },
  {
    "id": 3,
    "value": 3,
    "icon": "",
    "text": "Pending by Bank"
  },
  {
    "id": 4,
    "value": 4,
    "icon": "",
    "text": "Ready for Pick-Up"
  },
  {
    "id": 0,
    "value": 0,
    "icon": "",
    "text": "No Data Simulation",
    "note": "value key 'text'nya jangan diganti, dipake buat if-else simulasi filter no data"
  }
]
