[
  {
    "id": "1",
    "documentNo": "0022 INVOICE",
    "beneficiaryName": "Test Channel Mng Peb Dan H2H",
    "purposeOfTransaction": "Transaksi Jasa Lainnya",
    "supportingDocumentCode": "20",
    "remainingTransferLimit": "200,000.00",
    "underlyingLimit": "200,000.00",
    "expireDate": "31 Dec 2021",
    "isChecked": false,
    "disabled": false
  },
  {
    "id": "2",
    "documentNo": "0024 INVOICE",
    "beneficiaryName": "Test Channel Mng Peb Dan H2H",
    "purposeOfTransaction": "Transaksi Jasa Lainnya",
    "supportingDocumentCode": "20",
    "remainingTransferLimit": "200,000.00",
    "underlyingLimit": "200,000.00",
    "expireDate": "31 Dec 2021",
    "isChecked": false,
    "disabled": false
  },
  {
    "id": "3",
    "documentNo": "0025 INVOICE",
    "beneficiaryName": "Oen Christin",
    "purposeOfTransaction": "Jasa Informasi",
    "supportingDocumentCode": "20",
    "remainingTransferLimit": "250,000.00",
    "underlyingLimit": "250,000.00",
    "expireDate": "31 Dec 2021",
    "isChecked": false,
    "disabled": false
  },
  {
    "id": "4",
    "documentNo": "0026 INVOICE",
    "beneficiaryName": "Felliyani",
    "purposeOfTransaction": "Transaksi Modal/Keuangan Lainnya",
    "supportingDocumentCode": "20",
    "remainingTransferLimit": "1,000.00",
    "underlyingLimit": "5,000.00",
    "expireDate": "03 May 2022",
    "isChecked": false,
    "disabled": false
  },
  {
    "id": "5",
    "documentNo": "0027 INVOICE",
    "beneficiaryName": "Test Channel Mng Peb Dan H2H",
    "purposeOfTransaction": "Transaksi Modal/Keuangan Lainnya",
    "supportingDocumentCode": "20",
    "remainingTransferLimit": "5,000.00",
    "underlyingLimit": "1,000.00",
    "expireDate": "03 May 2022",
    "isChecked": false,
    "disabled": false
  },
  {
    "id": "6",
    "documentNo": "SP USD 25,000",
    "beneficiaryName": "-",
    "purposeOfTransaction": "-",
    "supportingDocumentCode": "10",
    "remainingTransferLimit": "0.00",
    "underlyingLimit": "25,000.00",
    "expireDate": "31 Dec 2021",
    "isChecked": false,
    "disabled": false
  },
  {
    "id": "7",
    "documentNo": "SP USD 30,000",
    "beneficiaryName": "-",
    "purposeOfTransaction": "-",
    "supportingDocumentCode": "10",
    "remainingTransferLimit": "0.00",
    "underlyingLimit": "30,000.00",
    "expireDate": "31 Dec 2021",
    "isChecked": false,
    "disabled": false
  },
  {
    "id": "8",
    "documentNo": "SP USD 50,000",
    "beneficiaryName": "-",
    "purposeOfTransaction": "-",
    "supportingDocumentCode": "10",
    "remainingTransferLimit": "0.00",
    "underlyingLimit": "50,000.00",
    "expireDate": "31 Dec 2021",
    "isChecked": false,
    "disabled": false
  }
]
