[
  {
    "id": "1",
    "uploadDate": 1624526709000,
    "uploadTime": 1624525920000,
    "fileName": "Vendor Payment Oct 2021",
    "uploadStatus": "Failed",
    "page": 1
  },
  {
    "id": "2",
    "uploadDate": 1624526709000,
    "uploadTime": 1624525920000,
    "fileName": "Vendor Payment Sep 2021",
    "uploadStatus": "Success",
    "page": 1
  },
  {
    "id": "3",
    "uploadDate": 1624526709000,
    "uploadTime": 1624525860000,
    "fileName": "Operational Payment PT A",
    "uploadStatus": "Success",
    "page": 1
  },
  {
    "id": "4",
    "uploadDate": 1624526709000,
    "uploadTime": 1624525800000,
    "fileName": "Payment Invoice Aug 2021",
    "uploadStatus": "Success",
    "page": 1
  },
  {
    "id": "5",
    "uploadDate": 1624526709000,
    "uploadTime": 1624525740000,
    "fileName": "Annual Payment PT B",
    "uploadStatus": "Success",
    "page": 1
  }
]