[
  {
    "id": "1",
    "isChecked": false,
    "uploadDate": 1652169411000,
    "paymentType": "Local Currency Transfer",
    "fileName": "Payment Invoice Aug 2021",
    "fileNumber": "4321-1234-1234-1234",
    "record": "4",
    "pass": "4",
    "toRepair": "0",
    "currency": "IDR",
    "multipleCurrency": false,
    "currencyList": [],
    "totalAmount": "225000000",
    "availableBalance": "400000000",
    "validationStatus": "Validating",
    "validationStatusCode": "0",
    "to": "/services/bulk-payment/detail"
  },
  {
    "id": "2",
    "isChecked": false,
    "uploadDate": 1652169411000,
    "paymentType": "Local Currency Transfer",
    "fileName": "Operational Payment PT A",
    "fileNumber": "4321-1234-1234-1234",
    "record": "4",
    "pass": "4",
    "toRepair": "0",
    "currency": "IDR",
    "multipleCurrency": false,
    "currencyList": [],
    "totalAmount": "225000000",
    "availableBalance": "400000000",
    "validationStatus": "Validating",
    "validationStatusCode": "0",
    "to": "/services/bulk-payment/detail"
  },
  {
    "id": "3",
    "isChecked": false,
    "uploadDate": 1652169411000,
    "paymentType": "Vendor Payment Sep 2021",
    "fileName": "Operational PT ABC",
    "fileNumber": "4321-1234-1234-1234",
    "record": "4",
    "pass": "4",
    "toRepair": "0",
    "currency": "IDR",
    "multipleCurrency": false,
    "currencyList": [],
    "totalAmount": "225000000",
    "availableBalance": "400000000",
    "validationStatus": "Validating",
    "validationStatusCode": "0",
    "to": "/services/bulk-payment/detail"
  },
  {
    "id": "4",
    "isChecked": false,
    "uploadDate": 1652169411000,
    "paymentType": "Vendor Payment Sep 2022",
    "fileName": "Vendor Payment Sep 2022",
    "fileNumber": "4321-1234-1234-1234",
    "record": "4",
    "pass": "4",
    "toRepair": "0",
    "currency": "IDR",
    "multipleCurrency": false,
    "currencyList": [],
    "totalAmount": "225000000",
    "availableBalance": "400000000",
    "validationStatus": "Validating",
    "validationStatusCode": "0",
    "to": "/services/bulk-payment/detail"
  },
  {
    "id": "5",
    "isChecked": false,
    "uploadDate": 1652169411000,
    "paymentType": "Local Currency Transfer",
    "fileName": "Operational Payment PT A",
    "fileNumber": "4321-1234-1234-1234",
    "record": "4",
    "pass": "4",
    "toRepair": "0",
    "currency": "IDR",
    "multipleCurrency": false,
    "currencyList": [],
    "totalAmount": "225000000",
    "availableBalance": "400000000",
    "validationStatus": "Validating",
    "validationStatusCode": "0",
    "to": "/services/bulk-payment/detail"
  }
]
