[
  {
    "id": "1",
    "isChecked": false,
    "uploadDate": 1652169411000,
    "paymentType": "Local Currency Transfer",
    "fileName": "Operational PT ABC",
    "fileNumber": "4321-1234-1234-1234",
    "record": "4",
    "pass": "4",
    "toRepair": "0",
    "currency": "IDR",
    "multipleCurrency": false,
    "currencyList": [],
    "totalAmount": "225000000",
    "availableBalance": "400000000",
    "validationStatus": "Ready to proceed",
    "validationStatusCode": "0",
    "to": "/services/bulk-payment/detail"
  },
  {
    "id": "2",
    "isChecked": false,
    "uploadDate": 1652169411000,
    "paymentType": "Local Currency Transfer",
    "fileName": "Operational PT ABC",
    "fileNumber": "4321-1234-1234-1234",
    "record": "4",
    "pass": "4",
    "toRepair": "0",
    "currency": "IDR",
    "multipleCurrency": false,
    "currencyList": [],
    "totalAmount": "225000000",
    "availableBalance": "400000000",
    "validationStatus": "Ready to proceed",
    "validationStatusCode": "0",
    "to": "/services/bulk-payment/detail"
  },
  {
    "id": "3",
    "isChecked": false,
    "uploadDate": 1652169411000,
    "paymentType": "Local Currency Transfer",
    "fileName": "Payment Invoice Aug 2021",
    "fileNumber": "4321-1234-1234-1234",
    "record": "0",
    "pass": "0",
    "toRepair": "3",
    "currency": "IDR",
    "multipleCurrency": false,
    "currencyList": [],
    "totalAmount": "300000000",
    "availableBalance": "400000000",
    "validationStatus": "Need to Repair",
    "validationStatusCode": "1",
    "to": "/services/bulk-payment/detail?error_type=with-error-fully"
  }
]
