[
  {
    "id": "1",
    "isChecked": true,
    "uploadDate": 1652169411000,
    "paymentType": "Local Currency Transfer",
    "fileName": "Payment Invoice Aug 2021",
    "fileNumber": "4321-1234-1234-1234",
    "record": "5",
    "pass": "5",
    "toRepair": "0",
    "currency": "IDR",
    "multipleCurrency": false,
    "currencyList": [],
    "totalAmount": "300000000",
    "availableBalance": "400000000",
    "validationStatus": "Ready to proceed",
    "validationStatusCode": "0",
    "to": "/services/bulk-payment/detail"
  }
]
